#ifdef __has_include
#if __has_include("lvgl.h")
#ifndef LV_LVGL_H_INCLUDE_SIMPLE
#define LV_LVGL_H_INCLUDE_SIMPLE
#endif
#endif
#endif

#if defined(LV_LVGL_H_INCLUDE_SIMPLE)
#include "lvgl.h"
#else
#include "lvgl/lvgl.h"
#endif

#ifndef LV_ATTRIBUTE_MEM_ALIGN
#define LV_ATTRIBUTE_MEM_ALIGN
#endif

#ifndef LV_ATTRIBUTE_IMAGE_WEATHER
#define LV_ATTRIBUTE_IMAGE_WEATHER
#endif

const LV_ATTRIBUTE_MEM_ALIGN LV_ATTRIBUTE_LARGE_CONST LV_ATTRIBUTE_IMAGE_WEATHER
    uint8_t weather_app_icon_112_112_map[] = {
        0x3e, 0x23, 0x3e, 0x23, 0x3e, 0x23, 0x3e, 0x23, 0x3e, 0x23, 0x3e, 0x23,
        0x3e, 0x23, 0x3e, 0x23, 0x3e, 0x23, 0x3e, 0x23, 0x3e, 0x23, 0x3e, 0x23,
        0x3e, 0x23, 0x3e, 0x23, 0x3e, 0x23, 0x3e, 0x23, 0x3e, 0x23, 0x3e, 0x23,
        0x3e, 0x23, 0x3e, 0x23, 0x3e, 0x23, 0x3e, 0x23, 0x3e, 0x23, 0x3e, 0x23,
        0x3e, 0x23, 0x3e, 0x23, 0x3e, 0x23, 0x3e, 0x23, 0x3e, 0x23, 0x3e, 0x23,
        0x3e, 0x23, 0x3e, 0x23, 0x3e, 0x23, 0x3e, 0x23, 0x3e, 0x23, 0x3e, 0x23,
        0x3e, 0x23, 0x3e, 0x23, 0x3e, 0x23, 0x3e, 0x23, 0x3e, 0x23, 0x3e, 0x23,
        0x3e, 0x23, 0x3e, 0x23, 0x3e, 0x23, 0x3e, 0x23, 0x3e, 0x23, 0x3e, 0x23,
        0x3e, 0x23, 0x3e, 0x23, 0x3e, 0x23, 0x3e, 0x23, 0x3e, 0x23, 0x3e, 0x23,
        0x3e, 0x23, 0x3e, 0x23, 0x3e, 0x23, 0x3e, 0x23, 0x3e, 0x23, 0x3e, 0x23,
        0x3e, 0x23, 0x3e, 0x23, 0x3e, 0x23, 0x3e, 0x23, 0x3e, 0x23, 0x3e, 0x23,
        0x3e, 0x23, 0x3e, 0x23, 0x3e, 0x23, 0x3e, 0x23, 0x3e, 0x23, 0x3e, 0x23,
        0x3e, 0x23, 0x3e, 0x23, 0x3e, 0x23, 0x3e, 0x23, 0x3e, 0x23, 0x3e, 0x23,
        0x3e, 0x23, 0x3e, 0x23, 0x3e, 0x23, 0x3e, 0x23, 0x3e, 0x23, 0x3e, 0x23,
        0x3e, 0x23, 0x3e, 0x23, 0x3e, 0x23, 0x3e, 0x23, 0x3e, 0x23, 0x3e, 0x23,
        0x3e, 0x23, 0x3e, 0x23, 0x3e, 0x23, 0x3e, 0x23, 0x3e, 0x23, 0x3e, 0x23,
        0x3e, 0x23, 0x3e, 0x23, 0x3e, 0x23, 0x3e, 0x23, 0x3e, 0x23, 0x3e, 0x23,
        0x3e, 0x23, 0x3e, 0x23, 0x3e, 0x23, 0x3e, 0x23, 0x3e, 0x23, 0x3e, 0x23,
        0x3e, 0x23, 0x3e, 0x23, 0x3e, 0x23, 0x3e, 0x23, 0x3e, 0x23, 0x3e, 0x23,
        0x3e, 0x23, 0x3e, 0x23, 0x3e, 0x23, 0x3e, 0x23, 0x3e, 0x23, 0x3e, 0x23,
        0x3e, 0x23, 0x3e, 0x23, 0x3e, 0x23, 0x3e, 0x23, 0x3e, 0x23, 0x3e, 0x23,
        0x3e, 0x23, 0x3e, 0x23, 0x3e, 0x23, 0x3e, 0x23, 0x3e, 0x23, 0x3e, 0x23,
        0x3e, 0x23, 0x3e, 0x23, 0x3e, 0x23, 0x3e, 0x23, 0x3e, 0x23, 0x3e, 0x23,
        0x3e, 0x23, 0x3e, 0x23, 0x3e, 0x23, 0x3e, 0x23, 0x3e, 0x23, 0x3e, 0x23,
        0x3e, 0x23, 0x3e, 0x23, 0x3e, 0x23, 0x3e, 0x23, 0x3e, 0x23, 0x3e, 0x23,
        0x3e, 0x23, 0x3e, 0x23, 0x3e, 0x23, 0x3e, 0x23, 0x3e, 0x23, 0x3e, 0x23,
        0x3e, 0x23, 0x3e, 0x23, 0x3e, 0x23, 0x3e, 0x23, 0x3e, 0x23, 0x3e, 0x23,
        0x3e, 0x23, 0x3e, 0x23, 0x3e, 0x23, 0x3e, 0x23, 0x3e, 0x23, 0x3e, 0x23,
        0x3e, 0x23, 0x3e, 0x23, 0x3e, 0x23, 0x3e, 0x23, 0x3e, 0x23, 0x3e, 0x23,
        0x3e, 0x23, 0x3e, 0x23, 0x3e, 0x23, 0x3e, 0x23, 0x3e, 0x23, 0x3e, 0x23,
        0x3e, 0x23, 0x3e, 0x23, 0x3e, 0x23, 0x3e, 0x23, 0x3e, 0x23, 0x3e, 0x23,
        0x3e, 0x23, 0x3e, 0x23, 0x3e, 0x23, 0x3e, 0x23, 0x3e, 0x23, 0x3e, 0x23,
        0x3e, 0x23, 0x3e, 0x23, 0x3e, 0x23, 0x3e, 0x23, 0x3e, 0x23, 0x3e, 0x23,
        0x3e, 0x23, 0x3e, 0x23, 0x3e, 0x23, 0x3e, 0x23, 0x3e, 0x23, 0x3e, 0x23,
        0x3e, 0x23, 0x3e, 0x23, 0x3e, 0x23, 0x3e, 0x23, 0x3e, 0x23, 0x3e, 0x23,
        0x3e, 0x23, 0x3e, 0x23, 0x3e, 0x23, 0x3e, 0x23, 0x3e, 0x23, 0x3e, 0x23,
        0x3e, 0x23, 0x3e, 0x23, 0x3e, 0x23, 0x3e, 0x23, 0x3e, 0x23, 0x3e, 0x23,
        0x3e, 0x23, 0x3e, 0x23, 0x3e, 0x23, 0x3e, 0x23, 0x3e, 0x23, 0x3e, 0x23,
        0x3e, 0x23, 0x3e, 0x23, 0x3e, 0x23, 0x3e, 0x23, 0x3e, 0x23, 0x3e, 0x23,
        0x3e, 0x23, 0x3e, 0x23, 0x3e, 0x23, 0x3e, 0x23, 0x3e, 0x23, 0x3e, 0x23,
        0x3e, 0x23, 0x3e, 0x23, 0x3e, 0x23, 0x3e, 0x23, 0x3e, 0x23, 0x3e, 0x23,
        0x3e, 0x23, 0x3e, 0x23, 0x3e, 0x23, 0x3e, 0x23, 0x3e, 0x23, 0x3e, 0x23,
        0x3e, 0x23, 0x3e, 0x23, 0x3e, 0x23, 0x3e, 0x23, 0x3e, 0x23, 0x3e, 0x23,
        0x3e, 0x23, 0x3e, 0x23, 0x3e, 0x23, 0x3e, 0x23, 0x3e, 0x23, 0x3e, 0x23,
        0x3e, 0x23, 0x3e, 0x23, 0x3e, 0x23, 0x3e, 0x23, 0x3e, 0x23, 0x3e, 0x23,
        0x3e, 0x23, 0x3e, 0x23, 0x3e, 0x23, 0x3e, 0x23, 0x3e, 0x23, 0x3e, 0x23,
        0x3e, 0x23, 0x3e, 0x23, 0x3e, 0x23, 0x3e, 0x23, 0x3e, 0x23, 0x3e, 0x23,
        0x3e, 0x23, 0x3e, 0x23, 0x3e, 0x23, 0x3e, 0x23, 0x3e, 0x23, 0x3e, 0x23,
        0x3e, 0x23, 0x3e, 0x23, 0x3e, 0x23, 0x3e, 0x23, 0x3e, 0x23, 0x3e, 0x23,
        0x3e, 0x23, 0x3e, 0x23, 0x3e, 0x23, 0x3e, 0x23, 0x3e, 0x23, 0x3e, 0x23,
        0x3e, 0x23, 0x3e, 0x23, 0x3e, 0x23, 0x3e, 0x23, 0x3e, 0x23, 0x3e, 0x23,
        0x3e, 0x23, 0x3e, 0x23, 0x3e, 0x23, 0x3e, 0x23, 0x3e, 0x23, 0x3e, 0x23,
        0x3e, 0x23, 0x3e, 0x23, 0x3e, 0x23, 0x3e, 0x23, 0x3e, 0x23, 0x3e, 0x23,
        0x3e, 0x23, 0x3e, 0x23, 0x3e, 0x23, 0x3e, 0x23, 0x3e, 0x23, 0x3e, 0x23,
        0x3e, 0x23, 0x3e, 0x23, 0x3e, 0x23, 0x3e, 0x23, 0x3e, 0x23, 0x3e, 0x23,
        0x3e, 0x23, 0x3e, 0x23, 0x3e, 0x23, 0x3e, 0x23, 0x3e, 0x23, 0x3e, 0x23,
        0x3e, 0x23, 0x3e, 0x23, 0x3e, 0x23, 0x3e, 0x23, 0x3e, 0x23, 0x3e, 0x23,
        0x3e, 0x23, 0x3e, 0x23, 0x3e, 0x23, 0x3e, 0x23, 0x3e, 0x23, 0x3e, 0x23,
        0x3e, 0x23, 0x3e, 0x23, 0x3e, 0x23, 0x3e, 0x23, 0x3e, 0x23, 0x3e, 0x23,
        0x3e, 0x23, 0x3e, 0x23, 0x3e, 0x23, 0x3e, 0x23, 0x3e, 0x23, 0x3e, 0x23,
        0x3e, 0x23, 0x3e, 0x23, 0x3e, 0x23, 0x3e, 0x23, 0x3e, 0x23, 0x3e, 0x23,
        0x3e, 0x23, 0x3e, 0x23, 0x3e, 0x23, 0x3e, 0x23, 0x3e, 0x23, 0x3e, 0x23,
        0x3e, 0x23, 0x3e, 0x23, 0x3e, 0x23, 0x3e, 0x23, 0x3e, 0x23, 0x3e, 0x23,
        0x3e, 0x23, 0x3e, 0x23, 0x3e, 0x23, 0x3e, 0x23, 0x3e, 0x23, 0x3e, 0x23,
        0x3e, 0x23, 0x3e, 0x23, 0x3e, 0x23, 0x3e, 0x23, 0x3e, 0x23, 0x3e, 0x23,
        0x3e, 0x23, 0x3e, 0x23, 0x3e, 0x23, 0x3e, 0x23, 0x3e, 0x23, 0x3e, 0x23,
        0x3e, 0x23, 0x3e, 0x23, 0x3e, 0x23, 0x3e, 0x23, 0x3e, 0x23, 0x3e, 0x23,
        0x3e, 0x23, 0x3e, 0x23, 0x3e, 0x23, 0x3e, 0x23, 0x3e, 0x23, 0x3e, 0x23,
        0x3e, 0x23, 0x3e, 0x23, 0x3e, 0x23, 0x3e, 0x23, 0x3e, 0x23, 0x3e, 0x23,
        0x3e, 0x23, 0x3e, 0x23, 0x3e, 0x23, 0x3e, 0x23, 0x3e, 0x23, 0x3e, 0x23,
        0x3e, 0x23, 0x3e, 0x23, 0x3e, 0x23, 0x3e, 0x23, 0x3e, 0x23, 0x3e, 0x23,
        0x3e, 0x23, 0x3e, 0x23, 0x3e, 0x23, 0x3e, 0x23, 0x3e, 0x23, 0x3e, 0x23,
        0x3e, 0x23, 0x3e, 0x23, 0x3e, 0x23, 0x3e, 0x23, 0x3e, 0x23, 0x3e, 0x23,
        0x3e, 0x23, 0x3e, 0x23, 0x3e, 0x23, 0x3e, 0x23, 0x3e, 0x23, 0x3e, 0x23,
        0x3e, 0x23, 0x3e, 0x23, 0x3e, 0x23, 0x3e, 0x23, 0x3e, 0x23, 0x3e, 0x23,
        0x3e, 0x23, 0x3e, 0x23, 0x3e, 0x23, 0x3e, 0x23, 0x3e, 0x23, 0x3e, 0x23,
        0x3e, 0x23, 0x3e, 0x23, 0x3e, 0x23, 0x3e, 0x23, 0x3e, 0x23, 0x3e, 0x23,
        0x3e, 0x23, 0x3e, 0x23, 0x3e, 0x23, 0x3e, 0x23, 0x3e, 0x23, 0x3e, 0x23,
        0x3e, 0x23, 0x3e, 0x23, 0x3e, 0x23, 0x3e, 0x23, 0x3e, 0x23, 0x3e, 0x23,
        0x3e, 0x23, 0x3e, 0x23, 0x3e, 0x23, 0x3e, 0x23, 0x3e, 0x23, 0x3e, 0x23,
        0x3e, 0x23, 0x3e, 0x23, 0x3e, 0x23, 0x3e, 0x23, 0x3e, 0x23, 0x3e, 0x23,
        0x3e, 0x23, 0x3e, 0x23, 0x3e, 0x23, 0x3e, 0x23, 0x3e, 0x23, 0x3e, 0x23,
        0x3e, 0x23, 0x3e, 0x23, 0x3e, 0x23, 0x3e, 0x23, 0x3e, 0x23, 0x3e, 0x23,
        0x3e, 0x23, 0x3e, 0x23, 0x3e, 0x23, 0x3e, 0x23, 0x3e, 0x23, 0x3e, 0x23,
        0x3e, 0x23, 0x3e, 0x23, 0x3e, 0x23, 0x3e, 0x23, 0x3e, 0x23, 0x3e, 0x23,
        0x3e, 0x23, 0x3e, 0x23, 0x3e, 0x23, 0x3e, 0x23, 0x3e, 0x23, 0x3e, 0x23,
        0x3e, 0x23, 0x3e, 0x23, 0x3e, 0x23, 0x3e, 0x23, 0x3e, 0x23, 0x3e, 0x23,
        0x3e, 0x23, 0x3e, 0x23, 0x3e, 0x23, 0x3e, 0x23, 0x3e, 0x23, 0x3e, 0x23,
        0x3e, 0x23, 0x3e, 0x23, 0x3e, 0x23, 0x3e, 0x23, 0x3e, 0x23, 0x3e, 0x23,
        0x3e, 0x23, 0x3e, 0x23, 0x3e, 0x23, 0x3e, 0x23, 0x3e, 0x23, 0x3e, 0x23,
        0x3e, 0x23, 0x3e, 0x23, 0x3e, 0x23, 0x3e, 0x23, 0x3e, 0x23, 0x3e, 0x23,
        0x3e, 0x23, 0x3e, 0x23, 0x3e, 0x23, 0x3e, 0x23, 0x3e, 0x23, 0x3e, 0x23,
        0x3e, 0x23, 0x3e, 0x23, 0x3e, 0x23, 0x3e, 0x23, 0x3e, 0x23, 0x3e, 0x23,
        0x3e, 0x23, 0x3e, 0x23, 0x5e, 0x23, 0x5e, 0x23, 0x5e, 0x23, 0x5e, 0x23,
        0x5e, 0x23, 0x5e, 0x23, 0x5e, 0x23, 0x5e, 0x23, 0x5e, 0x23, 0x5e, 0x23,
        0x5e, 0x23, 0x5e, 0x23, 0x5e, 0x23, 0x5e, 0x23, 0x5e, 0x23, 0x5e, 0x23,
        0x5e, 0x23, 0x5e, 0x23, 0x5e, 0x23, 0x5e, 0x23, 0x5e, 0x23, 0x5e, 0x23,
        0x5e, 0x23, 0x5e, 0x23, 0x5e, 0x23, 0x5e, 0x23, 0x5e, 0x23, 0x5e, 0x23,
        0x5e, 0x23, 0x5e, 0x23, 0x5e, 0x23, 0x5e, 0x23, 0x5e, 0x23, 0x5e, 0x23,
        0x5e, 0x23, 0x5e, 0x23, 0x5e, 0x23, 0x5e, 0x23, 0x5e, 0x23, 0x5e, 0x23,
        0x5e, 0x23, 0x5e, 0x23, 0x5e, 0x23, 0x5e, 0x23, 0x5e, 0x23, 0x5e, 0x23,
        0x5e, 0x23, 0x5e, 0x23, 0x5e, 0x23, 0x5e, 0x23, 0x5e, 0x23, 0x5e, 0x23,
        0x5e, 0x23, 0x5e, 0x23, 0x5e, 0x23, 0x5e, 0x23, 0x5e, 0x23, 0x5e, 0x23,
        0x5e, 0x23, 0x5e, 0x23, 0x5e, 0x23, 0x5e, 0x23, 0x5e, 0x23, 0x5e, 0x23,
        0x5e, 0x23, 0x5e, 0x23, 0x5e, 0x23, 0x5e, 0x23, 0x5e, 0x23, 0x5e, 0x23,
        0x5e, 0x23, 0x5e, 0x23, 0x5e, 0x23, 0x5e, 0x23, 0x5e, 0x23, 0x5e, 0x23,
        0x5e, 0x23, 0x5e, 0x23, 0x5e, 0x23, 0x5e, 0x23, 0x5e, 0x23, 0x5e, 0x23,
        0x5e, 0x23, 0x5e, 0x23, 0x5e, 0x23, 0x5e, 0x23, 0x5e, 0x23, 0x5e, 0x23,
        0x5e, 0x23, 0x5e, 0x23, 0x5e, 0x23, 0x5e, 0x23, 0x5e, 0x23, 0x5e, 0x23,
        0x5e, 0x23, 0x5e, 0x23, 0x5e, 0x23, 0x5e, 0x23, 0x5e, 0x23, 0x5e, 0x23,
        0x5e, 0x23, 0x5e, 0x23, 0x5e, 0x23, 0x5e, 0x23, 0x5e, 0x23, 0x5e, 0x23,
        0x5e, 0x23, 0x5e, 0x23, 0x5e, 0x23, 0x5e, 0x23, 0x5e, 0x23, 0x5e, 0x23,
        0x5e, 0x23, 0x5e, 0x23, 0x5e, 0x23, 0x5e, 0x23, 0x5e, 0x23, 0x5e, 0x23,
        0x5e, 0x23, 0x5e, 0x23, 0x5e, 0x23, 0x5e, 0x23, 0x5e, 0x23, 0x5e, 0x23,
        0x5e, 0x23, 0x5e, 0x23, 0x5e, 0x23, 0x5e, 0x23, 0x5e, 0x23, 0x5e, 0x23,
        0x5e, 0x23, 0x5e, 0x23, 0x5e, 0x23, 0x5e, 0x23, 0x5e, 0x23, 0x5e, 0x23,
        0x5e, 0x23, 0x5e, 0x23, 0x5e, 0x23, 0x5e, 0x23, 0x5e, 0x23, 0x5e, 0x23,
        0x5e, 0x23, 0x5e, 0x23, 0x5e, 0x23, 0x5e, 0x23, 0x5e, 0x23, 0x5e, 0x23,
        0x5e, 0x23, 0x5e, 0x23, 0x5e, 0x23, 0x5e, 0x23, 0x5e, 0x23, 0x5e, 0x23,
        0x5e, 0x23, 0x5e, 0x23, 0x5e, 0x23, 0x5e, 0x23, 0x5e, 0x23, 0x5e, 0x23,
        0x5e, 0x23, 0x5e, 0x23, 0x5e, 0x23, 0x5e, 0x23, 0x5e, 0x23, 0x5e, 0x23,
        0x5e, 0x23, 0x5e, 0x23, 0x5e, 0x23, 0x5e, 0x23, 0x5e, 0x23, 0x5e, 0x23,
        0x5e, 0x23, 0x5e, 0x23, 0x5e, 0x23, 0x5e, 0x23, 0x5e, 0x23, 0x5e, 0x23,
        0x5e, 0x23, 0x5e, 0x23, 0x5e, 0x23, 0x5e, 0x23, 0x5e, 0x23, 0x5e, 0x23,
        0x5e, 0x23, 0x5e, 0x23, 0x5e, 0x23, 0x5e, 0x23, 0x5e, 0x23, 0x5e, 0x23,
        0x5e, 0x23, 0x5e, 0x23, 0x5e, 0x23, 0x5e, 0x23, 0x5e, 0x23, 0x5e, 0x23,
        0x5e, 0x23, 0x5e, 0x23, 0x5e, 0x23, 0x5e, 0x23, 0x5e, 0x23, 0x5e, 0x23,
        0x5e, 0x23, 0x5e, 0x23, 0x5e, 0x23, 0x5e, 0x23, 0x5e, 0x23, 0x5e, 0x23,
        0x5e, 0x23, 0x5e, 0x23, 0x5e, 0x23, 0x5e, 0x23, 0x5e, 0x23, 0x5e, 0x23,
        0x5e, 0x23, 0x5e, 0x23, 0x5e, 0x23, 0x5e, 0x23, 0x5e, 0x23, 0x5e, 0x23,
        0x5e, 0x23, 0x5e, 0x23, 0x5e, 0x23, 0x5e, 0x23, 0x5e, 0x23, 0x5e, 0x23,
        0x5e, 0x23, 0x5e, 0x23, 0x5e, 0x23, 0x5e, 0x23, 0x5e, 0x23, 0x5e, 0x23,
        0x5e, 0x23, 0x5e, 0x23, 0x5e, 0x23, 0x5e, 0x23, 0x5e, 0x23, 0x5e, 0x23,
        0x5e, 0x23, 0x5e, 0x23, 0x5e, 0x23, 0x5e, 0x23, 0x5e, 0x23, 0x5e, 0x23,
        0x5e, 0x23, 0x5e, 0x23, 0x5e, 0x23, 0x5e, 0x23, 0x5e, 0x23, 0x5e, 0x23,
        0x5e, 0x23, 0x5e, 0x23, 0x5e, 0x23, 0x5e, 0x23, 0x5e, 0x23, 0x5e, 0x23,
        0x5e, 0x23, 0x5e, 0x23, 0x5e, 0x23, 0x5e, 0x23, 0x5e, 0x23, 0x5e, 0x23,
        0x5e, 0x23, 0x5e, 0x23, 0x5e, 0x23, 0x5e, 0x23, 0x5e, 0x23, 0x5e, 0x23,
        0x5e, 0x23, 0x5e, 0x23, 0x5e, 0x23, 0x5e, 0x23, 0x5e, 0x23, 0x5e, 0x23,
        0x5e, 0x23, 0x5e, 0x23, 0x5e, 0x23, 0x5e, 0x23, 0x5e, 0x23, 0x5e, 0x23,
        0x5e, 0x23, 0x5e, 0x23, 0x5e, 0x23, 0x5e, 0x23, 0x5e, 0x23, 0x5e, 0x23,
        0x5e, 0x23, 0x5e, 0x23, 0x5e, 0x23, 0x5e, 0x23, 0x5e, 0x23, 0x5e, 0x23,
        0x5e, 0x23, 0x5e, 0x23, 0x5e, 0x23, 0x5e, 0x23, 0x5e, 0x23, 0x5e, 0x23,
        0x5e, 0x23, 0x5e, 0x23, 0x5e, 0x23, 0x5e, 0x23, 0x5e, 0x23, 0x5e, 0x23,
        0x5e, 0x23, 0x5e, 0x23, 0x5e, 0x23, 0x5e, 0x23, 0x5e, 0x23, 0x5e, 0x23,
        0x5e, 0x23, 0x5e, 0x23, 0x5e, 0x23, 0x5e, 0x23, 0x5e, 0x23, 0x5e, 0x23,
        0x5e, 0x23, 0x5e, 0x23, 0x5e, 0x23, 0x5e, 0x23, 0x5e, 0x23, 0x5e, 0x23,
        0x5e, 0x23, 0x5e, 0x23, 0x5e, 0x23, 0x5e, 0x23, 0x5e, 0x23, 0x5e, 0x23,
        0x5e, 0x23, 0x5e, 0x23, 0x5e, 0x23, 0x5e, 0x23, 0x5e, 0x23, 0x5e, 0x23,
        0x5e, 0x23, 0x5e, 0x23, 0x5e, 0x23, 0x5e, 0x23, 0x5e, 0x23, 0x5e, 0x23,
        0x5e, 0x23, 0x5e, 0x23, 0x5e, 0x23, 0x5e, 0x23, 0x5e, 0x23, 0x5e, 0x23,
        0x5e, 0x23, 0x5e, 0x23, 0x5e, 0x23, 0x5e, 0x23, 0x5e, 0x23, 0x5e, 0x23,
        0x5e, 0x23, 0x5e, 0x23, 0x5e, 0x23, 0x5e, 0x23, 0x5e, 0x23, 0x5e, 0x23,
        0x5e, 0x23, 0x5e, 0x23, 0x5e, 0x23, 0x5e, 0x23, 0x5e, 0x23, 0x5e, 0x23,
        0x5e, 0x23, 0x5e, 0x23, 0x5e, 0x23, 0x5e, 0x23, 0x5e, 0x23, 0x5e, 0x23,
        0x5e, 0x23, 0x5e, 0x23, 0x5e, 0x23, 0x5e, 0x23, 0x5e, 0x23, 0x5e, 0x23,
        0x5e, 0x23, 0x5e, 0x23, 0x5e, 0x23, 0x5e, 0x23, 0x5e, 0x23, 0x5e, 0x23,
        0x5e, 0x23, 0x5e, 0x23, 0x5e, 0x23, 0x5e, 0x23, 0x5e, 0x23, 0x5e, 0x23,
        0x5e, 0x23, 0x5e, 0x23, 0x5e, 0x23, 0x5e, 0x23, 0x5e, 0x23, 0x5e, 0x23,
        0x5e, 0x23, 0x5e, 0x23, 0x5e, 0x23, 0x5e, 0x23, 0x5e, 0x23, 0x5e, 0x23,
        0x5e, 0x23, 0x5e, 0x23, 0x5e, 0x23, 0x5e, 0x23, 0x5e, 0x23, 0x5e, 0x23,
        0x5e, 0x23, 0x5e, 0x23, 0x5e, 0x23, 0x5e, 0x23, 0x5e, 0x23, 0x5e, 0x23,
        0x5e, 0x23, 0x5e, 0x23, 0x5e, 0x23, 0x5e, 0x23, 0x5e, 0x23, 0x5e, 0x23,
        0x5e, 0x23, 0x5e, 0x23, 0x5e, 0x23, 0x5e, 0x23, 0x5e, 0x23, 0x5e, 0x23,
        0x5e, 0x23, 0x5e, 0x23, 0x5e, 0x23, 0x5e, 0x23, 0x5e, 0x23, 0x5e, 0x23,
        0x5e, 0x23, 0x5e, 0x23, 0x5e, 0x23, 0x5e, 0x23, 0x5e, 0x23, 0x5e, 0x23,
        0x5e, 0x23, 0x5e, 0x23, 0x5e, 0x23, 0x5e, 0x23, 0x5e, 0x23, 0x5e, 0x23,
        0x5e, 0x23, 0x5e, 0x23, 0x5e, 0x23, 0x5e, 0x23, 0x5e, 0x23, 0x5e, 0x23,
        0x5e, 0x23, 0x5e, 0x23, 0x5e, 0x23, 0x5e, 0x23, 0x5e, 0x23, 0x5e, 0x23,
        0x5e, 0x23, 0x5e, 0x23, 0x5e, 0x23, 0x5e, 0x23, 0x5e, 0x23, 0x5e, 0x23,
        0x5e, 0x23, 0x5e, 0x23, 0x5e, 0x23, 0x5e, 0x23, 0x5e, 0x23, 0x5e, 0x23,
        0x5e, 0x23, 0x5e, 0x23, 0x5e, 0x23, 0x5e, 0x23, 0x5e, 0x23, 0x5e, 0x23,
        0x5e, 0x23, 0x5e, 0x23, 0x5e, 0x23, 0x5e, 0x23, 0x5e, 0x23, 0x5e, 0x23,
        0x5e, 0x23, 0x5e, 0x23, 0x5e, 0x23, 0x5e, 0x23, 0x5e, 0x23, 0x5e, 0x23,
        0x5e, 0x23, 0x5e, 0x23, 0x5e, 0x23, 0x5e, 0x23, 0x5e, 0x23, 0x5e, 0x23,
        0x5e, 0x23, 0x5e, 0x23, 0x5e, 0x23, 0x5e, 0x23, 0x5e, 0x23, 0x5e, 0x23,
        0x5e, 0x23, 0x5e, 0x23, 0x5e, 0x23, 0x5e, 0x23, 0x5e, 0x23, 0x5e, 0x23,
        0x5e, 0x23, 0x5e, 0x23, 0x5e, 0x23, 0x5e, 0x23, 0x5e, 0x23, 0x5e, 0x23,
        0x5e, 0x23, 0x5e, 0x23, 0x5e, 0x23, 0x5e, 0x23, 0x5e, 0x23, 0x5e, 0x23,
        0x5e, 0x23, 0x5e, 0x23, 0x5e, 0x23, 0x5e, 0x23, 0x5e, 0x23, 0x5e, 0x23,
        0x5e, 0x23, 0x5e, 0x23, 0x5e, 0x23, 0x5e, 0x23, 0x5e, 0x23, 0x5e, 0x23,
        0x5e, 0x23, 0x5e, 0x23, 0x5e, 0x23, 0x5e, 0x23, 0x5e, 0x23, 0x5e, 0x23,
        0x5e, 0x23, 0x5e, 0x23, 0x5e, 0x23, 0x5e, 0x23, 0x5e, 0x23, 0x5e, 0x23,
        0x5e, 0x23, 0x5e, 0x23, 0x5e, 0x23, 0x5e, 0x23, 0x5e, 0x23, 0x5e, 0x23,
        0x5e, 0x23, 0x5e, 0x23, 0x5e, 0x23, 0x5e, 0x23, 0x5e, 0x23, 0x5e, 0x23,
        0x5e, 0x23, 0x5e, 0x23, 0x5e, 0x23, 0x5e, 0x23, 0x5e, 0x23, 0x5e, 0x23,
        0x5e, 0x23, 0x5e, 0x23, 0x5e, 0x23, 0x5e, 0x23, 0x7e, 0x23, 0x7e, 0x23,
        0x7e, 0x23, 0x5e, 0x23, 0x7e, 0x23, 0x7e, 0x23, 0x7e, 0x23, 0x5e, 0x23,
        0x7e, 0x23, 0x7e, 0x23, 0x7e, 0x23, 0x5e, 0x23, 0x5e, 0x23, 0x5e, 0x23,
        0x5e, 0x23, 0x5e, 0x23, 0x5e, 0x23, 0x5e, 0x23, 0x5e, 0x23, 0x5e, 0x23,
        0x7e, 0x23, 0x7e, 0x23, 0x7e, 0x23, 0x5e, 0x23, 0x5e, 0x23, 0x5e, 0x23,
        0x7e, 0x23, 0x5e, 0x23, 0x7e, 0x23, 0x5e, 0x23, 0x5e, 0x23, 0x7e, 0x23,
        0x7e, 0x23, 0x7e, 0x23, 0x7e, 0x23, 0x5e, 0x23, 0x5e, 0x23, 0x5e, 0x23,
        0x5e, 0x23, 0x5e, 0x23, 0x7e, 0x23, 0x5e, 0x23, 0x7e, 0x23, 0x7e, 0x23,
        0x7e, 0x23, 0x7e, 0x23, 0x7e, 0x23, 0x5e, 0x23, 0x7e, 0x23, 0x7e, 0x23,
        0x7e, 0x23, 0x7e, 0x23, 0x5e, 0x23, 0x5e, 0x23, 0x5e, 0x23, 0x5e, 0x23,
        0x5e, 0x23, 0x5e, 0x23, 0x5e, 0x23, 0x5e, 0x23, 0x5e, 0x23, 0x5e, 0x23,
        0x7e, 0x23, 0x7e, 0x23, 0x7e, 0x23, 0x7e, 0x23, 0x7e, 0x23, 0x7e, 0x23,
        0x7e, 0x23, 0x7e, 0x23, 0x7e, 0x23, 0x7e, 0x23, 0x7e, 0x23, 0x7e, 0x23,
        0x7e, 0x23, 0x7e, 0x23, 0x5e, 0x23, 0x5e, 0x23, 0x5e, 0x23, 0x5e, 0x23,
        0x5e, 0x23, 0x5e, 0x23, 0x5e, 0x23, 0x5e, 0x23, 0x5e, 0x23, 0x7e, 0x23,
        0x7e, 0x23, 0x7e, 0x23, 0x7e, 0x23, 0x7e, 0x23, 0x7e, 0x23, 0x7e, 0x23,
        0x5e, 0x23, 0x7e, 0x23, 0x7e, 0x23, 0x7e, 0x23, 0x7e, 0x23, 0x7e, 0x23,
        0x7e, 0x23, 0x5e, 0x23, 0x7e, 0x23, 0x7e, 0x23, 0x7e, 0x23, 0x7e, 0x23,
        0x7e, 0x23, 0x5e, 0x23, 0x5e, 0x23, 0x5e, 0x23, 0x5e, 0x23, 0x5e, 0x23,
        0x5e, 0x23, 0x5e, 0x23, 0x7e, 0x23, 0x7e, 0x23, 0x7e, 0x23, 0x7e, 0x23,
        0x7e, 0x23, 0x7e, 0x23, 0x7e, 0x23, 0x7e, 0x23, 0x7e, 0x23, 0x7e, 0x23,
        0x7e, 0x23, 0x7e, 0x23, 0x7e, 0x23, 0x7e, 0x23, 0x7e, 0x23, 0x7e, 0x23,
        0x7e, 0x23, 0x7e, 0x23, 0x7e, 0x23, 0x7e, 0x23, 0x7e, 0x23, 0x7e, 0x23,
        0x7e, 0x23, 0x7e, 0x23, 0x7e, 0x23, 0x7e, 0x23, 0x7e, 0x23, 0x7e, 0x23,
        0x7e, 0x23, 0x7e, 0x23, 0x7e, 0x23, 0x7e, 0x23, 0x7e, 0x23, 0x7e, 0x23,
        0x7e, 0x23, 0x7e, 0x23, 0x7e, 0x23, 0x7e, 0x23, 0x7e, 0x23, 0x7e, 0x23,
        0x7e, 0x23, 0x7e, 0x23, 0x7e, 0x23, 0x7e, 0x23, 0x7e, 0x23, 0x7e, 0x23,
        0x7e, 0x23, 0x7e, 0x23, 0x7e, 0x23, 0x7e, 0x23, 0x7e, 0x23, 0x7e, 0x23,
        0x7e, 0x23, 0x7e, 0x23, 0x7e, 0x23, 0x7e, 0x23, 0x7e, 0x23, 0x7e, 0x23,
        0x7e, 0x23, 0x7e, 0x23, 0x7e, 0x23, 0x7e, 0x23, 0x7e, 0x23, 0x7e, 0x23,
        0x7e, 0x23, 0x7e, 0x23, 0x7e, 0x23, 0x7e, 0x23, 0x7e, 0x23, 0x7e, 0x23,
        0x7e, 0x23, 0x7e, 0x23, 0x7e, 0x23, 0x7e, 0x23, 0x7e, 0x23, 0x7e, 0x23,
        0x7e, 0x23, 0x7e, 0x23, 0x7e, 0x23, 0x7e, 0x23, 0x7e, 0x23, 0x7e, 0x23,
        0x7e, 0x23, 0x7e, 0x23, 0x7e, 0x23, 0x7e, 0x23, 0x7e, 0x23, 0x7e, 0x23,
        0x7e, 0x23, 0x7e, 0x23, 0x7e, 0x23, 0x7e, 0x23, 0x7e, 0x23, 0x7e, 0x23,
        0x7e, 0x23, 0x7e, 0x23, 0x7e, 0x23, 0x7e, 0x23, 0x7e, 0x23, 0x7e, 0x23,
        0x7e, 0x23, 0x7e, 0x23, 0x7e, 0x23, 0x7e, 0x23, 0x7e, 0x23, 0x7e, 0x23,
        0x7e, 0x23, 0x7e, 0x23, 0x7e, 0x23, 0x7e, 0x23, 0x7e, 0x23, 0x7e, 0x23,
        0x7e, 0x23, 0x7e, 0x23, 0x7e, 0x23, 0x7e, 0x23, 0x7e, 0x23, 0x7e, 0x23,
        0x7e, 0x23, 0x7e, 0x23, 0x7e, 0x23, 0x7e, 0x23, 0x7e, 0x23, 0x7e, 0x23,
        0x7e, 0x23, 0x7e, 0x23, 0x7e, 0x23, 0x7e, 0x23, 0x7e, 0x23, 0x7e, 0x23,
        0x7e, 0x23, 0x7e, 0x23, 0x7e, 0x23, 0x7e, 0x23, 0x7e, 0x23, 0x7e, 0x23,
        0x7e, 0x23, 0x7e, 0x23, 0x7e, 0x23, 0x7e, 0x23, 0x7e, 0x23, 0x7e, 0x23,
        0x7e, 0x23, 0x7e, 0x23, 0x7e, 0x23, 0x7e, 0x23, 0x7e, 0x23, 0x7e, 0x23,
        0x7e, 0x23, 0x7e, 0x23, 0x7e, 0x23, 0x7e, 0x23, 0x7e, 0x23, 0x7e, 0x23,
        0x7e, 0x23, 0x7e, 0x23, 0x7e, 0x23, 0x7e, 0x23, 0x7e, 0x23, 0x7e, 0x23,
        0x7e, 0x23, 0x7e, 0x23, 0x7e, 0x23, 0x7e, 0x23, 0x7e, 0x23, 0x7e, 0x23,
        0x7e, 0x23, 0x7e, 0x23, 0x7e, 0x23, 0x7e, 0x23, 0x7e, 0x23, 0x7e, 0x23,
        0x7e, 0x23, 0x7e, 0x23, 0x7e, 0x23, 0x7e, 0x23, 0x7e, 0x23, 0x7e, 0x23,
        0x7e, 0x23, 0x7e, 0x23, 0x7e, 0x23, 0x7e, 0x23, 0x7e, 0x23, 0x7e, 0x23,
        0x7e, 0x23, 0x7e, 0x23, 0x7e, 0x23, 0x7e, 0x23, 0x7e, 0x23, 0x7e, 0x23,
        0x7e, 0x23, 0x7e, 0x23, 0x7e, 0x23, 0x7e, 0x23, 0x7e, 0x23, 0x7e, 0x23,
        0x7e, 0x23, 0x7e, 0x23, 0x7e, 0x23, 0x7e, 0x23, 0x7e, 0x23, 0x7e, 0x23,
        0x7e, 0x23, 0x7e, 0x23, 0x7e, 0x23, 0x7e, 0x23, 0x7e, 0x23, 0x7e, 0x23,
        0x7e, 0x23, 0x7e, 0x23, 0x7e, 0x23, 0x7e, 0x23, 0x7e, 0x23, 0x7e, 0x23,
        0x7e, 0x23, 0x7e, 0x23, 0x7e, 0x23, 0x7e, 0x23, 0x7e, 0x23, 0x7e, 0x23,
        0x7e, 0x23, 0x7e, 0x23, 0x7e, 0x23, 0x7e, 0x23, 0x7e, 0x23, 0x7e, 0x23,
        0x9e, 0x23, 0x9e, 0x23, 0x7e, 0x23, 0x9e, 0x23, 0x9e, 0x23, 0x7e, 0x23,
        0x7e, 0x23, 0x7e, 0x23, 0x7e, 0x23, 0x9e, 0x23, 0x9e, 0x23, 0x7e, 0x23,
        0x7e, 0x23, 0x9e, 0x23, 0x7e, 0x23, 0x7e, 0x23, 0x9e, 0x23, 0x7e, 0x23,
        0x7e, 0x23, 0x9e, 0x23, 0x9e, 0x23, 0x7e, 0x23, 0x7e, 0x23, 0x7e, 0x23,
        0x9e, 0x23, 0x9e, 0x23, 0x9e, 0x23, 0x7e, 0x23, 0x7e, 0x23, 0x9e, 0x23,
        0x7e, 0x23, 0x9e, 0x23, 0x7e, 0x23, 0x7e, 0x23, 0x7e, 0x23, 0x9e, 0x23,
        0x7e, 0x23, 0x7e, 0x23, 0x7e, 0x23, 0x9e, 0x23, 0x7e, 0x23, 0x7e, 0x23,
        0x9e, 0x23, 0x9e, 0x23, 0x9e, 0x23, 0x9e, 0x23, 0x9e, 0x23, 0x9e, 0x23,
        0x9e, 0x23, 0x7e, 0x23, 0x7e, 0x23, 0x7e, 0x23, 0x7e, 0x23, 0x7e, 0x23,
        0x9e, 0x23, 0x7e, 0x23, 0x9e, 0x23, 0x9e, 0x23, 0x9e, 0x23, 0x7e, 0x23,
        0x7e, 0x23, 0x9e, 0x23, 0x9e, 0x23, 0x9e, 0x23, 0x7e, 0x23, 0x7e, 0x23,
        0x7e, 0x23, 0x9e, 0x23, 0x9e, 0x23, 0x9e, 0x23, 0x7e, 0x23, 0x7e, 0x23,
        0x7e, 0x23, 0x9e, 0x23, 0x9e, 0x23, 0x7e, 0x23, 0x7e, 0x23, 0x9e, 0x23,
        0x7e, 0x23, 0x7e, 0x23, 0x7e, 0x23, 0x7e, 0x23, 0x9e, 0x23, 0x7e, 0x23,
        0x7e, 0x23, 0x7e, 0x23, 0x9e, 0x23, 0x7e, 0x23, 0x9e, 0x23, 0x9e, 0x23,
        0x9e, 0x23, 0x7e, 0x23, 0x7e, 0x23, 0x7e, 0x23, 0x7e, 0x23, 0x7e, 0x23,
        0x9e, 0x23, 0x9e, 0x23, 0x7e, 0x23, 0x9e, 0x23, 0x9e, 0x23, 0x7e, 0x23,
        0x9e, 0x23, 0x9e, 0x23, 0x9e, 0x23, 0x7e, 0x23, 0x9e, 0x23, 0x7e, 0x23,
        0x7e, 0x23, 0x9e, 0x23, 0x9e, 0x23, 0x9e, 0x23, 0x9e, 0x23, 0x9e, 0x23,
        0x9e, 0x23, 0x9e, 0x23, 0x9e, 0x23, 0x9e, 0x23, 0x9e, 0x23, 0x9e, 0x23,
        0x9e, 0x23, 0x9e, 0x23, 0x9e, 0x23, 0x9e, 0x23, 0x9e, 0x23, 0x9e, 0x23,
        0x9e, 0x23, 0x9e, 0x23, 0x9e, 0x23, 0x9e, 0x23, 0x9e, 0x23, 0x9e, 0x23,
        0x9e, 0x23, 0x9e, 0x23, 0x9e, 0x23, 0x9e, 0x23, 0x9e, 0x23, 0x9e, 0x23,
        0x9e, 0x23, 0x9e, 0x23, 0x9e, 0x23, 0x9e, 0x23, 0x9e, 0x23, 0x9e, 0x23,
        0x9e, 0x23, 0x9e, 0x23, 0x9e, 0x23, 0x9e, 0x23, 0x9e, 0x23, 0x9e, 0x23,
        0x9e, 0x23, 0x9e, 0x23, 0x9e, 0x23, 0x9e, 0x23, 0x9e, 0x23, 0x9e, 0x23,
        0x9e, 0x23, 0x9e, 0x23, 0x9e, 0x23, 0x9e, 0x23, 0x9e, 0x23, 0x9e, 0x23,
        0x9e, 0x23, 0x9e, 0x23, 0x9e, 0x23, 0x9e, 0x23, 0x9e, 0x23, 0x9e, 0x23,
        0x9e, 0x23, 0x9e, 0x23, 0x9e, 0x23, 0x9e, 0x23, 0x9e, 0x23, 0x9e, 0x23,
        0x9e, 0x23, 0x9e, 0x23, 0x9e, 0x23, 0x9e, 0x23, 0x9e, 0x23, 0x9e, 0x23,
        0x9e, 0x23, 0x9e, 0x23, 0x9e, 0x23, 0x9e, 0x23, 0x9e, 0x23, 0x9e, 0x23,
        0x9e, 0x23, 0x9e, 0x23, 0x9e, 0x23, 0x9e, 0x23, 0x9e, 0x23, 0x9e, 0x23,
        0x9e, 0x23, 0x9e, 0x23, 0x9e, 0x23, 0x9e, 0x23, 0x9e, 0x23, 0x9e, 0x23,
        0x9e, 0x23, 0x9e, 0x23, 0x9e, 0x23, 0x9e, 0x23, 0x9e, 0x23, 0x9e, 0x23,
        0x9e, 0x23, 0x9e, 0x23, 0x9e, 0x23, 0x9e, 0x23, 0x9e, 0x23, 0x9e, 0x23,
        0x9e, 0x23, 0x9e, 0x23, 0x9e, 0x23, 0x9e, 0x23, 0x9e, 0x23, 0x9e, 0x23,
        0x9e, 0x23, 0x9e, 0x23, 0x9e, 0x23, 0x9e, 0x23, 0x9e, 0x23, 0x9e, 0x23,
        0x9e, 0x23, 0x9e, 0x23, 0x9e, 0x23, 0x9e, 0x23, 0x9e, 0x23, 0x9e, 0x23,
        0x9e, 0x23, 0x9e, 0x23, 0x9e, 0x23, 0x9e, 0x23, 0x9e, 0x23, 0x9e, 0x23,
        0x9e, 0x23, 0x9e, 0x23, 0x9e, 0x23, 0x9e, 0x23, 0x9e, 0x23, 0x9e, 0x23,
        0x9e, 0x23, 0x9e, 0x23, 0x9e, 0x23, 0x9e, 0x23, 0x9e, 0x23, 0x9e, 0x23,
        0x9e, 0x23, 0x9e, 0x23, 0x9e, 0x23, 0x9e, 0x23, 0x9e, 0x23, 0x9e, 0x23,
        0x9e, 0x23, 0x9e, 0x23, 0x9e, 0x23, 0x9e, 0x23, 0x9e, 0x23, 0x9e, 0x23,
        0x9e, 0x23, 0x9e, 0x23, 0x9e, 0x23, 0x9e, 0x23, 0x9e, 0x23, 0x9e, 0x23,
        0x9e, 0x23, 0x9e, 0x23, 0x9e, 0x23, 0x9e, 0x23, 0x9e, 0x23, 0x9e, 0x23,
        0x9e, 0x23, 0x9e, 0x23, 0x9e, 0x23, 0x9e, 0x23, 0x9e, 0x23, 0x9e, 0x23,
        0x9e, 0x23, 0x9e, 0x23, 0x9e, 0x23, 0x9e, 0x23, 0x9e, 0x23, 0x9e, 0x23,
        0x9e, 0x23, 0x9e, 0x23, 0x9e, 0x23, 0x9e, 0x23, 0x9e, 0x23, 0x9e, 0x23,
        0x9e, 0x23, 0x9e, 0x23, 0x9e, 0x23, 0x9e, 0x23, 0x9e, 0x23, 0x9e, 0x23,
        0x9e, 0x23, 0x9e, 0x23, 0x9e, 0x23, 0x9e, 0x23, 0x9e, 0x23, 0x9e, 0x23,
        0x9e, 0x23, 0x9e, 0x23, 0x9e, 0x23, 0x9e, 0x23, 0x9e, 0x23, 0x9e, 0x23,
        0x9e, 0x23, 0x9e, 0x23, 0x9e, 0x23, 0x9e, 0x23, 0x9e, 0x23, 0x9e, 0x23,
        0x9e, 0x23, 0x9e, 0x23, 0x9e, 0x23, 0x9e, 0x23, 0x9e, 0x23, 0x9e, 0x23,
        0x9e, 0x23, 0x9e, 0x23, 0x9e, 0x23, 0x9e, 0x23, 0x9e, 0x23, 0x9e, 0x23,
        0x9e, 0x23, 0x9e, 0x23, 0x9e, 0x23, 0x9e, 0x23, 0x9e, 0x23, 0x9e, 0x23,
        0x9e, 0x23, 0x9e, 0x23, 0x9e, 0x23, 0x9e, 0x23, 0x9e, 0x23, 0x9e, 0x23,
        0x9e, 0x23, 0x9e, 0x23, 0x9e, 0x23, 0x9e, 0x23, 0x9e, 0x23, 0x9e, 0x23,
        0x9e, 0x23, 0x9e, 0x23, 0x9e, 0x23, 0x9e, 0x23, 0x9e, 0x23, 0x9e, 0x23,
        0x9e, 0x23, 0x9e, 0x23, 0x9e, 0x23, 0x9e, 0x23, 0x9e, 0x23, 0x9e, 0x23,
        0x9e, 0x23, 0x9e, 0x23, 0x9e, 0x23, 0x9e, 0x23, 0x9e, 0x23, 0x9e, 0x23,
        0x9e, 0x23, 0x9e, 0x23, 0x9e, 0x23, 0x9e, 0x23, 0x9e, 0x23, 0x9e, 0x23,
        0x9e, 0x23, 0x9e, 0x23, 0x9e, 0x23, 0x9e, 0x23, 0x9e, 0x23, 0x9e, 0x23,
        0x9e, 0x23, 0x9e, 0x23, 0x9e, 0x23, 0x9e, 0x23, 0x9e, 0x23, 0x9e, 0x23,
        0x9e, 0x23, 0x9e, 0x23, 0x9e, 0x23, 0x9e, 0x23, 0x9e, 0x23, 0x9e, 0x23,
        0x9e, 0x23, 0x9e, 0x23, 0x9e, 0x23, 0x9e, 0x23, 0x9e, 0x23, 0x9e, 0x23,
        0x9e, 0x23, 0x9e, 0x23, 0x9e, 0x23, 0x9e, 0x23, 0x9e, 0x23, 0x9e, 0x23,
        0x9e, 0x23, 0x9e, 0x23, 0x9e, 0x23, 0x9e, 0x23, 0x9e, 0x23, 0x9e, 0x23,
        0x9e, 0x23, 0x9e, 0x23, 0x9e, 0x23, 0x9e, 0x23, 0x9e, 0x23, 0x9e, 0x23,
        0x9e, 0x23, 0x9e, 0x23, 0x9e, 0x23, 0x9e, 0x23, 0x9e, 0x23, 0x9e, 0x23,
        0x9e, 0x23, 0x9e, 0x23, 0x9e, 0x23, 0x9e, 0x23, 0x9e, 0x23, 0x9e, 0x23,
        0x9e, 0x23, 0x9e, 0x23, 0x9e, 0x23, 0x9e, 0x23, 0x9e, 0x23, 0x9e, 0x23,
        0x9e, 0x23, 0x9e, 0x23, 0x9e, 0x23, 0x9e, 0x23, 0x9e, 0x23, 0x9e, 0x23,
        0x9e, 0x23, 0x9e, 0x23, 0x9e, 0x23, 0x9e, 0x23, 0x9e, 0x23, 0x9e, 0x23,
        0x9e, 0x23, 0x9e, 0x23, 0x9e, 0x23, 0x9e, 0x23, 0x9e, 0x23, 0x9e, 0x23,
        0x9e, 0x23, 0x9e, 0x23, 0x9e, 0x23, 0x9e, 0x23, 0x9e, 0x23, 0x9e, 0x23,
        0x9e, 0x23, 0x9e, 0x23, 0x9e, 0x23, 0x9e, 0x23, 0x9e, 0x23, 0x9e, 0x23,
        0x9e, 0x23, 0x9e, 0x23, 0x9e, 0x23, 0x9e, 0x23, 0x9e, 0x23, 0x9e, 0x23,
        0x9e, 0x23, 0x9e, 0x23, 0x9e, 0x23, 0x9e, 0x23, 0x9e, 0x23, 0x9e, 0x23,
        0x9e, 0x23, 0x9e, 0x23, 0x9e, 0x23, 0x9e, 0x23, 0x9e, 0x23, 0x9e, 0x23,
        0x9e, 0x23, 0x9e, 0x23, 0x9e, 0x23, 0x9e, 0x23, 0x9e, 0x23, 0x9e, 0x23,
        0x9e, 0x23, 0x9e, 0x23, 0x9e, 0x23, 0x9e, 0x23, 0x9e, 0x23, 0x9e, 0x23,
        0x9e, 0x23, 0x9e, 0x23, 0x9e, 0x23, 0x9e, 0x23, 0x9e, 0x23, 0x9e, 0x23,
        0x9e, 0x23, 0x9e, 0x23, 0x9e, 0x23, 0x9e, 0x23, 0x9e, 0x23, 0x9e, 0x23,
        0x9e, 0x23, 0x9e, 0x23, 0x9e, 0x23, 0x9e, 0x23, 0x9e, 0x23, 0x9e, 0x23,
        0x9e, 0x23, 0x9e, 0x23, 0x9e, 0x23, 0x9e, 0x23, 0x9e, 0x23, 0x9e, 0x23,
        0x9e, 0x23, 0x9e, 0x23, 0x9e, 0x23, 0x9e, 0x23, 0x9e, 0x23, 0x9e, 0x23,
        0x9e, 0x23, 0x9e, 0x23, 0x9e, 0x23, 0x9e, 0x23, 0x9e, 0x23, 0x9e, 0x23,
        0x9e, 0x23, 0x9e, 0x23, 0x9e, 0x23, 0x9e, 0x23, 0x9e, 0x23, 0x9e, 0x23,
        0x9e, 0x23, 0x9e, 0x23, 0x9e, 0x23, 0x9e, 0x23, 0x9e, 0x23, 0x9e, 0x23,
        0x9e, 0x23, 0x9e, 0x23, 0x9e, 0x23, 0x9e, 0x23, 0x9e, 0x23, 0x9e, 0x23,
        0x9e, 0x23, 0x9e, 0x23, 0x9e, 0x23, 0x9e, 0x23, 0x9e, 0x23, 0x9e, 0x23,
        0x9e, 0x23, 0x9e, 0x23, 0x9e, 0x23, 0x9e, 0x23, 0x9e, 0x23, 0x9e, 0x23,
        0x9e, 0x23, 0x9e, 0x23, 0x9e, 0x23, 0x9e, 0x23, 0x9e, 0x23, 0x9e, 0x23,
        0xbe, 0x23, 0xbe, 0x23, 0xbe, 0x23, 0xbe, 0x23, 0xbe, 0x23, 0xbe, 0x23,
        0xbe, 0x23, 0xbe, 0x23, 0xbe, 0x23, 0xbe, 0x23, 0xbe, 0x23, 0xbe, 0x23,
        0xbe, 0x23, 0xbe, 0x23, 0xbe, 0x23, 0xbe, 0x23, 0xbe, 0x23, 0xbe, 0x23,
        0xbe, 0x23, 0xbe, 0x23, 0xbe, 0x23, 0xbe, 0x23, 0xbe, 0x23, 0xbe, 0x23,
        0xbe, 0x23, 0xbe, 0x23, 0xbe, 0x23, 0xbe, 0x23, 0xbe, 0x23, 0xbe, 0x23,
        0xbe, 0x23, 0xbe, 0x23, 0xbe, 0x23, 0xbe, 0x23, 0xbe, 0x23, 0xbe, 0x23,
        0xbe, 0x23, 0xbe, 0x23, 0xbe, 0x23, 0xbe, 0x23, 0xbe, 0x23, 0xbe, 0x23,
        0xbe, 0x23, 0xbe, 0x23, 0xbe, 0x23, 0xbe, 0x23, 0xbe, 0x23, 0xbe, 0x23,
        0xbe, 0x23, 0xbe, 0x23, 0xbe, 0x23, 0xbe, 0x23, 0xbe, 0x23, 0xbe, 0x23,
        0xbe, 0x23, 0xbe, 0x23, 0xbe, 0x23, 0xbe, 0x23, 0xbe, 0x23, 0xbe, 0x23,
        0xbe, 0x23, 0xbe, 0x23, 0xbe, 0x23, 0xbe, 0x23, 0xbe, 0x23, 0xbe, 0x23,
        0xbe, 0x23, 0xbe, 0x23, 0xbe, 0x23, 0xbe, 0x23, 0xbe, 0x23, 0xbe, 0x23,
        0xbe, 0x23, 0xbe, 0x23, 0xbe, 0x23, 0xbe, 0x23, 0xbe, 0x23, 0xbe, 0x23,
        0xbe, 0x23, 0xbe, 0x23, 0xbe, 0x23, 0xbe, 0x23, 0xbe, 0x23, 0xbe, 0x23,
        0xbe, 0x23, 0xbe, 0x23, 0xbe, 0x23, 0xbe, 0x23, 0xbe, 0x23, 0xbe, 0x23,
        0xbe, 0x23, 0xbe, 0x23, 0xbe, 0x23, 0xbe, 0x23, 0xbe, 0x23, 0xbe, 0x23,
        0xbe, 0x23, 0xbe, 0x23, 0xbe, 0x23, 0xbe, 0x23, 0xbe, 0x23, 0xbe, 0x23,
        0xbe, 0x23, 0xbe, 0x23, 0xbe, 0x23, 0xbe, 0x23, 0xbe, 0x23, 0xbe, 0x23,
        0xbe, 0x23, 0xbe, 0x23, 0xbe, 0x23, 0xbe, 0x23, 0xbe, 0x23, 0xbe, 0x23,
        0xbe, 0x23, 0xbe, 0x23, 0xbe, 0x23, 0xbe, 0x23, 0xbe, 0x23, 0xbe, 0x23,
        0xbe, 0x23, 0xbe, 0x23, 0xbe, 0x23, 0xbe, 0x23, 0xbe, 0x23, 0xbe, 0x23,
        0xbe, 0x23, 0xbe, 0x23, 0xbe, 0x23, 0xbe, 0x23, 0xbe, 0x23, 0xbe, 0x23,
        0xbe, 0x23, 0xbe, 0x23, 0xbe, 0x23, 0xbe, 0x23, 0xbe, 0x23, 0xbe, 0x23,
        0xbe, 0x23, 0xbe, 0x23, 0xbe, 0x23, 0xbe, 0x23, 0xbe, 0x23, 0xbe, 0x23,
        0xbe, 0x23, 0xbe, 0x23, 0xbe, 0x23, 0xbe, 0x23, 0xbe, 0x23, 0xbe, 0x23,
        0xbe, 0x23, 0xbe, 0x23, 0xbe, 0x23, 0xbe, 0x23, 0xbe, 0x23, 0xbe, 0x23,
        0xbe, 0x23, 0xbe, 0x23, 0xbe, 0x23, 0xbe, 0x23, 0xbe, 0x23, 0xbe, 0x23,
        0xbe, 0x23, 0xbe, 0x23, 0xbe, 0x23, 0xbe, 0x23, 0xbe, 0x23, 0xbe, 0x23,
        0xbe, 0x23, 0xbe, 0x23, 0xbe, 0x23, 0xbe, 0x23, 0xbe, 0x23, 0xbe, 0x23,
        0xbe, 0x23, 0xbe, 0x23, 0xbe, 0x23, 0xbe, 0x23, 0xbe, 0x23, 0xbe, 0x23,
        0xbe, 0x23, 0xbe, 0x23, 0xbe, 0x23, 0xbe, 0x23, 0xbe, 0x23, 0xbe, 0x23,
        0xbe, 0x23, 0xbe, 0x23, 0xbe, 0x23, 0xbe, 0x23, 0xbe, 0x23, 0xbe, 0x23,
        0xbe, 0x23, 0xbe, 0x23, 0xbe, 0x23, 0xbe, 0x23, 0xbe, 0x23, 0xbe, 0x23,
        0xbe, 0x23, 0xbe, 0x23, 0xbe, 0x23, 0xbe, 0x23, 0xbe, 0x23, 0xbe, 0x23,
        0xbe, 0x23, 0xbe, 0x23, 0xbe, 0x23, 0xbe, 0x23, 0xbe, 0x23, 0xbe, 0x23,
        0xbe, 0x23, 0xbe, 0x23, 0xbe, 0x23, 0xbe, 0x23, 0xbe, 0x23, 0xbe, 0x23,
        0xbe, 0x23, 0xbe, 0x23, 0xbe, 0x23, 0xbe, 0x23, 0xbe, 0x23, 0xbe, 0x23,
        0xbe, 0x23, 0xbe, 0x23, 0xdf, 0x23, 0xdf, 0x23, 0xdf, 0x23, 0xdf, 0x23,
        0xdf, 0x23, 0xdf, 0x23, 0xdf, 0x23, 0xdf, 0x23, 0xdf, 0x23, 0xdf, 0x23,
        0xdf, 0x23, 0xdf, 0x23, 0xdf, 0x23, 0xdf, 0x23, 0xdf, 0x23, 0xdf, 0x23,
        0xdf, 0x23, 0xdf, 0x23, 0xdf, 0x23, 0xdf, 0x23, 0xdf, 0x23, 0xdf, 0x23,
        0xdf, 0x23, 0xdf, 0x23, 0xdf, 0x23, 0xdf, 0x23, 0xdf, 0x23, 0xdf, 0x23,
        0xdf, 0x23, 0xdf, 0x23, 0xdf, 0x23, 0xdf, 0x23, 0xdf, 0x23, 0xdf, 0x23,
        0xdf, 0x23, 0xdf, 0x23, 0xdf, 0x23, 0xdf, 0x23, 0xdf, 0x23, 0xdf, 0x23,
        0xdf, 0x23, 0xdf, 0x23, 0xdf, 0x23, 0xdf, 0x23, 0xdf, 0x23, 0xdf, 0x23,
        0xdf, 0x23, 0xdf, 0x23, 0xdf, 0x23, 0xdf, 0x23, 0xdf, 0x23, 0xdf, 0x23,
        0xdf, 0x23, 0xdf, 0x23, 0xdf, 0x23, 0xdf, 0x23, 0xdf, 0x23, 0xdf, 0x23,
        0xdf, 0x23, 0xdf, 0x23, 0xdf, 0x23, 0xdf, 0x23, 0xdf, 0x23, 0xdf, 0x23,
        0xdf, 0x23, 0xdf, 0x23, 0xdf, 0x23, 0xdf, 0x23, 0xdf, 0x23, 0xdf, 0x23,
        0xdf, 0x23, 0xdf, 0x23, 0xdf, 0x23, 0xdf, 0x23, 0xdf, 0x23, 0xdf, 0x23,
        0xdf, 0x23, 0xdf, 0x23, 0xdf, 0x23, 0xdf, 0x23, 0xdf, 0x23, 0xdf, 0x23,
        0xdf, 0x23, 0xdf, 0x23, 0xdf, 0x23, 0xdf, 0x23, 0xdf, 0x23, 0xdf, 0x23,
        0xdf, 0x23, 0xdf, 0x23, 0xdf, 0x23, 0xdf, 0x23, 0xdf, 0x23, 0xdf, 0x23,
        0xdf, 0x23, 0xdf, 0x23, 0xdf, 0x23, 0xdf, 0x23, 0xdf, 0x23, 0xdf, 0x23,
        0xdf, 0x23, 0xdf, 0x23, 0xdf, 0x23, 0xdf, 0x23, 0xdf, 0x23, 0xdf, 0x23,
        0xdf, 0x23, 0xdf, 0x23, 0xdf, 0x23, 0xdf, 0x23, 0xdf, 0x23, 0xdf, 0x23,
        0xdf, 0x23, 0xdf, 0x23, 0xdf, 0x23, 0xdf, 0x23, 0xdf, 0x23, 0xdf, 0x23,
        0xdf, 0x23, 0xdf, 0x23, 0xdf, 0x23, 0xdf, 0x23, 0xdf, 0x23, 0xdf, 0x23,
        0xdf, 0x23, 0xdf, 0x23, 0xdf, 0x23, 0xdf, 0x23, 0xdf, 0x23, 0xdf, 0x23,
        0xdf, 0x23, 0xdf, 0x23, 0xdf, 0x23, 0xdf, 0x23, 0xdf, 0x23, 0xdf, 0x23,
        0xdf, 0x23, 0xdf, 0x23, 0xdf, 0x23, 0xdf, 0x23, 0xdf, 0x23, 0xdf, 0x23,
        0xdf, 0x23, 0xdf, 0x23, 0xdf, 0x23, 0xdf, 0x23, 0xdf, 0x23, 0xdf, 0x23,
        0xdf, 0x23, 0xdf, 0x23, 0xdf, 0x23, 0xdf, 0x23, 0xdf, 0x23, 0xdf, 0x23,
        0xdf, 0x23, 0xdf, 0x23, 0xdf, 0x23, 0xdf, 0x23, 0xdf, 0x23, 0xdf, 0x23,
        0xdf, 0x23, 0xdf, 0x23, 0xdf, 0x23, 0xdf, 0x23, 0xdf, 0x23, 0xdf, 0x23,
        0xdf, 0x23, 0xdf, 0x23, 0xdf, 0x23, 0xdf, 0x23, 0xdf, 0x23, 0xdf, 0x23,
        0xdf, 0x23, 0xdf, 0x23, 0xdf, 0x23, 0xdf, 0x23, 0xdf, 0x23, 0xdf, 0x23,
        0xdf, 0x23, 0xdf, 0x23, 0xdf, 0x23, 0xdf, 0x23, 0xdf, 0x23, 0xdf, 0x23,
        0xdf, 0x23, 0xdf, 0x23, 0xdf, 0x23, 0xdf, 0x23, 0xdf, 0x23, 0xdf, 0x23,
        0xdf, 0x23, 0xdf, 0x23, 0xdf, 0x23, 0xdf, 0x23, 0xdf, 0x23, 0xdf, 0x23,
        0xdf, 0x23, 0xdf, 0x23, 0xdf, 0x23, 0xdf, 0x23, 0xdf, 0x23, 0xdf, 0x23,
        0xdf, 0x23, 0xdf, 0x23, 0xdf, 0x23, 0xdf, 0x23, 0xdf, 0x23, 0xdf, 0x23,
        0xdf, 0x23, 0xdf, 0x23, 0xdf, 0x23, 0xdf, 0x23, 0xdf, 0x23, 0xdf, 0x23,
        0xdf, 0x23, 0xdf, 0x23, 0xdf, 0x23, 0xdf, 0x23, 0xdf, 0x23, 0xdf, 0x23,
        0xdf, 0x23, 0xdf, 0x23, 0xdf, 0x23, 0xdf, 0x23, 0xdf, 0x23, 0xdf, 0x23,
        0xdf, 0x23, 0xdf, 0x23, 0xdf, 0x23, 0xdf, 0x23, 0xdf, 0x23, 0xdf, 0x23,
        0xdf, 0x23, 0xdf, 0x23, 0xdf, 0x23, 0xdf, 0x23, 0xdf, 0x23, 0xdf, 0x23,
        0xdf, 0x23, 0xdf, 0x23, 0xdf, 0x23, 0xdf, 0x23, 0xdf, 0x23, 0xdf, 0x23,
        0xdf, 0x23, 0xdf, 0x23, 0xdf, 0x23, 0xdf, 0x23, 0xdf, 0x23, 0xdf, 0x23,
        0xdf, 0x23, 0xdf, 0x23, 0xdf, 0x23, 0xdf, 0x23, 0xdf, 0x23, 0xdf, 0x23,
        0xdf, 0x23, 0xdf, 0x23, 0xdf, 0x23, 0xdf, 0x23, 0xdf, 0x23, 0xdf, 0x23,
        0xdf, 0x23, 0xdf, 0x23, 0xdf, 0x23, 0xdf, 0x23, 0xdf, 0x23, 0xdf, 0x23,
        0xdf, 0x23, 0xdf, 0x23, 0xdf, 0x23, 0xdf, 0x23, 0xdf, 0x23, 0xdf, 0x23,
        0xdf, 0x23, 0xdf, 0x23, 0xdf, 0x23, 0xdf, 0x23, 0xdf, 0x23, 0xdf, 0x23,
        0xdf, 0x23, 0xdf, 0x23, 0xdf, 0x23, 0xdf, 0x23, 0xdf, 0x23, 0xdf, 0x23,
        0xdf, 0x23, 0xdf, 0x23, 0xdf, 0x23, 0xdf, 0x23, 0xdf, 0x23, 0xdf, 0x23,
        0xdf, 0x23, 0xdf, 0x23, 0xdf, 0x23, 0xdf, 0x23, 0xdf, 0x23, 0xdf, 0x23,
        0xdf, 0x23, 0xdf, 0x23, 0xdf, 0x23, 0xdf, 0x23, 0xdf, 0x23, 0xdf, 0x23,
        0xdf, 0x23, 0xdf, 0x23, 0xdf, 0x23, 0xdf, 0x23, 0xdf, 0x23, 0xdf, 0x23,
        0xdf, 0x23, 0xdf, 0x23, 0xdf, 0x23, 0xdf, 0x23, 0xdf, 0x23, 0xdf, 0x23,
        0xdf, 0x23, 0xdf, 0x23, 0xdf, 0x23, 0xdf, 0x23, 0xdf, 0x23, 0xdf, 0x23,
        0xdf, 0x23, 0xdf, 0x23, 0xdf, 0x23, 0xdf, 0x23, 0xdf, 0x23, 0xdf, 0x23,
        0xdf, 0x23, 0xdf, 0x23, 0xdf, 0x23, 0xdf, 0x23, 0xdf, 0x23, 0xdf, 0x23,
        0xdf, 0x23, 0xdf, 0x23, 0xde, 0x23, 0xde, 0x23, 0xde, 0x23, 0xdf, 0x23,
        0xdf, 0x23, 0xdf, 0x23, 0xdf, 0x23, 0xdf, 0x23, 0xdf, 0x23, 0xde, 0x23,
        0xde, 0x23, 0xdf, 0x23, 0xdf, 0x23, 0xdf, 0x23, 0xdf, 0x23, 0xdf, 0x23,
        0xde, 0x23, 0xde, 0x23, 0xde, 0x23, 0xdf, 0x23, 0xdf, 0x23, 0xde, 0x23,
        0xde, 0x23, 0xde, 0x23, 0xdf, 0x23, 0xde, 0x23, 0xde, 0x23, 0xde, 0x23,
        0xde, 0x23, 0xde, 0x23, 0xdf, 0x23, 0xdf, 0x23, 0xdf, 0x23, 0xdf, 0x23,
        0xdf, 0x23, 0xde, 0x23, 0xde, 0x23, 0xde, 0x23, 0xde, 0x23, 0xdf, 0x23,
        0xdf, 0x23, 0xdf, 0x23, 0xdf, 0x23, 0xdf, 0x23, 0xdf, 0x23, 0xdf, 0x23,
        0xdf, 0x23, 0xdf, 0x23, 0xdf, 0x23, 0xdf, 0x23, 0xde, 0x23, 0xde, 0x23,
        0xde, 0x23, 0xdf, 0x23, 0xdf, 0x23, 0xdf, 0x23, 0xde, 0x23, 0xde, 0x23,
        0xde, 0x23, 0xde, 0x23, 0xde, 0x23, 0xdf, 0x23, 0xdf, 0x23, 0xdf, 0x23,
        0xde, 0x23, 0xdf, 0x23, 0xdf, 0x23, 0xdf, 0x23, 0xdf, 0x23, 0xdf, 0x23,
        0xdf, 0x23, 0xdf, 0x23, 0xde, 0x23, 0xde, 0x23, 0xdf, 0x23, 0xde, 0x23,
        0xdf, 0x23, 0xdf, 0x23, 0xdf, 0x23, 0xde, 0x23, 0xde, 0x23, 0xde, 0x23,
        0xde, 0x23, 0xde, 0x23, 0xdf, 0x23, 0xdf, 0x23, 0xdf, 0x23, 0xdf, 0x23,
        0xdf, 0x23, 0xde, 0x23, 0xde, 0x23, 0xde, 0x23, 0xdf, 0x23, 0xde, 0x23,
        0xde, 0x23, 0xde, 0x23, 0xde, 0x23, 0xde, 0x23, 0xde, 0x23, 0xde, 0x23,
        0xde, 0x23, 0xde, 0x23, 0xde, 0x23, 0xde, 0x23, 0xdf, 0x23, 0xdf, 0x23,
        0xdf, 0x23, 0xdf, 0x23, 0xdf, 0x23, 0xde, 0x23, 0xde, 0x23, 0xde, 0x23,
        0xde, 0x23, 0xde, 0x23, 0xde, 0x23, 0xde, 0x23, 0xde, 0x23, 0xde, 0x23,
        0xde, 0x23, 0xde, 0x23, 0xde, 0x23, 0xde, 0x23, 0xde, 0x23, 0xde, 0x23,
        0xde, 0x23, 0xde, 0x23, 0xde, 0x23, 0xde, 0x23, 0xde, 0x23, 0xde, 0x23,
        0xde, 0x23, 0xde, 0x23, 0xde, 0x23, 0xde, 0x23, 0xde, 0x23, 0xde, 0x23,
        0xde, 0x23, 0xde, 0x23, 0xde, 0x23, 0xde, 0x23, 0xde, 0x23, 0xde, 0x23,
        0xde, 0x23, 0x3b, 0x34, 0xb5, 0x6c, 0x11, 0x85, 0x6b, 0xb5, 0x6b, 0xb5,
        0x6b, 0xb5, 0x6b, 0xb5, 0x6b, 0xb5, 0x6b, 0xb5, 0x11, 0x85, 0xb5, 0x6c,
        0x3b, 0x34, 0xde, 0x23, 0xdf, 0x23, 0xde, 0x23, 0xde, 0x23, 0xde, 0x23,
        0xde, 0x23, 0xde, 0x23, 0xde, 0x23, 0xde, 0x23, 0xde, 0x23, 0xde, 0x23,
        0xde, 0x23, 0xde, 0x23, 0xde, 0x23, 0xde, 0x23, 0xde, 0x23, 0xde, 0x23,
        0xde, 0x23, 0xde, 0x23, 0xde, 0x23, 0xde, 0x23, 0xde, 0x23, 0xde, 0x23,
        0xde, 0x23, 0xde, 0x23, 0xde, 0x23, 0xde, 0x23, 0xde, 0x23, 0xde, 0x23,
        0xde, 0x23, 0xde, 0x23, 0xde, 0x23, 0xde, 0x23, 0xde, 0x23, 0xde, 0x23,
        0xde, 0x23, 0xde, 0x23, 0xde, 0x23, 0xde, 0x23, 0xde, 0x23, 0xde, 0x23,
        0xde, 0x23, 0xde, 0x23, 0xde, 0x23, 0xde, 0x23, 0xde, 0x23, 0xde, 0x23,
        0xde, 0x23, 0xde, 0x23, 0xde, 0x23, 0xde, 0x23, 0xde, 0x23, 0xde, 0x23,
        0xde, 0x23, 0xde, 0x23, 0xde, 0x23, 0xde, 0x23, 0xde, 0x23, 0xde, 0x23,
        0xde, 0x23, 0xde, 0x23, 0xde, 0x23, 0xde, 0x23, 0xde, 0x23, 0xde, 0x23,
        0xde, 0x23, 0xde, 0x23, 0xde, 0x23, 0xde, 0x23, 0xde, 0x23, 0xde, 0x23,
        0xde, 0x23, 0xde, 0x23, 0xde, 0x23, 0xde, 0x23, 0xde, 0x23, 0xde, 0x23,
        0xde, 0x23, 0xde, 0x23, 0xde, 0x23, 0xde, 0x23, 0xde, 0x23, 0xde, 0x23,
        0xde, 0x23, 0xde, 0x23, 0xde, 0x23, 0xde, 0x23, 0xde, 0x23, 0xde, 0x23,
        0xde, 0x23, 0xde, 0x23, 0xde, 0x23, 0xde, 0x23, 0xde, 0x23, 0xde, 0x23,
        0xde, 0x23, 0xde, 0x23, 0x3b, 0x34, 0xb5, 0x6c, 0x6b, 0xb5, 0xe6, 0xdd,
        0x20, 0xfe, 0x20, 0xfe, 0x20, 0xfe, 0x20, 0xfe, 0x20, 0xfe, 0x20, 0xfe,
        0x20, 0xfe, 0x20, 0xfe, 0x20, 0xfe, 0x20, 0xfe, 0xe6, 0xdd, 0x6b, 0xb5,
        0xb5, 0x6c, 0x3b, 0x34, 0xde, 0x23, 0xde, 0x23, 0xde, 0x23, 0xde, 0x23,
        0xde, 0x23, 0xde, 0x23, 0xde, 0x23, 0xde, 0x23, 0xde, 0x23, 0xde, 0x23,
        0xde, 0x23, 0xde, 0x23, 0xde, 0x23, 0xde, 0x23, 0xde, 0x23, 0xde, 0x23,
        0xde, 0x23, 0xde, 0x23, 0xde, 0x23, 0xde, 0x23, 0xde, 0x23, 0xde, 0x23,
        0xde, 0x23, 0xde, 0x23, 0xde, 0x23, 0xde, 0x23, 0xde, 0x23, 0xde, 0x23,
        0xde, 0x23, 0xde, 0x23, 0xde, 0x23, 0xde, 0x23, 0xde, 0x23, 0xde, 0x23,
        0xde, 0x23, 0xde, 0x23, 0xde, 0x23, 0xde, 0x23, 0xde, 0x23, 0xde, 0x23,
        0xde, 0x23, 0xde, 0x23, 0xde, 0x23, 0xde, 0x23, 0xde, 0x23, 0xde, 0x23,
        0xde, 0x23, 0xde, 0x23, 0xde, 0x23, 0xde, 0x23, 0xde, 0x23, 0xde, 0x23,
        0xde, 0x23, 0xde, 0x23, 0xde, 0x23, 0xde, 0x23, 0xde, 0x23, 0xde, 0x23,
        0xde, 0x23, 0xde, 0x23, 0xde, 0x23, 0xde, 0x23, 0xde, 0x23, 0xde, 0x23,
        0xde, 0x23, 0xde, 0x23, 0xff, 0x23, 0xff, 0x23, 0xff, 0x23, 0xff, 0x23,
        0xff, 0x23, 0xff, 0x23, 0xff, 0x23, 0xff, 0x23, 0xff, 0x23, 0xff, 0x23,
        0xff, 0x23, 0xff, 0x23, 0xff, 0x23, 0xff, 0x23, 0xff, 0x23, 0xff, 0x23,
        0xff, 0x23, 0xff, 0x23, 0xff, 0x23, 0xff, 0x23, 0xff, 0x23, 0xff, 0x23,
        0xff, 0x23, 0xff, 0x23, 0xff, 0x23, 0xde, 0x23, 0x3b, 0x34, 0x11, 0x85,
        0xe6, 0xdd, 0x20, 0xfe, 0x20, 0xfe, 0x20, 0xfe, 0x20, 0xfe, 0x20, 0xfe,
        0x20, 0xfe, 0x20, 0xfe, 0x20, 0xfe, 0x20, 0xfe, 0x20, 0xfe, 0x20, 0xfe,
        0x20, 0xfe, 0x20, 0xfe, 0x20, 0xfe, 0x20, 0xfe, 0x20, 0xfe, 0xe6, 0xdd,
        0x11, 0x85, 0x3b, 0x34, 0xde, 0x23, 0xff, 0x23, 0xff, 0x23, 0xff, 0x23,
        0xff, 0x23, 0xff, 0x23, 0xff, 0x23, 0xff, 0x23, 0xff, 0x23, 0xff, 0x23,
        0xff, 0x23, 0xff, 0x23, 0xff, 0x23, 0xff, 0x23, 0xff, 0x23, 0xff, 0x23,
        0xff, 0x23, 0xff, 0x23, 0xff, 0x23, 0xff, 0x23, 0xff, 0x23, 0xff, 0x23,
        0xff, 0x23, 0xff, 0x23, 0xff, 0x23, 0xff, 0x23, 0xff, 0x23, 0xff, 0x23,
        0xff, 0x23, 0xff, 0x23, 0xff, 0x23, 0xff, 0x23, 0xff, 0x23, 0xff, 0x23,
        0xff, 0x23, 0xff, 0x23, 0xff, 0x23, 0xff, 0x23, 0xff, 0x23, 0xff, 0x23,
        0xff, 0x23, 0xff, 0x23, 0xff, 0x23, 0xff, 0x23, 0xff, 0x23, 0xff, 0x23,
        0xff, 0x23, 0xff, 0x23, 0xff, 0x23, 0xff, 0x23, 0xff, 0x23, 0xff, 0x23,
        0xff, 0x23, 0xff, 0x23, 0xff, 0x23, 0xff, 0x23, 0xff, 0x23, 0xff, 0x23,
        0xff, 0x23, 0xff, 0x23, 0xff, 0x23, 0xff, 0x23, 0xff, 0x23, 0xff, 0x23,
        0xff, 0x23, 0xff, 0x23, 0xff, 0x23, 0xff, 0x23, 0xff, 0x23, 0xff, 0x23,
        0xff, 0x23, 0xff, 0x23, 0xff, 0x23, 0xff, 0x23, 0xff, 0x23, 0xff, 0x23,
        0xff, 0x23, 0xff, 0x23, 0xff, 0x23, 0xff, 0x23, 0xff, 0x23, 0xff, 0x23,
        0xff, 0x23, 0xff, 0x23, 0xff, 0x23, 0xff, 0x23, 0xff, 0x23, 0xff, 0x23,
        0x1f, 0x1c, 0xb5, 0x6c, 0xe6, 0xdd, 0x20, 0xfe, 0x20, 0xfe, 0x20, 0xfe,
        0x20, 0xfe, 0x20, 0xfe, 0x20, 0xfe, 0x20, 0xfe, 0x20, 0xfe, 0x20, 0xfe,
        0x20, 0xfe, 0x20, 0xfe, 0x20, 0xfe, 0x20, 0xfe, 0x20, 0xfe, 0x20, 0xfe,
        0x20, 0xfe, 0x20, 0xfe, 0x20, 0xfe, 0x20, 0xfe, 0x20, 0xfe, 0xe6, 0xdd,
        0xb5, 0x6c, 0xff, 0x23, 0xff, 0x23, 0xff, 0x23, 0xff, 0x23, 0xff, 0x23,
        0xff, 0x23, 0xff, 0x23, 0xff, 0x23, 0xff, 0x23, 0xff, 0x23, 0xff, 0x23,
        0xff, 0x23, 0xff, 0x23, 0xff, 0x23, 0xff, 0x23, 0xff, 0x23, 0xff, 0x23,
        0xff, 0x23, 0xff, 0x23, 0xff, 0x23, 0xff, 0x23, 0xff, 0x23, 0xff, 0x23,
        0xff, 0x23, 0xff, 0x23, 0xff, 0x23, 0xff, 0x23, 0xff, 0x23, 0xff, 0x23,
        0xff, 0x23, 0xff, 0x23, 0xff, 0x23, 0xff, 0x23, 0xff, 0x23, 0xff, 0x23,
        0xff, 0x23, 0xff, 0x23, 0xff, 0x23, 0xff, 0x23, 0xff, 0x23, 0xff, 0x23,
        0xff, 0x23, 0xff, 0x23, 0xff, 0x23, 0xff, 0x23, 0xff, 0x23, 0xff, 0x23,
        0xff, 0x23, 0xff, 0x23, 0xff, 0x23, 0xff, 0x23, 0xff, 0x23, 0xff, 0x23,
        0xff, 0x23, 0xff, 0x23, 0xff, 0x23, 0xff, 0x23, 0xff, 0x23, 0xff, 0x23,
        0xff, 0x23, 0xff, 0x23, 0xff, 0x23, 0xff, 0x23, 0xff, 0x23, 0xff, 0x23,
        0xff, 0x23, 0xff, 0x23, 0xff, 0x23, 0xff, 0x23, 0xff, 0x23, 0xff, 0x23,
        0xff, 0x23, 0xff, 0x23, 0xff, 0x23, 0xff, 0x23, 0xff, 0x23, 0xff, 0x23,
        0xff, 0x23, 0xff, 0x23, 0xff, 0x23, 0xff, 0x23, 0xff, 0x23, 0xff, 0x23,
        0xff, 0x23, 0xff, 0x23, 0xff, 0x23, 0x3b, 0x34, 0x6b, 0xb5, 0x20, 0xfe,
        0x20, 0xfe, 0x20, 0xfe, 0x20, 0xfe, 0x20, 0xfe, 0x20, 0xfe, 0x20, 0xfe,
        0x20, 0xfe, 0x20, 0xfe, 0x20, 0xfe, 0x20, 0xfe, 0x20, 0xfe, 0x20, 0xfe,
        0x20, 0xfe, 0x20, 0xfe, 0x20, 0xfe, 0x20, 0xfe, 0x20, 0xfe, 0x20, 0xfe,
        0x20, 0xfe, 0x20, 0xfe, 0x20, 0xfe, 0x20, 0xfe, 0x20, 0xfe, 0x6b, 0xb5,
        0x3b, 0x34, 0xff, 0x23, 0xff, 0x23, 0xff, 0x23, 0xff, 0x23, 0xff, 0x23,
        0xff, 0x23, 0xff, 0x23, 0xff, 0x23, 0xff, 0x23, 0xff, 0x23, 0xff, 0x23,
        0xff, 0x23, 0xff, 0x23, 0xff, 0x23, 0xff, 0x23, 0xff, 0x23, 0xff, 0x23,
        0xff, 0x23, 0xff, 0x23, 0xff, 0x23, 0xff, 0x23, 0xff, 0x23, 0xff, 0x23,
        0xff, 0x23, 0xff, 0x23, 0xff, 0x23, 0xff, 0x23, 0xff, 0x23, 0xff, 0x23,
        0xff, 0x23, 0xff, 0x23, 0xff, 0x23, 0xff, 0x23, 0xff, 0x23, 0xff, 0x23,
        0xff, 0x23, 0xff, 0x23, 0xff, 0x23, 0xff, 0x23, 0xff, 0x23, 0xff, 0x23,
        0xff, 0x23, 0xff, 0x23, 0xff, 0x23, 0xff, 0x23, 0xff, 0x23, 0xff, 0x23,
        0xff, 0x23, 0xff, 0x23, 0xff, 0x23, 0xff, 0x23, 0xff, 0x23, 0xff, 0x23,
        0xff, 0x23, 0xff, 0x23, 0xff, 0x23, 0xff, 0x23, 0xff, 0x23, 0xff, 0x23,
        0xff, 0x23, 0xff, 0x23, 0x1f, 0x1c, 0x1f, 0x1c, 0x1f, 0x1c, 0x1f, 0x1c,
        0x1f, 0x1c, 0x1f, 0x1c, 0x1f, 0x1c, 0x1f, 0x1c, 0x1f, 0x1c, 0x1f, 0x1c,
        0x1f, 0x1c, 0x1f, 0x1c, 0x1f, 0x1c, 0x1f, 0x1c, 0x1f, 0x1c, 0x1f, 0x1c,
        0x1f, 0x1c, 0x1f, 0x1c, 0x1f, 0x1c, 0x1f, 0x1c, 0x1f, 0x1c, 0x1f, 0x1c,
        0x7a, 0x44, 0x6b, 0xb5, 0x20, 0xfe, 0x20, 0xfe, 0x20, 0xfe, 0x20, 0xfe,
        0x20, 0xfe, 0x20, 0xfe, 0x20, 0xfe, 0x20, 0xfe, 0x20, 0xfe, 0x20, 0xfe,
        0x20, 0xfe, 0x20, 0xfe, 0x20, 0xfe, 0x20, 0xfe, 0x20, 0xfe, 0x20, 0xfe,
        0x20, 0xfe, 0x20, 0xfe, 0x20, 0xfe, 0x20, 0xfe, 0x20, 0xfe, 0x20, 0xfe,
        0x20, 0xfe, 0x20, 0xfe, 0x20, 0xfe, 0x20, 0xfe, 0x6b, 0xb5, 0x7a, 0x44,
        0x1f, 0x1c, 0x1f, 0x1c, 0x1f, 0x1c, 0x1f, 0x1c, 0x1f, 0x1c, 0x1f, 0x1c,
        0x1f, 0x1c, 0x1f, 0x1c, 0x1f, 0x1c, 0x1f, 0x1c, 0x1f, 0x1c, 0x1f, 0x1c,
        0x1f, 0x1c, 0x1f, 0x1c, 0x1f, 0x1c, 0x1f, 0x1c, 0x1f, 0x1c, 0x1f, 0x1c,
        0x1f, 0x1c, 0x1f, 0x1c, 0x1f, 0x1c, 0x1f, 0x1c, 0x1f, 0x1c, 0x1f, 0x1c,
        0x1f, 0x1c, 0x1f, 0x1c, 0x1f, 0x1c, 0x1f, 0x1c, 0x1f, 0x1c, 0x1f, 0x1c,
        0x1f, 0x1c, 0x1f, 0x1c, 0x1f, 0x1c, 0x1f, 0x1c, 0x1f, 0x1c, 0x1f, 0x1c,
        0x1f, 0x1c, 0x1f, 0x1c, 0x1f, 0x1c, 0x1f, 0x1c, 0x1f, 0x1c, 0x1f, 0x1c,
        0x1f, 0x1c, 0x1f, 0x1c, 0x1f, 0x1c, 0x1f, 0x1c, 0x1f, 0x1c, 0x1f, 0x1c,
        0x1f, 0x1c, 0x1f, 0x1c, 0x1f, 0x1c, 0x1f, 0x1c, 0x1f, 0x1c, 0x1f, 0x1c,
        0x1f, 0x1c, 0x1f, 0x1c, 0x1f, 0x1c, 0x1f, 0x1c, 0x1f, 0x1c, 0x1f, 0x1c,
        0x1f, 0x24, 0x1f, 0x24, 0x1f, 0x24, 0x1f, 0x24, 0x1f, 0x24, 0x1f, 0x24,
        0x1f, 0x24, 0x1f, 0x24, 0x1f, 0x24, 0x1f, 0x24, 0x1f, 0x24, 0x1f, 0x24,
        0x1f, 0x24, 0x1f, 0x24, 0x1f, 0x24, 0x1f, 0x24, 0x1f, 0x24, 0x1f, 0x24,
        0x1f, 0x24, 0x1f, 0x24, 0x1f, 0x1c, 0x7a, 0x44, 0xe6, 0xdd, 0x20, 0xfe,
        0x20, 0xfe, 0x20, 0xfe, 0x20, 0xfe, 0x20, 0xfe, 0x20, 0xfe, 0x20, 0xfe,
        0x20, 0xfe, 0x20, 0xfe, 0x20, 0xfe, 0x20, 0xfe, 0x20, 0xfe, 0x20, 0xfe,
        0x20, 0xfe, 0x20, 0xfe, 0x20, 0xfe, 0x20, 0xfe, 0x20, 0xfe, 0x20, 0xfe,
        0x20, 0xfe, 0x20, 0xfe, 0x20, 0xfe, 0x20, 0xfe, 0x20, 0xfe, 0x20, 0xfe,
        0x20, 0xfe, 0x20, 0xfe, 0x20, 0xfe, 0xe6, 0xdd, 0x7a, 0x44, 0x1f, 0x1c,
        0x1f, 0x24, 0x1f, 0x24, 0x1f, 0x24, 0x1f, 0x24, 0x1f, 0x24, 0x1f, 0x24,
        0x1f, 0x24, 0x1f, 0x24, 0x1f, 0x24, 0x1f, 0x24, 0x1f, 0x24, 0x1f, 0x24,
        0x1f, 0x24, 0x1f, 0x24, 0x1f, 0x24, 0x1f, 0x24, 0x1f, 0x24, 0x1f, 0x24,
        0x1f, 0x24, 0x1f, 0x24, 0x1f, 0x24, 0x1f, 0x24, 0x1f, 0x24, 0x1f, 0x24,
        0x1f, 0x24, 0x1f, 0x24, 0x1f, 0x24, 0x1f, 0x24, 0x1f, 0x24, 0x1f, 0x24,
        0x1f, 0x24, 0x1f, 0x24, 0x1f, 0x24, 0x1f, 0x24, 0x1f, 0x24, 0x1f, 0x24,
        0x1f, 0x24, 0x1f, 0x24, 0x1f, 0x24, 0x1f, 0x24, 0x1f, 0x24, 0x1f, 0x24,
        0x1f, 0x24, 0x1f, 0x24, 0x1f, 0x24, 0x1f, 0x24, 0x1f, 0x24, 0x1f, 0x24,
        0x1f, 0x24, 0x1f, 0x24, 0x1f, 0x24, 0x1f, 0x24, 0x1f, 0x24, 0x1f, 0x24,
        0x1f, 0x24, 0x1f, 0x24, 0x1f, 0x24, 0x1f, 0x24, 0x1f, 0x24, 0x1f, 0x24,
        0x1f, 0x24, 0x1f, 0x24, 0x1f, 0x24, 0x1f, 0x24, 0x1f, 0x24, 0x1f, 0x24,
        0x1f, 0x24, 0x1f, 0x24, 0x1f, 0x24, 0x1f, 0x24, 0x1f, 0x24, 0x1f, 0x24,
        0x1f, 0x24, 0x1f, 0x24, 0x1f, 0x24, 0x1f, 0x24, 0x1f, 0x24, 0x1f, 0x24,
        0x3b, 0x34, 0xe6, 0xdd, 0x40, 0xfe, 0x40, 0xfe, 0x40, 0xfe, 0x40, 0xfe,
        0x40, 0xfe, 0x40, 0xfe, 0x40, 0xfe, 0x40, 0xfe, 0x20, 0xfe, 0x40, 0xfe,
        0x20, 0xfe, 0x40, 0xfe, 0x20, 0xfe, 0x20, 0xfe, 0x20, 0xfe, 0x20, 0xfe,
        0x20, 0xfe, 0x20, 0xfe, 0x20, 0xfe, 0x20, 0xfe, 0x20, 0xfe, 0x40, 0xfe,
        0x20, 0xfe, 0x40, 0xfe, 0x20, 0xfe, 0x40, 0xfe, 0x20, 0xfe, 0x40, 0xfe,
        0x40, 0xfe, 0x20, 0xfe, 0xe6, 0xdd, 0x3b, 0x34, 0x1f, 0x24, 0x1f, 0x24,
        0x1f, 0x24, 0x1f, 0x24, 0x1f, 0x24, 0x1f, 0x24, 0x1f, 0x24, 0x1f, 0x24,
        0x1f, 0x24, 0x1f, 0x24, 0x1f, 0x24, 0x1f, 0x24, 0x1f, 0x24, 0x1f, 0x24,
        0x1f, 0x24, 0x1f, 0x24, 0x1f, 0x24, 0x1f, 0x24, 0x1f, 0x24, 0x1f, 0x24,
        0x1f, 0x24, 0x1f, 0x24, 0x1f, 0x24, 0x1f, 0x24, 0x1f, 0x24, 0x1f, 0x24,
        0x1f, 0x24, 0x1f, 0x24, 0x1f, 0x24, 0x1f, 0x24, 0x1f, 0x24, 0x1f, 0x24,
        0x1f, 0x24, 0x1f, 0x24, 0x1f, 0x24, 0x1f, 0x24, 0x1f, 0x24, 0x1f, 0x24,
        0x1f, 0x24, 0x1f, 0x24, 0x1f, 0x24, 0x1f, 0x24, 0x1f, 0x24, 0x1f, 0x24,
        0x1f, 0x24, 0x1f, 0x24, 0x1f, 0x24, 0x1f, 0x24, 0x1f, 0x24, 0x1f, 0x24,
        0x1f, 0x24, 0x1f, 0x24, 0x1f, 0x24, 0x1f, 0x24, 0x1f, 0x24, 0x1f, 0x24,
        0x1f, 0x24, 0x1f, 0x24, 0x1f, 0x24, 0x1f, 0x24, 0x1f, 0x24, 0x1f, 0x24,
        0x1f, 0x24, 0x1f, 0x24, 0x1f, 0x24, 0x1f, 0x24, 0x1f, 0x24, 0x1f, 0x24,
        0x1f, 0x24, 0x1f, 0x24, 0x1f, 0x24, 0x1f, 0x24, 0x1f, 0x24, 0x1f, 0x24,
        0x1f, 0x24, 0x1f, 0x24, 0x1f, 0x24, 0x3f, 0x24, 0x6b, 0xb5, 0x40, 0xfe,
        0x40, 0xfe, 0x40, 0xfe, 0x40, 0xfe, 0x40, 0xfe, 0x40, 0xfe, 0x40, 0xfe,
        0x40, 0xfe, 0x40, 0xfe, 0x40, 0xfe, 0x40, 0xfe, 0x40, 0xfe, 0x40, 0xfe,
        0x40, 0xfe, 0x40, 0xfe, 0x40, 0xfe, 0x40, 0xfe, 0x40, 0xfe, 0x40, 0xfe,
        0x40, 0xfe, 0x40, 0xfe, 0x40, 0xfe, 0x40, 0xfe, 0x40, 0xfe, 0x40, 0xfe,
        0x40, 0xfe, 0x40, 0xfe, 0x40, 0xfe, 0x40, 0xfe, 0x40, 0xfe, 0x40, 0xfe,
        0x40, 0xfe, 0x6b, 0xb5, 0x3f, 0x24, 0x1f, 0x24, 0x1f, 0x24, 0x1f, 0x24,
        0x1f, 0x24, 0x1f, 0x24, 0x1f, 0x24, 0x1f, 0x24, 0x1f, 0x24, 0x1f, 0x24,
        0x1f, 0x24, 0x1f, 0x24, 0x1f, 0x24, 0x1f, 0x24, 0x1f, 0x24, 0x1f, 0x24,
        0x1f, 0x24, 0x1f, 0x24, 0x1f, 0x24, 0x1f, 0x24, 0x1f, 0x24, 0x1f, 0x24,
        0x1f, 0x24, 0x1f, 0x24, 0x1f, 0x24, 0x1f, 0x24, 0x1f, 0x24, 0x1f, 0x24,
        0x1f, 0x24, 0x1f, 0x24, 0x1f, 0x24, 0x1f, 0x24, 0x1f, 0x24, 0x1f, 0x24,
        0x1f, 0x24, 0x1f, 0x24, 0x1f, 0x24, 0x1f, 0x24, 0x1f, 0x24, 0x1f, 0x24,
        0x1f, 0x24, 0x1f, 0x24, 0x1f, 0x24, 0x1f, 0x24, 0x1f, 0x24, 0x1f, 0x24,
        0x1f, 0x24, 0x1f, 0x24, 0x1f, 0x24, 0x1f, 0x24, 0x1f, 0x24, 0x1f, 0x24,
        0x1f, 0x24, 0x1f, 0x24, 0x1f, 0x24, 0x1f, 0x24, 0x1f, 0x24, 0x1f, 0x24,
        0x1f, 0x24, 0x1f, 0x24, 0x1f, 0x24, 0x1f, 0x24, 0x1f, 0x24, 0x1f, 0x24,
        0x1f, 0x24, 0x1f, 0x24, 0x1f, 0x24, 0x1f, 0x24, 0x1f, 0x24, 0x1f, 0x24,
        0x1f, 0x24, 0x1f, 0x24, 0x1f, 0x24, 0x1f, 0x24, 0x1f, 0x24, 0x1f, 0x24,
        0x1f, 0x24, 0x11, 0x85, 0x40, 0xfe, 0x40, 0xfe, 0x40, 0xfe, 0x40, 0xfe,
        0x40, 0xfe, 0x40, 0xfe, 0x40, 0xfe, 0x40, 0xfe, 0x40, 0xfe, 0x40, 0xfe,
        0x40, 0xfe, 0x40, 0xfe, 0x40, 0xfe, 0x40, 0xfe, 0x40, 0xfe, 0x40, 0xfe,
        0x40, 0xfe, 0x40, 0xfe, 0x40, 0xfe, 0x40, 0xfe, 0x40, 0xfe, 0x40, 0xfe,
        0x40, 0xfe, 0x40, 0xfe, 0x40, 0xfe, 0x40, 0xfe, 0x40, 0xfe, 0x40, 0xfe,
        0x40, 0xfe, 0x40, 0xfe, 0x40, 0xfe, 0x40, 0xfe, 0x40, 0xfe, 0x40, 0xfe,
        0x11, 0x85, 0x1f, 0x24, 0x1f, 0x24, 0x1f, 0x24, 0x1f, 0x24, 0x1f, 0x24,
        0x1f, 0x24, 0x1f, 0x24, 0x1f, 0x24, 0x1f, 0x24, 0x1f, 0x24, 0x1f, 0x24,
        0x1f, 0x24, 0x1f, 0x24, 0x1f, 0x24, 0x1f, 0x24, 0x1f, 0x24, 0x1f, 0x24,
        0x1f, 0x24, 0x1f, 0x24, 0x1f, 0x24, 0x1f, 0x24, 0x1f, 0x24, 0x1f, 0x24,
        0x1f, 0x24, 0x1f, 0x24, 0x1f, 0x24, 0x1f, 0x24, 0x1f, 0x24, 0x1f, 0x24,
        0x1f, 0x24, 0x1f, 0x24, 0x1f, 0x24, 0x1f, 0x24, 0x1f, 0x24, 0x1f, 0x24,
        0x1f, 0x24, 0x1f, 0x24, 0x1f, 0x24, 0x1f, 0x24, 0x1f, 0x24, 0x1f, 0x24,
        0x1f, 0x24, 0x1f, 0x24, 0x1f, 0x24, 0x1f, 0x24, 0x1f, 0x24, 0x1f, 0x24,
        0x1f, 0x24, 0x1f, 0x24, 0x1f, 0x24, 0x1f, 0x24, 0x1f, 0x24, 0x1f, 0x24,
        0x1f, 0x24, 0x1f, 0x24, 0x1f, 0x24, 0x1f, 0x24, 0x3f, 0x24, 0x3f, 0x24,
        0x3f, 0x24, 0x3f, 0x24, 0x3f, 0x24, 0x3f, 0x24, 0x3f, 0x24, 0x3f, 0x24,
        0x3f, 0x24, 0x3f, 0x24, 0x3f, 0x24, 0x3f, 0x24, 0x3f, 0x24, 0x3f, 0x24,
        0x3f, 0x24, 0x3f, 0x24, 0x3f, 0x24, 0x3f, 0x24, 0x7a, 0x44, 0xe6, 0xdd,
        0x60, 0xfe, 0x60, 0xfe, 0x60, 0xfe, 0x60, 0xfe, 0x60, 0xfe, 0x60, 0xfe,
        0x60, 0xfe, 0x60, 0xfe, 0x60, 0xfe, 0x60, 0xfe, 0x60, 0xfe, 0x60, 0xfe,
        0x60, 0xfe, 0x60, 0xfe, 0x60, 0xfe, 0x60, 0xfe, 0x60, 0xfe, 0x60, 0xfe,
        0x60, 0xfe, 0x60, 0xfe, 0x60, 0xfe, 0x60, 0xfe, 0x60, 0xfe, 0x60, 0xfe,
        0x60, 0xfe, 0x60, 0xfe, 0x60, 0xfe, 0x60, 0xfe, 0x60, 0xfe, 0x60, 0xfe,
        0x40, 0xfe, 0x40, 0xfe, 0x60, 0xfe, 0x60, 0xfe, 0xe6, 0xdd, 0xdc, 0x3c,
        0xbf, 0x24, 0xbf, 0x24, 0x9f, 0x1c, 0x7f, 0x24, 0x3f, 0x24, 0x1f, 0x24,
        0x1f, 0x24, 0x3f, 0x24, 0x3f, 0x24, 0x3f, 0x24, 0x3f, 0x24, 0x3f, 0x24,
        0x3f, 0x24, 0x3f, 0x24, 0x3f, 0x24, 0x3f, 0x24, 0x3f, 0x24, 0x3f, 0x24,
        0x3f, 0x24, 0x3f, 0x24, 0x3f, 0x24, 0x3f, 0x24, 0x3f, 0x24, 0x3f, 0x24,
        0x3f, 0x24, 0x3f, 0x24, 0x3f, 0x24, 0x3f, 0x24, 0x3f, 0x24, 0x3f, 0x24,
        0x3f, 0x24, 0x3f, 0x24, 0x3f, 0x24, 0x3f, 0x24, 0x3f, 0x24, 0x3f, 0x24,
        0x3f, 0x24, 0x3f, 0x24, 0x3f, 0x24, 0x3f, 0x24, 0x3f, 0x24, 0x3f, 0x24,
        0x3f, 0x24, 0x3f, 0x24, 0x3f, 0x24, 0x3f, 0x24, 0x3f, 0x24, 0x3f, 0x24,
        0x3f, 0x24, 0x3f, 0x24, 0x3f, 0x24, 0x3f, 0x24, 0x3f, 0x24, 0x3f, 0x24,
        0x3f, 0x24, 0x3f, 0x24, 0x3f, 0x24, 0x3f, 0x24, 0x3f, 0x24, 0x3f, 0x24,
        0x3f, 0x24, 0x3f, 0x24, 0x3f, 0x24, 0x3f, 0x24, 0x3f, 0x24, 0x3f, 0x24,
        0x3f, 0x24, 0x3f, 0x24, 0x3f, 0x24, 0x3f, 0x24, 0x3f, 0x24, 0x3f, 0x24,
        0x3f, 0x24, 0x5f, 0x24, 0x6b, 0xb5, 0x60, 0xfe, 0x60, 0xfe, 0x60, 0xfe,
        0x60, 0xfe, 0x60, 0xfe, 0x60, 0xfe, 0x60, 0xfe, 0x60, 0xfe, 0x60, 0xfe,
        0x60, 0xfe, 0x60, 0xfe, 0x60, 0xfe, 0x60, 0xfe, 0x60, 0xfe, 0x60, 0xfe,
        0x60, 0xfe, 0x60, 0xfe, 0x60, 0xfe, 0x60, 0xfe, 0x60, 0xfe, 0x60, 0xfe,
        0x60, 0xfe, 0x60, 0xfe, 0x60, 0xfe, 0x60, 0xfe, 0x60, 0xfe, 0x60, 0xfe,
        0x60, 0xfe, 0x60, 0xfe, 0x60, 0xfe, 0x80, 0xfe, 0xc0, 0xfe, 0x49, 0xff,
        0x70, 0xff, 0xb5, 0xff, 0xb5, 0xff, 0xbd, 0xf7, 0x1f, 0xbf, 0x1f, 0xbf,
        0x1f, 0xbf, 0x9f, 0x9e, 0x3f, 0x8e, 0xdf, 0x75, 0x7f, 0x4d, 0x7f, 0x24,
        0x3f, 0x24, 0x3f, 0x24, 0x3f, 0x24, 0x3f, 0x24, 0x3f, 0x24, 0x3f, 0x24,
        0x3f, 0x24, 0x3f, 0x24, 0x3f, 0x24, 0x3f, 0x24, 0x3f, 0x24, 0x3f, 0x24,
        0x3f, 0x24, 0x3f, 0x24, 0x3f, 0x24, 0x3f, 0x24, 0x3f, 0x24, 0x3f, 0x24,
        0x3f, 0x24, 0x3f, 0x24, 0x3f, 0x24, 0x3f, 0x24, 0x3f, 0x24, 0x3f, 0x24,
        0x3f, 0x24, 0x3f, 0x24, 0x3f, 0x24, 0x3f, 0x24, 0x3f, 0x24, 0x3f, 0x24,
        0x3f, 0x24, 0x3f, 0x24, 0x3f, 0x24, 0x3f, 0x24, 0x3f, 0x24, 0x3f, 0x24,
        0x3f, 0x24, 0x3f, 0x24, 0x3f, 0x24, 0x3f, 0x24, 0x3f, 0x24, 0x3f, 0x24,
        0x3f, 0x24, 0x3f, 0x24, 0x3f, 0x24, 0x3f, 0x24, 0x3f, 0x24, 0x3f, 0x24,
        0x5f, 0x24, 0x5f, 0x24, 0x3f, 0x24, 0x5f, 0x24, 0x5f, 0x24, 0x3f, 0x24,
        0x5f, 0x24, 0x5f, 0x24, 0x5f, 0x24, 0x5f, 0x24, 0x5f, 0x24, 0x5f, 0x24,
        0x5f, 0x24, 0x3f, 0x24, 0x3f, 0x24, 0x5f, 0x24, 0x3f, 0x24, 0x7a, 0x44,
        0x40, 0xfe, 0x80, 0xfe, 0x80, 0xfe, 0x80, 0xfe, 0x80, 0xfe, 0x80, 0xfe,
        0x80, 0xfe, 0x80, 0xfe, 0x80, 0xfe, 0x80, 0xfe, 0x80, 0xfe, 0x80, 0xfe,
        0x80, 0xfe, 0x80, 0xfe, 0x80, 0xfe, 0x80, 0xfe, 0x80, 0xfe, 0x80, 0xfe,
        0x80, 0xfe, 0x80, 0xfe, 0x80, 0xfe, 0x80, 0xfe, 0x80, 0xfe, 0x80, 0xfe,
        0x80, 0xfe, 0x80, 0xfe, 0x80, 0xfe, 0x60, 0xfe, 0x80, 0xfe, 0xc0, 0xfe,
        0x49, 0xff, 0xb5, 0xff, 0xda, 0xff, 0xda, 0xff, 0xda, 0xff, 0xda, 0xff,
        0xda, 0xff, 0xda, 0xff, 0x7f, 0xdf, 0x7f, 0xdf, 0x7f, 0xdf, 0x7f, 0xdf,
        0x7f, 0xdf, 0x7f, 0xdf, 0x1f, 0xbf, 0x9f, 0x9e, 0xdf, 0x75, 0xbf, 0x24,
        0x5f, 0x24, 0x3f, 0x24, 0x3f, 0x24, 0x5f, 0x24, 0x5f, 0x24, 0x3f, 0x24,
        0x5f, 0x24, 0x5f, 0x24, 0x3f, 0x24, 0x5f, 0x24, 0x5f, 0x24, 0x5f, 0x24,
        0x3f, 0x24, 0x5f, 0x24, 0x5f, 0x24, 0x5f, 0x24, 0x3f, 0x24, 0x5f, 0x24,
        0x3f, 0x24, 0x5f, 0x24, 0x5f, 0x24, 0x5f, 0x24, 0x5f, 0x24, 0x3f, 0x24,
        0x5f, 0x24, 0x5f, 0x24, 0x5f, 0x24, 0x5f, 0x24, 0x5f, 0x24, 0x3f, 0x24,
        0x5f, 0x24, 0x3f, 0x24, 0x5f, 0x24, 0x5f, 0x24, 0x3f, 0x24, 0x5f, 0x24,
        0x5f, 0x24, 0x5f, 0x24, 0x5f, 0x24, 0x5f, 0x24, 0x3f, 0x24, 0x3f, 0x24,
        0x5f, 0x24, 0x5f, 0x24, 0x5f, 0x24, 0x5f, 0x24, 0x5f, 0x24, 0x5f, 0x24,
        0x5f, 0x24, 0x5f, 0x24, 0x5f, 0x24, 0x5f, 0x24, 0x5f, 0x24, 0x5f, 0x24,
        0x5f, 0x24, 0x5f, 0x24, 0x5f, 0x24, 0x5f, 0x24, 0x5f, 0x24, 0x5f, 0x24,
        0x5f, 0x24, 0x5f, 0x24, 0x1f, 0x24, 0x10, 0x96, 0x80, 0xfe, 0x80, 0xfe,
        0x80, 0xfe, 0x60, 0xfe, 0x80, 0xfe, 0x80, 0xfe, 0x60, 0xfe, 0x80, 0xfe,
        0x80, 0xfe, 0x60, 0xfe, 0x80, 0xfe, 0x80, 0xfe, 0x60, 0xfe, 0x80, 0xfe,
        0x80, 0xfe, 0x60, 0xfe, 0x80, 0xfe, 0x80, 0xfe, 0x60, 0xfe, 0x80, 0xfe,
        0x80, 0xfe, 0x60, 0xfe, 0x80, 0xfe, 0x80, 0xfe, 0x60, 0xfe, 0x80, 0xfe,
        0x80, 0xfe, 0x80, 0xfe, 0x70, 0xff, 0xb5, 0xff, 0xda, 0xff, 0xda, 0xff,
        0xda, 0xff, 0xda, 0xff, 0xda, 0xff, 0xda, 0xff, 0xda, 0xff, 0xda, 0xff,
        0xbd, 0xf7, 0x7f, 0xdf, 0x7f, 0xdf, 0x7f, 0xdf, 0x7f, 0xdf, 0x7f, 0xdf,
        0x7f, 0xdf, 0x7f, 0xdf, 0x7f, 0xdf, 0x1f, 0xbf, 0xdf, 0x75, 0xbf, 0x24,
        0x3f, 0x24, 0x5f, 0x24, 0x5f, 0x24, 0x5f, 0x24, 0x5f, 0x24, 0x5f, 0x24,
        0x5f, 0x24, 0x5f, 0x24, 0x5f, 0x24, 0x5f, 0x24, 0x5f, 0x24, 0x5f, 0x24,
        0x5f, 0x24, 0x5f, 0x24, 0x5f, 0x24, 0x5f, 0x24, 0x5f, 0x24, 0x5f, 0x24,
        0x5f, 0x24, 0x5f, 0x24, 0x5f, 0x24, 0x5f, 0x24, 0x5f, 0x24, 0x5f, 0x24,
        0x5f, 0x24, 0x5f, 0x24, 0x5f, 0x24, 0x5f, 0x24, 0x5f, 0x24, 0x5f, 0x24,
        0x5f, 0x24, 0x5f, 0x24, 0x5f, 0x24, 0x5f, 0x24, 0x5f, 0x24, 0x5f, 0x24,
        0x5f, 0x24, 0x5f, 0x24, 0x5f, 0x24, 0x5f, 0x24, 0x5f, 0x24, 0x5f, 0x24,
        0x5f, 0x24, 0x5f, 0x24, 0x5f, 0x24, 0x5f, 0x24, 0x5f, 0x24, 0x5f, 0x24,
        0x5f, 0x24, 0x5f, 0x24, 0x5f, 0x24, 0x5f, 0x24, 0x5f, 0x24, 0x5f, 0x24,
        0x5f, 0x24, 0x5f, 0x24, 0x5f, 0x24, 0x5f, 0x24, 0x5f, 0x24, 0x5f, 0x24,
        0x3b, 0x34, 0xe6, 0xdd, 0x80, 0xfe, 0x80, 0xfe, 0x80, 0xfe, 0x80, 0xfe,
        0x80, 0xfe, 0x80, 0xfe, 0x80, 0xfe, 0x80, 0xfe, 0x80, 0xfe, 0x80, 0xfe,
        0x80, 0xfe, 0x80, 0xfe, 0x80, 0xfe, 0x80, 0xfe, 0x80, 0xfe, 0x80, 0xfe,
        0x80, 0xfe, 0x80, 0xfe, 0x80, 0xfe, 0x80, 0xfe, 0x80, 0xfe, 0x80, 0xfe,
        0x80, 0xfe, 0x80, 0xfe, 0x80, 0xfe, 0x80, 0xfe, 0x49, 0xff, 0xb5, 0xff,
        0xda, 0xff, 0xda, 0xff, 0xda, 0xff, 0xda, 0xff, 0xda, 0xff, 0xda, 0xff,
        0xda, 0xff, 0xda, 0xff, 0xda, 0xff, 0xda, 0xff, 0xbd, 0xf7, 0x7f, 0xdf,
        0x7f, 0xdf, 0x7f, 0xdf, 0x7f, 0xdf, 0x7f, 0xdf, 0x7f, 0xdf, 0x7f, 0xdf,
        0x7f, 0xdf, 0x7f, 0xdf, 0x7f, 0xdf, 0x1f, 0xbf, 0x7f, 0x4d, 0x7f, 0x24,
        0x5f, 0x24, 0x5f, 0x24, 0x5f, 0x24, 0x5f, 0x24, 0x5f, 0x24, 0x5f, 0x24,
        0x5f, 0x24, 0x5f, 0x24, 0x5f, 0x24, 0x5f, 0x24, 0x5f, 0x24, 0x5f, 0x24,
        0x5f, 0x24, 0x5f, 0x24, 0x5f, 0x24, 0x5f, 0x24, 0x5f, 0x24, 0x5f, 0x24,
        0x5f, 0x24, 0x5f, 0x24, 0x5f, 0x24, 0x5f, 0x24, 0x5f, 0x24, 0x5f, 0x24,
        0x5f, 0x24, 0x5f, 0x24, 0x5f, 0x24, 0x5f, 0x24, 0x5f, 0x24, 0x5f, 0x24,
        0x5f, 0x24, 0x5f, 0x24, 0x5f, 0x24, 0x5f, 0x24, 0x5f, 0x24, 0x5f, 0x24,
        0x5f, 0x24, 0x5f, 0x24, 0x5f, 0x24, 0x5f, 0x24, 0x5f, 0x24, 0x5f, 0x24,
        0x7f, 0x24, 0x7f, 0x24, 0x7f, 0x24, 0x7f, 0x24, 0x7f, 0x24, 0x7f, 0x24,
        0x7f, 0x24, 0x7f, 0x24, 0x7f, 0x24, 0x7f, 0x24, 0x7f, 0x24, 0x7f, 0x24,
        0x7f, 0x24, 0x7f, 0x24, 0x7f, 0x24, 0x7f, 0x24, 0xb5, 0x6c, 0x80, 0xfe,
        0xc0, 0xfe, 0xc0, 0xfe, 0xc0, 0xfe, 0xc0, 0xfe, 0xc0, 0xfe, 0xc0, 0xfe,
        0xc0, 0xfe, 0xc0, 0xfe, 0xc0, 0xfe, 0xc0, 0xfe, 0xc0, 0xfe, 0xc0, 0xfe,
        0xc0, 0xfe, 0xc0, 0xfe, 0xc0, 0xfe, 0xc0, 0xfe, 0xc0, 0xfe, 0xc0, 0xfe,
        0xc0, 0xfe, 0xc0, 0xfe, 0xc0, 0xfe, 0xc0, 0xfe, 0xc0, 0xfe, 0xc0, 0xfe,
        0xc0, 0xfe, 0x70, 0xff, 0xda, 0xff, 0xda, 0xff, 0xda, 0xff, 0xda, 0xff,
        0xda, 0xff, 0xda, 0xff, 0xda, 0xff, 0xda, 0xff, 0xda, 0xff, 0xda, 0xff,
        0xda, 0xff, 0xda, 0xff, 0xda, 0xff, 0x7f, 0xdf, 0x7f, 0xdf, 0x7f, 0xdf,
        0x7f, 0xdf, 0x7f, 0xdf, 0x7f, 0xdf, 0x7f, 0xdf, 0x7f, 0xdf, 0x7f, 0xdf,
        0x7f, 0xdf, 0x7f, 0xdf, 0x7f, 0xdf, 0x3f, 0x8e, 0x9f, 0x1c, 0x5f, 0x24,
        0x7f, 0x24, 0x7f, 0x24, 0x7f, 0x24, 0x7f, 0x24, 0x7f, 0x24, 0x7f, 0x24,
        0x7f, 0x24, 0x7f, 0x24, 0x7f, 0x24, 0x7f, 0x24, 0x7f, 0x24, 0x7f, 0x24,
        0x7f, 0x24, 0x7f, 0x24, 0x7f, 0x24, 0x7f, 0x24, 0x7f, 0x24, 0x7f, 0x24,
        0x7f, 0x24, 0x7f, 0x24, 0x7f, 0x24, 0x7f, 0x24, 0x7f, 0x24, 0x7f, 0x24,
        0x7f, 0x24, 0x7f, 0x24, 0x7f, 0x24, 0x7f, 0x24, 0x7f, 0x24, 0x7f, 0x24,
        0x7f, 0x24, 0x7f, 0x24, 0x7f, 0x24, 0x7f, 0x24, 0x7f, 0x24, 0x7f, 0x24,
        0x7f, 0x24, 0x7f, 0x24, 0x7f, 0x24, 0x7f, 0x24, 0x7f, 0x24, 0x7f, 0x24,
        0x7f, 0x24, 0x7f, 0x24, 0x7f, 0x24, 0x7f, 0x24, 0x7f, 0x24, 0x7f, 0x24,
        0x7f, 0x24, 0x7f, 0x24, 0x7f, 0x24, 0x7f, 0x24, 0x7f, 0x24, 0x7f, 0x24,
        0x7f, 0x24, 0x7f, 0x24, 0xb3, 0x75, 0xc0, 0xfe, 0x80, 0xfe, 0xc0, 0xfe,
        0x80, 0xfe, 0xc0, 0xfe, 0x80, 0xfe, 0xc0, 0xfe, 0x80, 0xfe, 0xc0, 0xfe,
        0x80, 0xfe, 0xc0, 0xfe, 0x80, 0xfe, 0xc0, 0xfe, 0x80, 0xfe, 0xc0, 0xfe,
        0x80, 0xfe, 0xc0, 0xfe, 0x80, 0xfe, 0xc0, 0xfe, 0x80, 0xfe, 0xc0, 0xfe,
        0x80, 0xfe, 0xc0, 0xfe, 0x80, 0xfe, 0xc0, 0xfe, 0x70, 0xff, 0xda, 0xff,
        0xda, 0xff, 0xda, 0xff, 0xda, 0xff, 0xda, 0xff, 0xda, 0xff, 0xda, 0xff,
        0xda, 0xff, 0xda, 0xff, 0xda, 0xff, 0xda, 0xff, 0xda, 0xff, 0xda, 0xff,
        0xda, 0xff, 0xbd, 0xf7, 0x7f, 0xdf, 0x7f, 0xdf, 0x7f, 0xdf, 0x7f, 0xdf,
        0x7f, 0xdf, 0x7f, 0xdf, 0x7f, 0xdf, 0x7f, 0xdf, 0x7f, 0xdf, 0x7f, 0xdf,
        0x7f, 0xdf, 0x7f, 0xdf, 0x9f, 0x9e, 0xbf, 0x24, 0x7f, 0x24, 0x7f, 0x24,
        0x7f, 0x24, 0x7f, 0x24, 0x7f, 0x24, 0x7f, 0x24, 0x7f, 0x24, 0x7f, 0x24,
        0x7f, 0x24, 0x7f, 0x24, 0x7f, 0x24, 0x7f, 0x24, 0x7f, 0x24, 0x7f, 0x24,
        0x7f, 0x24, 0x7f, 0x24, 0x7f, 0x24, 0x7f, 0x24, 0x7f, 0x24, 0x7f, 0x24,
        0x7f, 0x24, 0x7f, 0x24, 0x7f, 0x24, 0x7f, 0x24, 0x7f, 0x24, 0x7f, 0x24,
        0x7f, 0x24, 0x7f, 0x24, 0x7f, 0x24, 0x7f, 0x24, 0x7f, 0x24, 0x7f, 0x24,
        0x7f, 0x24, 0x7f, 0x24, 0x7f, 0x24, 0x7f, 0x24, 0x7f, 0x24, 0x7f, 0x24,
        0x7f, 0x24, 0x7f, 0x24, 0x7f, 0x24, 0x7f, 0x24, 0x7f, 0x24, 0x7f, 0x24,
        0x7f, 0x24, 0x7f, 0x24, 0x7f, 0x24, 0x7f, 0x24, 0x7f, 0x24, 0x7f, 0x24,
        0x7f, 0x24, 0x7f, 0x24, 0x7f, 0x24, 0x7f, 0x24, 0x7f, 0x24, 0x9f, 0x1c,
        0x6b, 0xb5, 0xc0, 0xfe, 0xc0, 0xfe, 0xc0, 0xfe, 0xc0, 0xfe, 0xc0, 0xfe,
        0xc0, 0xfe, 0xc0, 0xfe, 0xc0, 0xfe, 0xc0, 0xfe, 0xc0, 0xfe, 0xc0, 0xfe,
        0xc0, 0xfe, 0xc0, 0xfe, 0xc0, 0xfe, 0xc0, 0xfe, 0xc0, 0xfe, 0xc0, 0xfe,
        0xc0, 0xfe, 0xc0, 0xfe, 0xc0, 0xfe, 0xc0, 0xfe, 0xc0, 0xfe, 0xc0, 0xfe,
        0xc0, 0xfe, 0xb5, 0xff, 0xda, 0xff, 0xda, 0xff, 0xda, 0xff, 0xda, 0xff,
        0xda, 0xff, 0xda, 0xff, 0xda, 0xff, 0xda, 0xff, 0xda, 0xff, 0xda, 0xff,
        0xda, 0xff, 0xda, 0xff, 0xda, 0xff, 0xda, 0xff, 0xda, 0xff, 0xbd, 0xf7,
        0x7f, 0xdf, 0x7f, 0xdf, 0x7f, 0xdf, 0x7f, 0xdf, 0x7f, 0xdf, 0x7f, 0xdf,
        0x7f, 0xdf, 0x7f, 0xdf, 0x7f, 0xdf, 0x7f, 0xdf, 0x7f, 0xdf, 0x7f, 0xdf,
        0x7f, 0xdf, 0x9f, 0x9e, 0xbf, 0x24, 0x7f, 0x24, 0x7f, 0x24, 0x7f, 0x24,
        0x7f, 0x24, 0x7f, 0x24, 0x7f, 0x24, 0x7f, 0x24, 0x7f, 0x24, 0x7f, 0x24,
        0x7f, 0x24, 0x7f, 0x24, 0x7f, 0x24, 0x7f, 0x24, 0x7f, 0x24, 0x7f, 0x24,
        0x7f, 0x24, 0x7f, 0x24, 0x7f, 0x24, 0x7f, 0x24, 0x7f, 0x24, 0x7f, 0x24,
        0x7f, 0x24, 0x7f, 0x24, 0x7f, 0x24, 0x7f, 0x24, 0x7f, 0x24, 0x7f, 0x24,
        0x7f, 0x24, 0x7f, 0x24, 0x7f, 0x24, 0x7f, 0x24, 0x7f, 0x24, 0x7f, 0x24,
        0x7f, 0x24, 0x7f, 0x24, 0x7f, 0x24, 0x7f, 0x24, 0x7f, 0x24, 0x7f, 0x24,
        0x9f, 0x1c, 0x9f, 0x1c, 0x9f, 0x1c, 0x9f, 0x1c, 0x9f, 0x1c, 0x9f, 0x1c,
        0x9f, 0x1c, 0x9f, 0x1c, 0x9f, 0x1c, 0x9f, 0x1c, 0x9f, 0x1c, 0x9f, 0x1c,
        0x9f, 0x1c, 0x9f, 0x1c, 0x9f, 0x1c, 0x9f, 0x1c, 0x69, 0xc6, 0xc0, 0xfe,
        0xc0, 0xfe, 0xc0, 0xfe, 0xc0, 0xfe, 0xc0, 0xfe, 0xc0, 0xfe, 0xc0, 0xfe,
        0xc0, 0xfe, 0xc0, 0xfe, 0xc0, 0xfe, 0xc0, 0xfe, 0xc0, 0xfe, 0xc0, 0xfe,
        0xc0, 0xfe, 0xc0, 0xfe, 0xc0, 0xfe, 0xc0, 0xfe, 0xc0, 0xfe, 0xc0, 0xfe,
        0xc0, 0xfe, 0xc0, 0xfe, 0xc0, 0xfe, 0xc0, 0xfe, 0x70, 0xff, 0xda, 0xff,
        0xda, 0xff, 0xda, 0xff, 0xda, 0xff, 0xda, 0xff, 0xda, 0xff, 0xda, 0xff,
        0xda, 0xff, 0xda, 0xff, 0xda, 0xff, 0xda, 0xff, 0xda, 0xff, 0xda, 0xff,
        0xda, 0xff, 0xda, 0xff, 0xda, 0xff, 0xbd, 0xf7, 0x7f, 0xdf, 0x7f, 0xdf,
        0x7f, 0xdf, 0x7f, 0xdf, 0x7f, 0xdf, 0x7f, 0xdf, 0x7f, 0xdf, 0x7f, 0xdf,
        0x7f, 0xdf, 0x7f, 0xdf, 0x7f, 0xdf, 0x7f, 0xdf, 0x7f, 0xdf, 0x7f, 0xdf,
        0x3f, 0x8e, 0x9f, 0x24, 0x9f, 0x1c, 0x9f, 0x1c, 0x9f, 0x1c, 0x9f, 0x1c,
        0x9f, 0x1c, 0x9f, 0x1c, 0x9f, 0x1c, 0x9f, 0x1c, 0x9f, 0x1c, 0x9f, 0x1c,
        0x9f, 0x1c, 0x9f, 0x1c, 0x9f, 0x1c, 0x9f, 0x1c, 0x9f, 0x1c, 0x9f, 0x1c,
        0x9f, 0x1c, 0x9f, 0x1c, 0x9f, 0x1c, 0x9f, 0x1c, 0x9f, 0x1c, 0x9f, 0x1c,
        0x9f, 0x1c, 0x9f, 0x1c, 0x9f, 0x1c, 0x9f, 0x1c, 0x9f, 0x1c, 0x9f, 0x1c,
        0x9f, 0x1c, 0x9f, 0x1c, 0x9f, 0x1c, 0x9f, 0x1c, 0x9f, 0x1c, 0x9f, 0x1c,
        0x9f, 0x1c, 0x9f, 0x1c, 0x9f, 0x1c, 0x9f, 0x1c, 0x9f, 0x1c, 0x9f, 0x1c,
        0x9f, 0x1c, 0x9f, 0x1c, 0x9f, 0x1c, 0x9f, 0x1c, 0x9f, 0x1c, 0x7f, 0x24,
        0x9f, 0x1c, 0x9f, 0x1c, 0x9f, 0x1c, 0x9f, 0x1c, 0x9f, 0x1c, 0x9f, 0x1c,
        0x7f, 0x24, 0xdc, 0x3c, 0xa4, 0xe6, 0xe0, 0xfe, 0xc0, 0xfe, 0xc0, 0xfe,
        0xe0, 0xfe, 0xc0, 0xfe, 0xe0, 0xfe, 0xc0, 0xfe, 0xe0, 0xfe, 0xc0, 0xfe,
        0xe0, 0xfe, 0xc0, 0xfe, 0xe0, 0xfe, 0xc0, 0xfe, 0xe0, 0xfe, 0xc0, 0xfe,
        0xe0, 0xfe, 0xc0, 0xfe, 0xe0, 0xfe, 0xc0, 0xfe, 0xe0, 0xfe, 0xc0, 0xfe,
        0xe0, 0xfe, 0x49, 0xff, 0xda, 0xff, 0xda, 0xff, 0xda, 0xff, 0xda, 0xff,
        0xda, 0xff, 0xda, 0xff, 0xda, 0xff, 0xda, 0xff, 0xda, 0xff, 0xda, 0xff,
        0xda, 0xff, 0xda, 0xff, 0xda, 0xff, 0xda, 0xff, 0xda, 0xff, 0xda, 0xff,
        0xda, 0xff, 0xda, 0xff, 0x7f, 0xdf, 0x7f, 0xdf, 0x7f, 0xdf, 0x7f, 0xdf,
        0x7f, 0xdf, 0x7f, 0xdf, 0x7f, 0xdf, 0x7f, 0xdf, 0x7f, 0xdf, 0x7f, 0xdf,
        0x7f, 0xdf, 0x7f, 0xdf, 0x7f, 0xdf, 0x7f, 0xdf, 0x7f, 0xdf, 0xdf, 0x75,
        0x9f, 0x1c, 0x9f, 0x1c, 0x9f, 0x1c, 0x9f, 0x1c, 0x9f, 0x1c, 0x9f, 0x1c,
        0x9f, 0x1c, 0x9f, 0x1c, 0x9f, 0x1c, 0x9f, 0x1c, 0x9f, 0x1c, 0x9f, 0x1c,
        0x9f, 0x1c, 0x9f, 0x1c, 0x9f, 0x1c, 0x9f, 0x1c, 0x9f, 0x1c, 0x9f, 0x1c,
        0x9f, 0x1c, 0x9f, 0x1c, 0x9f, 0x1c, 0x9f, 0x1c, 0x9f, 0x1c, 0x9f, 0x1c,
        0x9f, 0x1c, 0x9f, 0x1c, 0x7f, 0x24, 0x9f, 0x1c, 0x9f, 0x1c, 0x9f, 0x1c,
        0x9f, 0x1c, 0x9f, 0x1c, 0x9f, 0x1c, 0x9f, 0x1c, 0x9f, 0x1c, 0x9f, 0x1c,
        0x9f, 0x1c, 0x9f, 0x1c, 0x9f, 0x1c, 0x9f, 0x1c, 0x9f, 0x1c, 0x9f, 0x1c,
        0x9f, 0x1c, 0x9f, 0x1c, 0x9f, 0x1c, 0x9f, 0x1c, 0x9f, 0x1c, 0x9f, 0x1c,
        0x9f, 0x1c, 0x9f, 0x1c, 0x9f, 0x1c, 0x9f, 0x1c, 0x9f, 0x1c, 0xdc, 0x3c,
        0xa4, 0xe6, 0xe0, 0xfe, 0xe0, 0xfe, 0xe0, 0xfe, 0xe0, 0xfe, 0xe0, 0xfe,
        0xe0, 0xfe, 0xe0, 0xfe, 0xe0, 0xfe, 0xe0, 0xfe, 0xe0, 0xfe, 0xe0, 0xfe,
        0xe0, 0xfe, 0xe0, 0xfe, 0xe0, 0xfe, 0xe0, 0xfe, 0xe0, 0xfe, 0xe0, 0xfe,
        0xe0, 0xfe, 0xe0, 0xfe, 0xe0, 0xfe, 0xe0, 0xfe, 0x49, 0xff, 0xda, 0xff,
        0xda, 0xff, 0xda, 0xff, 0xda, 0xff, 0xda, 0xff, 0xda, 0xff, 0xda, 0xff,
        0xda, 0xff, 0xda, 0xff, 0xda, 0xff, 0xda, 0xff, 0xda, 0xff, 0xda, 0xff,
        0xda, 0xff, 0xda, 0xff, 0xda, 0xff, 0xda, 0xff, 0xda, 0xff, 0xda, 0xff,
        0x7f, 0xdf, 0x7f, 0xdf, 0x7f, 0xdf, 0x7f, 0xdf, 0x7f, 0xdf, 0x7f, 0xdf,
        0x7f, 0xdf, 0x7f, 0xdf, 0x7f, 0xdf, 0x7f, 0xdf, 0x7f, 0xdf, 0x7f, 0xdf,
        0x7f, 0xdf, 0x7f, 0xdf, 0x7f, 0xdf, 0x1f, 0xbf, 0x7f, 0x4d, 0x9f, 0x1c,
        0x9f, 0x1c, 0x9f, 0x1c, 0x9f, 0x1c, 0x9f, 0x1c, 0x9f, 0x1c, 0x9f, 0x1c,
        0x9f, 0x1c, 0x9f, 0x1c, 0x9f, 0x1c, 0x9f, 0x1c, 0x9f, 0x1c, 0x9f, 0x1c,
        0x9f, 0x1c, 0x9f, 0x1c, 0x9f, 0x1c, 0x9f, 0x1c, 0x9f, 0x1c, 0x9f, 0x1c,
        0x9f, 0x1c, 0x9f, 0x1c, 0x9f, 0x1c, 0x9f, 0x1c, 0x9f, 0x1c, 0x9f, 0x1c,
        0x9f, 0x1c, 0x9f, 0x1c, 0x9f, 0x1c, 0x9f, 0x1c, 0x9f, 0x1c, 0x9f, 0x1c,
        0x9f, 0x1c, 0x9f, 0x1c, 0x9f, 0x1c, 0x9f, 0x1c, 0x9f, 0x1c, 0x9f, 0x1c,
        0x9f, 0x24, 0x9f, 0x24, 0x9f, 0x24, 0x9f, 0x24, 0x9f, 0x24, 0x9f, 0x24,
        0x9f, 0x24, 0x9f, 0x24, 0x9f, 0x24, 0x9f, 0x24, 0x9f, 0x24, 0x9f, 0x24,
        0x9f, 0x24, 0x9f, 0x24, 0x9f, 0x1c, 0xdc, 0x3c, 0xa4, 0xe6, 0xe0, 0xfe,
        0xc0, 0xfe, 0xe0, 0xfe, 0xc0, 0xfe, 0xe0, 0xfe, 0xc0, 0xfe, 0xe0, 0xfe,
        0xc0, 0xfe, 0xe0, 0xfe, 0xc0, 0xfe, 0xe0, 0xfe, 0xc0, 0xfe, 0xe0, 0xfe,
        0xc0, 0xfe, 0xe0, 0xfe, 0xc0, 0xfe, 0xe0, 0xfe, 0xc0, 0xfe, 0xe0, 0xfe,
        0xc0, 0xfe, 0xe0, 0xfe, 0x70, 0xff, 0xda, 0xff, 0xda, 0xff, 0xda, 0xff,
        0xda, 0xff, 0xda, 0xff, 0xda, 0xff, 0xda, 0xff, 0xda, 0xff, 0xda, 0xff,
        0xda, 0xff, 0xda, 0xff, 0xda, 0xff, 0xda, 0xff, 0xda, 0xff, 0xda, 0xff,
        0xda, 0xff, 0xda, 0xff, 0xda, 0xff, 0xda, 0xff, 0x9f, 0xe7, 0x7f, 0xdf,
        0x7f, 0xdf, 0x9f, 0xe7, 0x7f, 0xdf, 0x9f, 0xe7, 0x7f, 0xdf, 0x9f, 0xe7,
        0x7f, 0xdf, 0x9f, 0xe7, 0x7f, 0xdf, 0x9f, 0xe7, 0x7f, 0xdf, 0x9f, 0xe7,
        0x9f, 0xe7, 0x9f, 0xe7, 0x9f, 0x9e, 0xbf, 0x24, 0x9f, 0x24, 0x9f, 0x24,
        0x9f, 0x24, 0x9f, 0x24, 0x9f, 0x24, 0x9f, 0x24, 0x9f, 0x24, 0x9f, 0x24,
        0x9f, 0x24, 0x9f, 0x24, 0x9f, 0x24, 0x9f, 0x24, 0x9f, 0x24, 0x9f, 0x24,
        0x9f, 0x24, 0x9f, 0x24, 0x9f, 0x24, 0x9f, 0x24, 0x9f, 0x24, 0x9f, 0x24,
        0x9f, 0x24, 0x9f, 0x24, 0x9f, 0x24, 0x9f, 0x24, 0x9f, 0x24, 0x9f, 0x24,
        0x9f, 0x24, 0x9f, 0x24, 0x9f, 0x24, 0x9f, 0x24, 0x9f, 0x24, 0x9f, 0x24,
        0x9f, 0x24, 0x9f, 0x24, 0x9f, 0x24, 0x9f, 0x24, 0x9f, 0x24, 0x9f, 0x24,
        0x9f, 0x24, 0x9f, 0x24, 0x9f, 0x24, 0x9f, 0x24, 0x9f, 0x24, 0x9f, 0x24,
        0x9f, 0x24, 0x9f, 0x24, 0x9f, 0x24, 0x9f, 0x24, 0x9f, 0x24, 0x9f, 0x24,
        0x9f, 0x24, 0xdc, 0x3c, 0xa4, 0xe6, 0xe0, 0xfe, 0xe0, 0xfe, 0xe0, 0xfe,
        0xe0, 0xfe, 0xe0, 0xfe, 0xe0, 0xfe, 0xe0, 0xfe, 0xe0, 0xfe, 0xe0, 0xfe,
        0xe0, 0xfe, 0xe0, 0xfe, 0xe0, 0xfe, 0xe0, 0xfe, 0xe0, 0xfe, 0xe0, 0xfe,
        0xe0, 0xfe, 0xe0, 0xfe, 0xe0, 0xfe, 0xe0, 0xfe, 0xe0, 0xfe, 0x49, 0xff,
        0xda, 0xff, 0xda, 0xff, 0xda, 0xff, 0xda, 0xff, 0xda, 0xff, 0xda, 0xff,
        0xda, 0xff, 0xda, 0xff, 0xda, 0xff, 0xda, 0xff, 0xda, 0xff, 0xda, 0xff,
        0xda, 0xff, 0xda, 0xff, 0xda, 0xff, 0xda, 0xff, 0xda, 0xff, 0xda, 0xff,
        0xda, 0xff, 0xbd, 0xf7, 0x9f, 0xe7, 0x7f, 0xdf, 0x9f, 0xe7, 0x7f, 0xdf,
        0x9f, 0xe7, 0x7f, 0xdf, 0x9f, 0xe7, 0x7f, 0xdf, 0x9f, 0xe7, 0x7f, 0xdf,
        0x9f, 0xe7, 0x7f, 0xdf, 0x9f, 0xe7, 0x7f, 0xdf, 0x7f, 0xdf, 0x9f, 0xe7,
        0x7f, 0xdf, 0x7f, 0x4d, 0x9f, 0x1c, 0x9f, 0x1c, 0x9f, 0x1c, 0x9f, 0x24,
        0x9f, 0x24, 0x9f, 0x24, 0x9f, 0x24, 0x9f, 0x24, 0x9f, 0x24, 0x9f, 0x24,
        0x9f, 0x24, 0x9f, 0x24, 0x9f, 0x24, 0x9f, 0x24, 0x9f, 0x24, 0x9f, 0x24,
        0x9f, 0x24, 0x9f, 0x24, 0x9f, 0x24, 0x9f, 0x24, 0x9f, 0x24, 0x9f, 0x24,
        0x9f, 0x24, 0x9f, 0x24, 0x9f, 0x24, 0x9f, 0x24, 0x9f, 0x24, 0x9f, 0x24,
        0x9f, 0x24, 0x9f, 0x24, 0x9f, 0x24, 0x9f, 0x24, 0x9f, 0x24, 0x9f, 0x24,
        0x9f, 0x24, 0x9f, 0x24, 0x9f, 0x24, 0x9f, 0x24, 0x9f, 0x24, 0x9f, 0x24,
        0x9f, 0x24, 0x9f, 0x24, 0x9f, 0x24, 0x9f, 0x24, 0x9f, 0x24, 0x9f, 0x24,
        0x9f, 0x24, 0x9f, 0x24, 0x9f, 0x24, 0x9f, 0x24, 0x9f, 0x1c, 0xdc, 0x3c,
        0xa4, 0xe6, 0xe0, 0xfe, 0xe0, 0xfe, 0xe0, 0xfe, 0xe0, 0xfe, 0xe0, 0xfe,
        0xe0, 0xfe, 0xe0, 0xfe, 0xe0, 0xfe, 0xe0, 0xfe, 0xe0, 0xfe, 0xe0, 0xfe,
        0xe0, 0xfe, 0xe0, 0xfe, 0xe0, 0xfe, 0xe0, 0xfe, 0xe0, 0xfe, 0xe0, 0xfe,
        0xe0, 0xfe, 0xe0, 0xfe, 0xe0, 0xfe, 0xb5, 0xff, 0xfb, 0xff, 0xda, 0xff,
        0xda, 0xff, 0xfb, 0xff, 0xda, 0xff, 0xda, 0xff, 0xfb, 0xff, 0xda, 0xff,
        0xda, 0xff, 0xda, 0xff, 0xda, 0xff, 0xda, 0xff, 0xda, 0xff, 0xda, 0xff,
        0xda, 0xff, 0xda, 0xff, 0xda, 0xff, 0xda, 0xff, 0xda, 0xff, 0xda, 0xff,
        0x9f, 0xe7, 0x9f, 0xe7, 0x9f, 0xe7, 0x7f, 0xdf, 0x9f, 0xe7, 0x9f, 0xe7,
        0x7f, 0xdf, 0x9f, 0xe7, 0x9f, 0xe7, 0x7f, 0xdf, 0x9f, 0xe7, 0x9f, 0xe7,
        0x7f, 0xdf, 0x9f, 0xe7, 0x9f, 0xe7, 0x7f, 0xdf, 0x9f, 0xe7, 0x1f, 0xbf,
        0x7f, 0x4d, 0x7f, 0x4d, 0x7f, 0x4d, 0x7f, 0x4d, 0xff, 0x1c, 0xbf, 0x24,
        0x9f, 0x24, 0x9f, 0x24, 0x9f, 0x24, 0x9f, 0x24, 0x9f, 0x24, 0x9f, 0x24,
        0x9f, 0x24, 0x9f, 0x24, 0x9f, 0x24, 0x9f, 0x24, 0x9f, 0x24, 0x9f, 0x24,
        0x9f, 0x24, 0x9f, 0x24, 0x9f, 0x24, 0x9f, 0x24, 0x9f, 0x24, 0x9f, 0x24,
        0x9f, 0x24, 0x9f, 0x24, 0x9f, 0x24, 0x9f, 0x24, 0x9f, 0x24, 0x9f, 0x24,
        0x9f, 0x24, 0x9f, 0x24, 0x9f, 0x24, 0x9f, 0x24, 0x9f, 0x24, 0x9f, 0x24,
        0x9f, 0x24, 0xbf, 0x24, 0x9f, 0x24, 0xbf, 0x24, 0x9f, 0x24, 0x9f, 0x24,
        0x9f, 0x24, 0x9f, 0x24, 0x9f, 0x24, 0x9f, 0x24, 0x9f, 0x24, 0x9f, 0x24,
        0xbf, 0x24, 0x9f, 0x24, 0xbf, 0x24, 0xbf, 0x24, 0x69, 0xc6, 0xe0, 0xfe,
        0x20, 0xff, 0xe0, 0xfe, 0x20, 0xff, 0xe0, 0xfe, 0x20, 0xff, 0xe0, 0xfe,
        0x20, 0xff, 0xe0, 0xfe, 0x20, 0xff, 0xe0, 0xfe, 0x20, 0xff, 0xe0, 0xfe,
        0x20, 0xff, 0xe0, 0xfe, 0x20, 0xff, 0xe0, 0xfe, 0x20, 0xff, 0xe0, 0xfe,
        0x49, 0xff, 0xda, 0xff, 0xda, 0xff, 0xda, 0xff, 0xfb, 0xff, 0xda, 0xff,
        0xda, 0xff, 0xfb, 0xff, 0xda, 0xff, 0xfb, 0xff, 0xda, 0xff, 0xfb, 0xff,
        0xda, 0xff, 0xfb, 0xff, 0xda, 0xff, 0xfb, 0xff, 0xda, 0xff, 0xfb, 0xff,
        0xda, 0xff, 0xfb, 0xff, 0xda, 0xff, 0xbd, 0xf7, 0x9f, 0xe7, 0x9f, 0xe7,
        0x9f, 0xe7, 0x9f, 0xe7, 0x9f, 0xe7, 0x9f, 0xe7, 0x9f, 0xe7, 0x9f, 0xe7,
        0x9f, 0xe7, 0x9f, 0xe7, 0x9f, 0xe7, 0x9f, 0xe7, 0x9f, 0xe7, 0x9f, 0xe7,
        0x9f, 0xe7, 0x9f, 0xe7, 0x9f, 0xe7, 0x7f, 0xdf, 0x7f, 0xdf, 0x9f, 0xe7,
        0x7f, 0xdf, 0x7f, 0xdf, 0x1f, 0xbf, 0x9f, 0x9e, 0xdf, 0x75, 0x7f, 0x4d,
        0xbf, 0x24, 0x9f, 0x24, 0x9f, 0x24, 0xbf, 0x24, 0x9f, 0x24, 0xbf, 0x24,
        0x9f, 0x24, 0xbf, 0x24, 0x9f, 0x24, 0xbf, 0x24, 0x9f, 0x24, 0xbf, 0x24,
        0x9f, 0x24, 0xbf, 0x24, 0x9f, 0x24, 0xbf, 0x24, 0x9f, 0x24, 0xbf, 0x24,
        0x9f, 0x24, 0x9f, 0x24, 0xbf, 0x24, 0x9f, 0x24, 0xbf, 0x24, 0x9f, 0x24,
        0xbf, 0x24, 0x9f, 0x24, 0xbf, 0x24, 0x9f, 0x24, 0xbf, 0x24, 0xbf, 0x24,
        0xbf, 0x24, 0xbf, 0x24, 0xbf, 0x24, 0xbf, 0x24, 0xbf, 0x24, 0xbf, 0x24,
        0xbf, 0x24, 0xbf, 0x24, 0xbf, 0x24, 0xbf, 0x24, 0xbf, 0x24, 0xbf, 0x24,
        0xbf, 0x24, 0xbf, 0x24, 0x10, 0x96, 0x20, 0xff, 0xe0, 0xfe, 0x20, 0xff,
        0xe0, 0xfe, 0x20, 0xff, 0xe0, 0xfe, 0x20, 0xff, 0xe0, 0xfe, 0x20, 0xff,
        0xe0, 0xfe, 0x20, 0xff, 0xe0, 0xfe, 0x20, 0xff, 0xe0, 0xfe, 0x20, 0xff,
        0xe0, 0xfe, 0x20, 0xff, 0xe0, 0xfe, 0x20, 0xff, 0x70, 0xff, 0xfb, 0xff,
        0xfb, 0xff, 0xfb, 0xff, 0xda, 0xff, 0xfb, 0xff, 0xfb, 0xff, 0xfb, 0xff,
        0xfb, 0xff, 0xda, 0xff, 0xfb, 0xff, 0xfb, 0xff, 0xfb, 0xff, 0xfb, 0xff,
        0xfb, 0xff, 0xfb, 0xff, 0xfb, 0xff, 0xfb, 0xff, 0xfb, 0xff, 0xfb, 0xff,
        0xfb, 0xff, 0xbd, 0xf7, 0x9f, 0xe7, 0x9f, 0xe7, 0x9f, 0xe7, 0x7f, 0xdf,
        0x9f, 0xe7, 0x9f, 0xe7, 0x7f, 0xdf, 0x9f, 0xe7, 0x9f, 0xe7, 0x7f, 0xdf,
        0x9f, 0xe7, 0x9f, 0xe7, 0x7f, 0xdf, 0x9f, 0xe7, 0x9f, 0xe7, 0x7f, 0xdf,
        0x9f, 0xe7, 0x9f, 0xe7, 0x9f, 0xe7, 0x9f, 0xe7, 0x9f, 0xe7, 0x9f, 0xe7,
        0x9f, 0xe7, 0xbf, 0xe7, 0x9f, 0xe7, 0x1f, 0xbf, 0x9f, 0x9e, 0x7f, 0x4d,
        0xbf, 0x24, 0xbf, 0x24, 0xbf, 0x24, 0xbf, 0x24, 0xbf, 0x24, 0xbf, 0x24,
        0xbf, 0x24, 0xbf, 0x24, 0xbf, 0x24, 0xbf, 0x24, 0xbf, 0x24, 0xbf, 0x24,
        0xbf, 0x24, 0xbf, 0x24, 0xbf, 0x24, 0xbf, 0x24, 0xbf, 0x24, 0xbf, 0x24,
        0xbf, 0x24, 0xbf, 0x24, 0xbf, 0x24, 0xbf, 0x24, 0xbf, 0x24, 0xbf, 0x24,
        0xbf, 0x24, 0xbf, 0x24, 0xbf, 0x24, 0xbf, 0x24, 0xbf, 0x24, 0xbf, 0x24,
        0xbf, 0x24, 0xbf, 0x24, 0xbf, 0x24, 0xbf, 0x24, 0xbf, 0x24, 0xbf, 0x24,
        0xbf, 0x24, 0xbf, 0x24, 0xbf, 0x24, 0xbf, 0x24, 0xbf, 0x24, 0xbf, 0x24,
        0xb3, 0x75, 0x20, 0xff, 0x20, 0xff, 0x20, 0xff, 0x20, 0xff, 0xe0, 0xfe,
        0x20, 0xff, 0x20, 0xff, 0x20, 0xff, 0x20, 0xff, 0x20, 0xff, 0x20, 0xff,
        0x20, 0xff, 0x20, 0xff, 0x20, 0xff, 0x20, 0xff, 0x20, 0xff, 0x20, 0xff,
        0x20, 0xff, 0x20, 0xff, 0xb5, 0xff, 0xfb, 0xff, 0xfb, 0xff, 0xfb, 0xff,
        0xfb, 0xff, 0xfb, 0xff, 0xda, 0xff, 0xfb, 0xff, 0xda, 0xff, 0xfb, 0xff,
        0xfb, 0xff, 0xda, 0xff, 0xfb, 0xff, 0xda, 0xff, 0xfb, 0xff, 0xda, 0xff,
        0xfb, 0xff, 0xda, 0xff, 0xfb, 0xff, 0xda, 0xff, 0xfb, 0xff, 0xbd, 0xf7,
        0x9f, 0xe7, 0x9f, 0xe7, 0x9f, 0xe7, 0x9f, 0xe7, 0x9f, 0xe7, 0x9f, 0xe7,
        0x9f, 0xe7, 0x9f, 0xe7, 0x9f, 0xe7, 0x9f, 0xe7, 0x9f, 0xe7, 0x9f, 0xe7,
        0x9f, 0xe7, 0x9f, 0xe7, 0x9f, 0xe7, 0x9f, 0xe7, 0x9f, 0xe7, 0x9f, 0xe7,
        0x9f, 0xe7, 0x9f, 0xe7, 0x9f, 0xe7, 0x9f, 0xe7, 0x9f, 0xe7, 0x9f, 0xe7,
        0x9f, 0xe7, 0x9f, 0xe7, 0x9f, 0xe7, 0x7f, 0xdf, 0x3f, 0x8e, 0x1f, 0x25,
        0xbf, 0x24, 0xbf, 0x24, 0xbf, 0x24, 0xbf, 0x24, 0xbf, 0x24, 0xbf, 0x24,
        0xbf, 0x24, 0xbf, 0x24, 0xbf, 0x24, 0xbf, 0x24, 0xbf, 0x24, 0xbf, 0x24,
        0xbf, 0x24, 0xbf, 0x24, 0xbf, 0x24, 0xbf, 0x24, 0xbf, 0x24, 0xbf, 0x24,
        0xbf, 0x24, 0xbf, 0x24, 0xbf, 0x24, 0xbf, 0x24, 0xbf, 0x24, 0xbf, 0x24,
        0xbf, 0x24, 0xbf, 0x24, 0xbf, 0x24, 0xbf, 0x24, 0xbf, 0x24, 0xbf, 0x24,
        0xbf, 0x24, 0xbf, 0x24, 0xdf, 0x1c, 0xbf, 0x24, 0xbf, 0x24, 0xbf, 0x24,
        0xbf, 0x24, 0xbf, 0x24, 0xdf, 0x1c, 0x9f, 0x24, 0x79, 0x4d, 0xa4, 0xe6,
        0x20, 0xff, 0x20, 0xff, 0x20, 0xff, 0x20, 0xff, 0x20, 0xff, 0x20, 0xff,
        0x20, 0xff, 0x20, 0xff, 0x20, 0xff, 0x20, 0xff, 0x20, 0xff, 0x20, 0xff,
        0x20, 0xff, 0x20, 0xff, 0x20, 0xff, 0x20, 0xff, 0x20, 0xff, 0x20, 0xff,
        0xda, 0xff, 0xfb, 0xff, 0xfb, 0xff, 0xda, 0xff, 0xfb, 0xff, 0xda, 0xff,
        0xfb, 0xff, 0xfb, 0xff, 0xfb, 0xff, 0xfb, 0xff, 0xfb, 0xff, 0xfb, 0xff,
        0xfb, 0xff, 0xfb, 0xff, 0xfb, 0xff, 0xfb, 0xff, 0xfb, 0xff, 0xfb, 0xff,
        0xfb, 0xff, 0xfb, 0xff, 0xfb, 0xff, 0xbf, 0xe7, 0x9f, 0xe7, 0x9f, 0xe7,
        0x9f, 0xe7, 0x9f, 0xe7, 0x9f, 0xe7, 0x9f, 0xe7, 0x9f, 0xe7, 0x9f, 0xe7,
        0x9f, 0xe7, 0x9f, 0xe7, 0x9f, 0xe7, 0x9f, 0xe7, 0x9f, 0xe7, 0x9f, 0xe7,
        0x9f, 0xe7, 0x9f, 0xe7, 0x9f, 0xe7, 0x9f, 0xe7, 0x9f, 0xe7, 0x9f, 0xe7,
        0x9f, 0xe7, 0x9f, 0xe7, 0x9f, 0xe7, 0x9f, 0xe7, 0x9f, 0xe7, 0x9f, 0xe7,
        0x9f, 0xe7, 0x9f, 0xe7, 0x9f, 0xe7, 0x1f, 0xbf, 0x7f, 0x4d, 0xbf, 0x24,
        0xbf, 0x24, 0xbf, 0x24, 0xdf, 0x1c, 0xdf, 0x1c, 0xbf, 0x24, 0xbf, 0x24,
        0xdf, 0x1c, 0xbf, 0x24, 0xbf, 0x24, 0xdf, 0x1c, 0xdf, 0x1c, 0xbf, 0x24,
        0xbf, 0x24, 0xbf, 0x24, 0xbf, 0x24, 0xbf, 0x24, 0xdf, 0x1c, 0xbf, 0x24,
        0xbf, 0x24, 0xdf, 0x1c, 0xbf, 0x24, 0xdf, 0x1c, 0xdf, 0x1c, 0xdf, 0x1c,
        0xdf, 0x1c, 0xdf, 0x1c, 0xdf, 0x1c, 0xdf, 0x1c, 0xdf, 0x1c, 0xdf, 0x1c,
        0xdf, 0x1c, 0xdf, 0x1c, 0xdf, 0x1c, 0xdf, 0x1c, 0xdf, 0x1c, 0xdf, 0x1c,
        0xdf, 0x1c, 0xdf, 0x1c, 0xdf, 0x1c, 0x69, 0xc6, 0x20, 0xff, 0x20, 0xff,
        0x20, 0xff, 0x20, 0xff, 0x20, 0xff, 0xe0, 0xfe, 0x20, 0xff, 0x20, 0xff,
        0xe0, 0xfe, 0x20, 0xff, 0x20, 0xff, 0xe0, 0xfe, 0x20, 0xff, 0x20, 0xff,
        0xe0, 0xfe, 0x20, 0xff, 0x20, 0xff, 0x49, 0xff, 0xda, 0xff, 0xfb, 0xff,
        0xfb, 0xff, 0xfb, 0xff, 0xfb, 0xff, 0xfb, 0xff, 0xfb, 0xff, 0xda, 0xff,
        0xfb, 0xff, 0xfb, 0xff, 0xda, 0xff, 0xfb, 0xff, 0xda, 0xff, 0xfb, 0xff,
        0xfb, 0xff, 0xda, 0xff, 0xfb, 0xff, 0xfb, 0xff, 0xda, 0xff, 0xfb, 0xff,
        0xbd, 0xf7, 0x9f, 0xe7, 0x9f, 0xe7, 0x9f, 0xe7, 0x9f, 0xe7, 0x9f, 0xe7,
        0x9f, 0xe7, 0xbf, 0xe7, 0x9f, 0xe7, 0x9f, 0xe7, 0x9f, 0xe7, 0xbf, 0xe7,
        0x9f, 0xe7, 0x9f, 0xe7, 0x9f, 0xe7, 0x9f, 0xe7, 0xbf, 0xe7, 0x9f, 0xe7,
        0x9f, 0xe7, 0x9f, 0xe7, 0x9f, 0xe7, 0x9f, 0xe7, 0x9f, 0xe7, 0x9f, 0xe7,
        0x9f, 0xe7, 0xbf, 0xe7, 0x9f, 0xe7, 0x9f, 0xe7, 0xbf, 0xe7, 0x9f, 0xe7,
        0x9f, 0xe7, 0x9f, 0xe7, 0x1f, 0xbf, 0x7f, 0x4d, 0xdf, 0x1c, 0xdf, 0x1c,
        0xdf, 0x1c, 0xdf, 0x1c, 0xdf, 0x1c, 0xdf, 0x1c, 0xdf, 0x1c, 0xdf, 0x1c,
        0xdf, 0x1c, 0xdf, 0x1c, 0xdf, 0x1c, 0xdf, 0x1c, 0xdf, 0x1c, 0xdf, 0x1c,
        0xdf, 0x1c, 0xdf, 0x1c, 0xdf, 0x1c, 0xdf, 0x1c, 0xdf, 0x1c, 0xdf, 0x1c,
        0xdf, 0x1c, 0xdf, 0x1c, 0xdf, 0x1c, 0xdf, 0x1c, 0xdf, 0x1c, 0xdf, 0x1c,
        0xdf, 0x1c, 0xdf, 0x1c, 0xdf, 0x1c, 0xdf, 0x1c, 0xdf, 0x1c, 0xdf, 0x1c,
        0xdf, 0x1c, 0xdf, 0x1c, 0xdf, 0x1c, 0xdf, 0x1c, 0xdf, 0x1c, 0xdf, 0x1c,
        0xdf, 0x1c, 0xb3, 0x75, 0x20, 0xff, 0x20, 0xff, 0x20, 0xff, 0x20, 0xff,
        0x20, 0xff, 0x20, 0xff, 0x20, 0xff, 0x20, 0xff, 0x20, 0xff, 0x20, 0xff,
        0x20, 0xff, 0x20, 0xff, 0x20, 0xff, 0x20, 0xff, 0x20, 0xff, 0x20, 0xff,
        0x20, 0xff, 0x49, 0xff, 0xfb, 0xff, 0xfb, 0xff, 0xfb, 0xff, 0xfb, 0xff,
        0xfb, 0xff, 0xfb, 0xff, 0xfb, 0xff, 0xfb, 0xff, 0xfb, 0xff, 0xfb, 0xff,
        0xfb, 0xff, 0xfc, 0xff, 0xfb, 0xff, 0xfb, 0xff, 0xfb, 0xff, 0xfb, 0xff,
        0xfb, 0xff, 0xfb, 0xff, 0xfb, 0xff, 0xfc, 0xff, 0xbd, 0xf7, 0x9f, 0xe7,
        0xbf, 0xe7, 0xbf, 0xe7, 0xbf, 0xe7, 0xbf, 0xe7, 0xbf, 0xe7, 0xbf, 0xe7,
        0xbf, 0xe7, 0xbf, 0xe7, 0xbf, 0xe7, 0xbf, 0xe7, 0xbf, 0xe7, 0xbf, 0xe7,
        0xbf, 0xe7, 0xbf, 0xe7, 0xbf, 0xe7, 0xbf, 0xe7, 0xbf, 0xe7, 0xbf, 0xe7,
        0xbf, 0xe7, 0xbf, 0xe7, 0xbf, 0xe7, 0xbf, 0xe7, 0xbf, 0xe7, 0xbf, 0xe7,
        0xbf, 0xe7, 0xbf, 0xe7, 0xbf, 0xe7, 0xbf, 0xe7, 0xbf, 0xe7, 0xbf, 0xe7,
        0xbf, 0xe7, 0x1f, 0xbf, 0x7f, 0x4d, 0xdf, 0x1c, 0xdf, 0x1c, 0xdf, 0x1c,
        0xdf, 0x1c, 0xdf, 0x1c, 0xdf, 0x1c, 0xdf, 0x1c, 0xdf, 0x1c, 0xdf, 0x1c,
        0xdf, 0x1c, 0xdf, 0x1c, 0xdf, 0x1c, 0xdf, 0x1c, 0xdf, 0x1c, 0xdf, 0x1c,
        0xdf, 0x1c, 0xdf, 0x1c, 0xdf, 0x1c, 0xdf, 0x1c, 0xdf, 0x1c, 0xdf, 0x1c,
        0xff, 0x1c, 0xff, 0x1c, 0xff, 0x1c, 0xff, 0x1c, 0xff, 0x1c, 0xff, 0x1c,
        0xff, 0x1c, 0xff, 0x1c, 0xff, 0x1c, 0xff, 0x1c, 0xff, 0x1c, 0xff, 0x1c,
        0xff, 0x1c, 0xff, 0x1c, 0xff, 0x1c, 0xff, 0x1c, 0xdf, 0x1c, 0xdc, 0x3c,
        0xa4, 0xe6, 0x20, 0xff, 0x20, 0xff, 0x20, 0xff, 0x20, 0xff, 0x20, 0xff,
        0x20, 0xff, 0x20, 0xff, 0x20, 0xff, 0x20, 0xff, 0x20, 0xff, 0x20, 0xff,
        0x20, 0xff, 0x20, 0xff, 0x20, 0xff, 0x20, 0xff, 0x20, 0xff, 0x70, 0xff,
        0xfc, 0xff, 0xfb, 0xff, 0xfb, 0xff, 0xfb, 0xff, 0xfb, 0xff, 0xfb, 0xff,
        0xfc, 0xff, 0xfb, 0xff, 0xfb, 0xff, 0xfc, 0xff, 0xfb, 0xff, 0xfb, 0xff,
        0xfb, 0xff, 0xfc, 0xff, 0xfb, 0xff, 0xfc, 0xff, 0xfb, 0xff, 0xfb, 0xff,
        0xfc, 0xff, 0xbd, 0xf7, 0xbf, 0xe7, 0xbf, 0xe7, 0xbf, 0xe7, 0x9f, 0xe7,
        0xbf, 0xe7, 0x9f, 0xe7, 0xbf, 0xe7, 0x9f, 0xe7, 0xbf, 0xe7, 0x9f, 0xe7,
        0xbf, 0xe7, 0x9f, 0xe7, 0xbf, 0xe7, 0x9f, 0xe7, 0xbf, 0xe7, 0x9f, 0xe7,
        0xbf, 0xe7, 0x9f, 0xe7, 0xbf, 0xe7, 0x9f, 0xe7, 0xbf, 0xe7, 0x9f, 0xe7,
        0xbf, 0xe7, 0x9f, 0xe7, 0xbf, 0xe7, 0x9f, 0xe7, 0x9f, 0xe7, 0xbf, 0xe7,
        0x9f, 0xe7, 0xbf, 0xe7, 0x9f, 0xe7, 0xbf, 0xe7, 0xbf, 0xe7, 0xbf, 0xe7,
        0x1f, 0xbf, 0x3f, 0x25, 0xdf, 0x1c, 0xff, 0x1c, 0xff, 0x1c, 0xff, 0x1c,
        0xff, 0x1c, 0xff, 0x1c, 0xff, 0x1c, 0xff, 0x1c, 0xff, 0x1c, 0xff, 0x1c,
        0xff, 0x1c, 0xff, 0x1c, 0xff, 0x1c, 0xff, 0x1c, 0xff, 0x1c, 0xff, 0x1c,
        0xff, 0x1c, 0xff, 0x1c, 0xff, 0x1c, 0xff, 0x1c, 0xff, 0x1c, 0xff, 0x1c,
        0xff, 0x1c, 0xff, 0x1c, 0xff, 0x1c, 0xff, 0x1c, 0xff, 0x1c, 0xff, 0x1c,
        0xff, 0x1c, 0xff, 0x1c, 0xff, 0x1c, 0xff, 0x1c, 0xff, 0x1c, 0xff, 0x1c,
        0xff, 0x1c, 0xff, 0x1c, 0xff, 0x1c, 0xff, 0x1c, 0xb3, 0x75, 0x20, 0xff,
        0x20, 0xff, 0x20, 0xff, 0x20, 0xff, 0x20, 0xff, 0x20, 0xff, 0x20, 0xff,
        0x20, 0xff, 0x20, 0xff, 0x20, 0xff, 0x20, 0xff, 0x20, 0xff, 0x20, 0xff,
        0x20, 0xff, 0x20, 0xff, 0x20, 0xff, 0x70, 0xff, 0xfc, 0xff, 0xfb, 0xff,
        0xfb, 0xff, 0xfb, 0xff, 0xfb, 0xff, 0xfb, 0xff, 0xfb, 0xff, 0xfc, 0xff,
        0xfb, 0xff, 0xfb, 0xff, 0xfb, 0xff, 0xfc, 0xff, 0xfb, 0xff, 0xfb, 0xff,
        0xfb, 0xff, 0xfb, 0xff, 0xfb, 0xff, 0xfb, 0xff, 0xfc, 0xff, 0xbd, 0xf7,
        0xbf, 0xe7, 0x9f, 0xe7, 0xbf, 0xe7, 0x9f, 0xe7, 0xbf, 0xe7, 0xbf, 0xe7,
        0x9f, 0xe7, 0xbf, 0xe7, 0x9f, 0xe7, 0xbf, 0xe7, 0x9f, 0xe7, 0xbf, 0xe7,
        0x9f, 0xe7, 0xbf, 0xe7, 0x9f, 0xe7, 0xbf, 0xe7, 0x9f, 0xe7, 0xbf, 0xe7,
        0x9f, 0xe7, 0xbf, 0xe7, 0xbf, 0xe7, 0x9f, 0xe7, 0xbf, 0xe7, 0xbf, 0xe7,
        0x9f, 0xe7, 0xbf, 0xe7, 0xbf, 0xe7, 0x9f, 0xe7, 0xbf, 0xe7, 0x9f, 0xe7,
        0xbf, 0xe7, 0x9f, 0xe7, 0xbf, 0xe7, 0x9f, 0xe7, 0xbf, 0xe7, 0x9f, 0x9e,
        0xff, 0x1c, 0xff, 0x1c, 0xff, 0x1c, 0xff, 0x1c, 0xff, 0x1c, 0xff, 0x1c,
        0xff, 0x1c, 0xff, 0x1c, 0xff, 0x1c, 0xff, 0x1c, 0xff, 0x1c, 0xff, 0x1c,
        0xff, 0x1c, 0xff, 0x1c, 0xff, 0x1c, 0xff, 0x1c, 0xff, 0x1c, 0xff, 0x1c,
        0xff, 0x1c, 0xff, 0x1c, 0xff, 0x1c, 0xff, 0x1c, 0xff, 0x1c, 0xff, 0x1c,
        0xff, 0x1c, 0xff, 0x1c, 0xff, 0x1c, 0xff, 0x1c, 0xff, 0x1c, 0xff, 0x1c,
        0xff, 0x1c, 0xff, 0x1c, 0xff, 0x1c, 0xff, 0x1c, 0xff, 0x1c, 0xff, 0x1c,
        0xff, 0x1c, 0xff, 0x1c, 0x1f, 0x25, 0x69, 0xc6, 0x20, 0xff, 0x20, 0xff,
        0x20, 0xff, 0x20, 0xff, 0x20, 0xff, 0x20, 0xff, 0x20, 0xff, 0x20, 0xff,
        0x20, 0xff, 0x20, 0xff, 0x20, 0xff, 0x20, 0xff, 0x20, 0xff, 0x20, 0xff,
        0x49, 0xff, 0xb5, 0xff, 0xfc, 0xff, 0xfc, 0xff, 0xfc, 0xff, 0xfc, 0xff,
        0xfc, 0xff, 0xfc, 0xff, 0xfc, 0xff, 0xfb, 0xff, 0xfc, 0xff, 0xfc, 0xff,
        0xfc, 0xff, 0xfb, 0xff, 0xfc, 0xff, 0xfc, 0xff, 0xfc, 0xff, 0xfc, 0xff,
        0xfc, 0xff, 0xfc, 0xff, 0xfd, 0xff, 0xbf, 0xe7, 0xbf, 0xe7, 0xbf, 0xe7,
        0xbf, 0xe7, 0xbf, 0xe7, 0xbf, 0xe7, 0xbf, 0xe7, 0xbf, 0xe7, 0xbf, 0xe7,
        0xbf, 0xe7, 0xbf, 0xe7, 0xbf, 0xe7, 0xbf, 0xe7, 0xbf, 0xe7, 0xbf, 0xe7,
        0xbf, 0xe7, 0xbf, 0xe7, 0xbf, 0xe7, 0xbf, 0xe7, 0xbf, 0xe7, 0xbf, 0xe7,
        0xbf, 0xe7, 0xbf, 0xe7, 0xbf, 0xe7, 0xbf, 0xe7, 0xbf, 0xe7, 0xbf, 0xe7,
        0xbf, 0xe7, 0xbf, 0xe7, 0xbf, 0xe7, 0xbf, 0xe7, 0xbf, 0xe7, 0xbf, 0xe7,
        0xbf, 0xe7, 0xbf, 0xe7, 0xbf, 0xe7, 0x9f, 0xe7, 0x7f, 0x4d, 0xff, 0x1c,
        0xff, 0x1c, 0xff, 0x1c, 0xff, 0x1c, 0xff, 0x1c, 0xff, 0x1c, 0xff, 0x1c,
        0xff, 0x1c, 0xff, 0x1c, 0xff, 0x1c, 0xff, 0x1c, 0xff, 0x1c, 0xff, 0x1c,
        0xff, 0x1c, 0xff, 0x1c, 0xff, 0x1c, 0xff, 0x1c, 0xff, 0x1c, 0xff, 0x1c,
        0x1f, 0x25, 0x1f, 0x25, 0x1f, 0x25, 0x1f, 0x25, 0x1f, 0x25, 0x1f, 0x25,
        0x1f, 0x25, 0x1f, 0x25, 0x1f, 0x25, 0x1f, 0x25, 0x1f, 0x25, 0x1f, 0x25,
        0x1f, 0x25, 0x1f, 0x25, 0x1f, 0x25, 0x1f, 0x25, 0x1f, 0x25, 0x1f, 0x25,
        0x1f, 0x25, 0x79, 0x4d, 0xa4, 0xe6, 0x20, 0xff, 0x20, 0xff, 0x20, 0xff,
        0x20, 0xff, 0x20, 0xff, 0x20, 0xff, 0x20, 0xff, 0x20, 0xff, 0x20, 0xff,
        0x20, 0xff, 0x20, 0xff, 0x49, 0xff, 0xb5, 0xff, 0xfb, 0xff, 0xfc, 0xff,
        0xfc, 0xff, 0xfc, 0xff, 0xfc, 0xff, 0xfc, 0xff, 0xfc, 0xff, 0xfc, 0xff,
        0xfc, 0xff, 0xfc, 0xff, 0xfc, 0xff, 0xfc, 0xff, 0xfc, 0xff, 0xfc, 0xff,
        0xfc, 0xff, 0xfc, 0xff, 0xfb, 0xff, 0xfc, 0xff, 0xfb, 0xff, 0xfc, 0xff,
        0xbf, 0xe7, 0xbf, 0xe7, 0xbf, 0xe7, 0xbf, 0xe7, 0xbf, 0xe7, 0xbf, 0xe7,
        0xbf, 0xe7, 0xbf, 0xe7, 0xbf, 0xe7, 0xbf, 0xe7, 0xbf, 0xe7, 0xbf, 0xe7,
        0xbf, 0xe7, 0xbf, 0xe7, 0xbf, 0xe7, 0xbf, 0xe7, 0xbf, 0xe7, 0xbf, 0xe7,
        0xbf, 0xe7, 0xbf, 0xe7, 0xbf, 0xe7, 0xbf, 0xe7, 0xbf, 0xe7, 0xbf, 0xe7,
        0xbf, 0xe7, 0xbf, 0xe7, 0xbf, 0xe7, 0xbf, 0xe7, 0xbf, 0xe7, 0xbf, 0xe7,
        0xbf, 0xe7, 0xbf, 0xe7, 0xbf, 0xe7, 0xbf, 0xe7, 0xbf, 0xe7, 0xbf, 0xe7,
        0xbf, 0xe7, 0xbf, 0xe7, 0x1f, 0xbf, 0x1f, 0x25, 0x1f, 0x25, 0x1f, 0x25,
        0x1f, 0x25, 0x1f, 0x25, 0x1f, 0x25, 0x1f, 0x25, 0x1f, 0x25, 0x1f, 0x25,
        0x1f, 0x25, 0x1f, 0x25, 0x1f, 0x25, 0x1f, 0x25, 0x1f, 0x25, 0x1f, 0x25,
        0x1f, 0x25, 0x1f, 0x25, 0x1f, 0x25, 0x1f, 0x25, 0x1f, 0x25, 0x1f, 0x25,
        0x1f, 0x25, 0x1f, 0x25, 0x1f, 0x25, 0x1f, 0x25, 0x1f, 0x25, 0x1f, 0x25,
        0x1f, 0x25, 0x1f, 0x25, 0x1f, 0x25, 0x1f, 0x25, 0x1f, 0x25, 0x1f, 0x25,
        0x1f, 0x25, 0x1f, 0x25, 0x1f, 0x25, 0x1f, 0x25, 0x1f, 0x25, 0x1f, 0x25,
        0xb3, 0x75, 0xe0, 0xfe, 0x20, 0xff, 0x20, 0xff, 0x20, 0xff, 0x20, 0xff,
        0x20, 0xff, 0x20, 0xff, 0x20, 0xff, 0x20, 0xff, 0x20, 0xff, 0xb5, 0xff,
        0xfb, 0xff, 0xfc, 0xff, 0xfc, 0xff, 0xfc, 0xff, 0xfc, 0xff, 0xfc, 0xff,
        0xfc, 0xff, 0xfc, 0xff, 0xfc, 0xff, 0xfc, 0xff, 0xfc, 0xff, 0xfc, 0xff,
        0xfc, 0xff, 0xfc, 0xff, 0xfc, 0xff, 0xfc, 0xff, 0xfc, 0xff, 0xfc, 0xff,
        0xfc, 0xff, 0xfc, 0xff, 0xfc, 0xff, 0xdf, 0xef, 0xbf, 0xe7, 0xbf, 0xe7,
        0xbf, 0xe7, 0xbf, 0xe7, 0xbf, 0xe7, 0xbf, 0xe7, 0xbf, 0xe7, 0xbf, 0xe7,
        0xbf, 0xe7, 0xbf, 0xe7, 0xdf, 0xef, 0xbf, 0xe7, 0xbf, 0xe7, 0xbf, 0xe7,
        0xdf, 0xef, 0xbf, 0xe7, 0xbf, 0xe7, 0xbf, 0xe7, 0xdf, 0xef, 0xbf, 0xe7,
        0xbf, 0xe7, 0xbf, 0xe7, 0xbf, 0xe7, 0xbf, 0xe7, 0xbf, 0xe7, 0xbf, 0xe7,
        0xbf, 0xe7, 0xbf, 0xe7, 0xbf, 0xe7, 0xdf, 0xef, 0xbf, 0xe7, 0xbf, 0xe7,
        0xbf, 0xe7, 0xdf, 0xef, 0xbf, 0xe7, 0xbf, 0xe7, 0xbf, 0xe7, 0xdf, 0xef,
        0x7f, 0xdf, 0x7f, 0x4d, 0x1f, 0x25, 0x1f, 0x25, 0x1f, 0x25, 0x1f, 0x25,
        0x1f, 0x25, 0x1f, 0x25, 0x1f, 0x25, 0x1f, 0x25, 0x1f, 0x25, 0x1f, 0x25,
        0x1f, 0x25, 0x1f, 0x25, 0x1f, 0x25, 0x1f, 0x25, 0x1f, 0x25, 0x1f, 0x25,
        0x1f, 0x25, 0x1f, 0x25, 0x1f, 0x25, 0x1f, 0x25, 0x1f, 0x25, 0x1f, 0x25,
        0x1f, 0x25, 0x1f, 0x25, 0x1f, 0x25, 0x1f, 0x25, 0x1f, 0x25, 0x1f, 0x25,
        0x1f, 0x25, 0x1f, 0x25, 0x1f, 0x25, 0x1f, 0x25, 0x1f, 0x25, 0x1f, 0x25,
        0x1f, 0x25, 0x1f, 0x25, 0x1f, 0x25, 0x1f, 0x25, 0x3f, 0x25, 0x10, 0x96,
        0x20, 0xff, 0x20, 0xff, 0x20, 0xff, 0x20, 0xff, 0x20, 0xff, 0x20, 0xff,
        0x20, 0xff, 0x49, 0xff, 0xda, 0xff, 0xfd, 0xff, 0xfc, 0xff, 0xfc, 0xff,
        0xfc, 0xff, 0xfc, 0xff, 0xfc, 0xff, 0xfc, 0xff, 0xfc, 0xff, 0xfc, 0xff,
        0xfc, 0xff, 0xfc, 0xff, 0xfc, 0xff, 0xfc, 0xff, 0xfc, 0xff, 0xfc, 0xff,
        0xfc, 0xff, 0xfc, 0xff, 0xfc, 0xff, 0xfc, 0xff, 0xfc, 0xff, 0xfd, 0xff,
        0xbd, 0xf7, 0xdf, 0xef, 0xdf, 0xef, 0xdf, 0xef, 0xdf, 0xef, 0xdf, 0xef,
        0xdf, 0xef, 0xdf, 0xef, 0xdf, 0xef, 0xdf, 0xef, 0xdf, 0xef, 0xdf, 0xef,
        0xbf, 0xe7, 0xdf, 0xef, 0xdf, 0xef, 0xdf, 0xef, 0xbf, 0xe7, 0xdf, 0xef,
        0xdf, 0xef, 0xdf, 0xef, 0xdf, 0xef, 0xbf, 0xe7, 0xdf, 0xef, 0xdf, 0xef,
        0xdf, 0xef, 0xdf, 0xef, 0xdf, 0xef, 0xdf, 0xef, 0xdf, 0xef, 0xdf, 0xef,
        0xdf, 0xef, 0xbf, 0xe7, 0xdf, 0xef, 0xdf, 0xef, 0xdf, 0xef, 0xbf, 0xe7,
        0xdf, 0xef, 0xdf, 0xef, 0xbf, 0xe7, 0xdf, 0xef, 0xdf, 0xef, 0xbf, 0x8e,
        0x1f, 0x25, 0x1f, 0x25, 0x1f, 0x25, 0x1f, 0x25, 0x1f, 0x25, 0x1f, 0x25,
        0x1f, 0x25, 0x1f, 0x25, 0x1f, 0x25, 0x1f, 0x25, 0x1f, 0x25, 0x1f, 0x25,
        0x1f, 0x25, 0x1f, 0x25, 0x1f, 0x25, 0x1f, 0x25, 0x1f, 0x25, 0x1f, 0x25,
        0x1f, 0x25, 0x1f, 0x25, 0x1f, 0x25, 0x1f, 0x25, 0x1f, 0x25, 0x1f, 0x25,
        0x1f, 0x25, 0x1f, 0x25, 0x1f, 0x25, 0x1f, 0x25, 0x1f, 0x25, 0x1f, 0x25,
        0x1f, 0x25, 0x1f, 0x25, 0x1f, 0x25, 0x1f, 0x25, 0x1f, 0x25, 0x1f, 0x25,
        0x1f, 0x25, 0x1f, 0x25, 0x1f, 0x25, 0x1f, 0x25, 0x10, 0x96, 0x20, 0xff,
        0x20, 0xff, 0x20, 0xff, 0x20, 0xff, 0x20, 0xff, 0x49, 0xff, 0xda, 0xff,
        0xfd, 0xff, 0xfc, 0xff, 0xfc, 0xff, 0xfd, 0xff, 0xfc, 0xff, 0xfd, 0xff,
        0xfc, 0xff, 0xfd, 0xff, 0xfc, 0xff, 0xfd, 0xff, 0xfc, 0xff, 0xfd, 0xff,
        0xfc, 0xff, 0xfd, 0xff, 0xfc, 0xff, 0xfd, 0xff, 0xfc, 0xff, 0xfd, 0xff,
        0xfc, 0xff, 0xfd, 0xff, 0xfc, 0xff, 0xdf, 0xf7, 0xdf, 0xef, 0xdf, 0xef,
        0xdf, 0xef, 0xbf, 0xe7, 0xdf, 0xef, 0xdf, 0xef, 0xbf, 0xe7, 0xdf, 0xef,
        0xdf, 0xef, 0xbf, 0xe7, 0xdf, 0xef, 0xdf, 0xef, 0xdf, 0xef, 0xdf, 0xef,
        0xbf, 0xe7, 0xdf, 0xef, 0xdf, 0xef, 0xdf, 0xef, 0xbf, 0xe7, 0xdf, 0xef,
        0xdf, 0xef, 0xdf, 0xef, 0xdf, 0xef, 0xbf, 0xe7, 0xdf, 0xef, 0xdf, 0xef,
        0xbf, 0xe7, 0xdf, 0xef, 0xdf, 0xef, 0xbf, 0xe7, 0xdf, 0xef, 0xdf, 0xef,
        0xdf, 0xef, 0xbf, 0xe7, 0xdf, 0xef, 0xdf, 0xef, 0xdf, 0xef, 0xdf, 0xef,
        0xdf, 0xef, 0xdf, 0xef, 0xdf, 0xef, 0x1f, 0xbf, 0x5f, 0x1d, 0x1f, 0x25,
        0x1f, 0x25, 0x1f, 0x25, 0x1f, 0x25, 0x1f, 0x25, 0x1f, 0x25, 0x1f, 0x25,
        0x1f, 0x25, 0x1f, 0x25, 0x1f, 0x25, 0x1f, 0x25, 0x1f, 0x25, 0x1f, 0x25,
        0x1f, 0x25, 0x1f, 0x25, 0x1f, 0x25, 0x1f, 0x25, 0x1f, 0x25, 0x3f, 0x25,
        0x3f, 0x25, 0x3f, 0x25, 0x3f, 0x25, 0x3f, 0x25, 0x3f, 0x25, 0x3f, 0x25,
        0x3f, 0x25, 0x3f, 0x25, 0x3f, 0x25, 0x3f, 0x25, 0x3f, 0x25, 0x3f, 0x25,
        0x3f, 0x25, 0x3f, 0x25, 0x3f, 0x25, 0x3f, 0x25, 0x3f, 0x25, 0x3f, 0x25,
        0x3f, 0x25, 0x3f, 0x25, 0x3f, 0x25, 0xb3, 0x75, 0xa4, 0xe6, 0x20, 0xff,
        0x20, 0xff, 0x20, 0xff, 0xb5, 0xff, 0xfd, 0xff, 0xfc, 0xff, 0xfd, 0xff,
        0xfd, 0xff, 0xfc, 0xff, 0xfd, 0xff, 0xfc, 0xff, 0xfd, 0xff, 0xfc, 0xff,
        0xfd, 0xff, 0xfc, 0xff, 0xfd, 0xff, 0xfc, 0xff, 0xfd, 0xff, 0xfc, 0xff,
        0xfd, 0xff, 0xfc, 0xff, 0xfd, 0xff, 0xfc, 0xff, 0xfd, 0xff, 0xfc, 0xff,
        0xdf, 0xf7, 0xdf, 0xef, 0xdf, 0xef, 0xdf, 0xef, 0xdf, 0xef, 0xdf, 0xef,
        0xdf, 0xef, 0xdf, 0xef, 0xdf, 0xef, 0xdf, 0xef, 0xdf, 0xef, 0xdf, 0xef,
        0xdf, 0xef, 0xdf, 0xef, 0xdf, 0xef, 0xdf, 0xef, 0xdf, 0xef, 0xdf, 0xef,
        0xdf, 0xef, 0xdf, 0xef, 0xdf, 0xef, 0xdf, 0xef, 0xdf, 0xef, 0xdf, 0xef,
        0xdf, 0xef, 0xdf, 0xef, 0xdf, 0xef, 0xdf, 0xef, 0xdf, 0xef, 0xdf, 0xef,
        0xdf, 0xef, 0xdf, 0xef, 0xdf, 0xef, 0xdf, 0xef, 0xdf, 0xef, 0xdf, 0xef,
        0xdf, 0xef, 0xdf, 0xef, 0xdf, 0xef, 0xdf, 0xef, 0xdf, 0xef, 0xdf, 0xef,
        0xdf, 0xef, 0x9f, 0xe7, 0x7f, 0x4d, 0x1f, 0x25, 0x3f, 0x25, 0x3f, 0x25,
        0x1f, 0x25, 0x3f, 0x25, 0x3f, 0x25, 0x3f, 0x25, 0x3f, 0x25, 0x3f, 0x25,
        0x1f, 0x25, 0x3f, 0x25, 0x3f, 0x25, 0x3f, 0x25, 0x3f, 0x25, 0x3f, 0x25,
        0x3f, 0x25, 0x3f, 0x25, 0x3f, 0x25, 0x3f, 0x25, 0x3f, 0x25, 0x3f, 0x25,
        0x3f, 0x25, 0x3f, 0x25, 0x3f, 0x25, 0x3f, 0x25, 0x3f, 0x25, 0x3f, 0x25,
        0x3f, 0x25, 0x3f, 0x25, 0x3f, 0x25, 0x3f, 0x25, 0x3f, 0x25, 0x3f, 0x25,
        0x3f, 0x25, 0x3f, 0x25, 0x3f, 0x25, 0x3f, 0x25, 0x3f, 0x25, 0x3f, 0x25,
        0x3f, 0x25, 0x5f, 0x1d, 0x79, 0x4d, 0x69, 0xc6, 0x20, 0xff, 0x70, 0xff,
        0xfd, 0xff, 0xfd, 0xff, 0xfd, 0xff, 0xfd, 0xff, 0xfc, 0xff, 0xfd, 0xff,
        0xfd, 0xff, 0xfd, 0xff, 0xfd, 0xff, 0xfd, 0xff, 0xfd, 0xff, 0xfd, 0xff,
        0xfd, 0xff, 0xfd, 0xff, 0xfd, 0xff, 0xfd, 0xff, 0xfd, 0xff, 0xfd, 0xff,
        0xfd, 0xff, 0xfd, 0xff, 0xfd, 0xff, 0xdf, 0xef, 0xdf, 0xef, 0xdf, 0xef,
        0xdf, 0xef, 0xdf, 0xef, 0xdf, 0xef, 0xdf, 0xef, 0xdf, 0xef, 0xdf, 0xef,
        0xdf, 0xef, 0xdf, 0xef, 0xdf, 0xef, 0xdf, 0xef, 0xdf, 0xef, 0xdf, 0xef,
        0xdf, 0xef, 0xdf, 0xef, 0xdf, 0xef, 0xdf, 0xef, 0xdf, 0xef, 0xdf, 0xef,
        0xdf, 0xef, 0xdf, 0xef, 0xdf, 0xef, 0xdf, 0xef, 0xdf, 0xef, 0xdf, 0xef,
        0xdf, 0xef, 0xdf, 0xef, 0xdf, 0xef, 0xdf, 0xef, 0xdf, 0xef, 0xdf, 0xef,
        0xdf, 0xef, 0xdf, 0xef, 0xdf, 0xef, 0xdf, 0xef, 0xdf, 0xef, 0xdf, 0xef,
        0xdf, 0xef, 0xdf, 0xef, 0xdf, 0xef, 0xdf, 0xef, 0xdf, 0xef, 0xbf, 0xe7,
        0x1f, 0x46, 0x3f, 0x25, 0x3f, 0x25, 0x3f, 0x25, 0x3f, 0x25, 0x3f, 0x25,
        0x3f, 0x25, 0x3f, 0x25, 0x3f, 0x25, 0x3f, 0x25, 0x3f, 0x25, 0x3f, 0x25,
        0x3f, 0x25, 0x3f, 0x25, 0x3f, 0x25, 0x3f, 0x25, 0x3f, 0x25, 0x3f, 0x25,
        0x3f, 0x25, 0x3f, 0x25, 0x3f, 0x25, 0x3f, 0x25, 0x3f, 0x25, 0x3f, 0x25,
        0x3f, 0x25, 0x3f, 0x25, 0x3f, 0x25, 0x3f, 0x25, 0x3f, 0x25, 0x3f, 0x25,
        0x3f, 0x25, 0x3f, 0x25, 0x3f, 0x25, 0x3f, 0x25, 0x3f, 0x25, 0x3f, 0x25,
        0x3f, 0x25, 0x3f, 0x25, 0x3f, 0x25, 0x3f, 0x25, 0x5f, 0x1d, 0x3f, 0x25,
        0x5f, 0x1d, 0x7f, 0x1d, 0x10, 0x96, 0xda, 0xff, 0xfd, 0xff, 0xfd, 0xff,
        0xfd, 0xff, 0xfd, 0xff, 0xfd, 0xff, 0xfd, 0xff, 0xfd, 0xff, 0xfd, 0xff,
        0xfc, 0xff, 0xfd, 0xff, 0xfd, 0xff, 0xfc, 0xff, 0xfd, 0xff, 0xfd, 0xff,
        0xfc, 0xff, 0xfd, 0xff, 0xfd, 0xff, 0xfc, 0xff, 0xfd, 0xff, 0xdf, 0xf7,
        0xdf, 0xf7, 0xdf, 0xef, 0xdf, 0xef, 0xdf, 0xef, 0xdf, 0xef, 0xdf, 0xef,
        0xdf, 0xef, 0xdf, 0xef, 0xdf, 0xef, 0xdf, 0xef, 0xdf, 0xf7, 0xdf, 0xef,
        0xdf, 0xef, 0xdf, 0xf7, 0xdf, 0xef, 0xdf, 0xef, 0xdf, 0xef, 0xdf, 0xef,
        0xdf, 0xef, 0xdf, 0xf7, 0xdf, 0xef, 0xdf, 0xef, 0xdf, 0xef, 0xdf, 0xef,
        0xdf, 0xef, 0xdf, 0xef, 0xdf, 0xef, 0xdf, 0xef, 0xdf, 0xef, 0xdf, 0xef,
        0xdf, 0xf7, 0xdf, 0xef, 0xdf, 0xef, 0xdf, 0xef, 0xdf, 0xef, 0xdf, 0xef,
        0xdf, 0xef, 0xdf, 0xf7, 0xdf, 0xef, 0xdf, 0xef, 0xdf, 0xef, 0xdf, 0xef,
        0xdf, 0xef, 0xdf, 0xef, 0xdf, 0xf7, 0xdf, 0xef, 0x7f, 0x6e, 0x3f, 0x25,
        0x3f, 0x25, 0x3f, 0x25, 0x3f, 0x25, 0x3f, 0x25, 0x3f, 0x25, 0x3f, 0x25,
        0x3f, 0x25, 0x3f, 0x25, 0x3f, 0x25, 0x3f, 0x25, 0x3f, 0x25, 0x3f, 0x25,
        0x3f, 0x25, 0x3f, 0x25, 0x3f, 0x25, 0x3f, 0x25, 0x5f, 0x1d, 0x5f, 0x1d,
        0x5f, 0x1d, 0x5f, 0x1d, 0x5f, 0x1d, 0x5f, 0x1d, 0x5f, 0x1d, 0x5f, 0x1d,
        0x5f, 0x1d, 0x5f, 0x1d, 0x5f, 0x1d, 0x5f, 0x1d, 0x5f, 0x1d, 0x5f, 0x1d,
        0x5f, 0x1d, 0x5f, 0x1d, 0x5f, 0x1d, 0x5f, 0x1d, 0x5f, 0x1d, 0x5f, 0x1d,
        0x5f, 0x1d, 0x5f, 0x1d, 0x5f, 0x1d, 0x5f, 0x1d, 0x5f, 0x1d, 0x5f, 0x1d,
        0xbf, 0x8e, 0xdf, 0xf7, 0xff, 0xf7, 0xfd, 0xff, 0xfd, 0xff, 0xfd, 0xff,
        0xfd, 0xff, 0xfd, 0xff, 0xfd, 0xff, 0xfd, 0xff, 0xfd, 0xff, 0xfd, 0xff,
        0xfd, 0xff, 0xfd, 0xff, 0xfd, 0xff, 0xfd, 0xff, 0xfd, 0xff, 0xfd, 0xff,
        0xfd, 0xff, 0xdf, 0xf7, 0xdf, 0xf7, 0xdf, 0xf7, 0xdf, 0xf7, 0xdf, 0xef,
        0xdf, 0xf7, 0xdf, 0xf7, 0xdf, 0xf7, 0xdf, 0xf7, 0xdf, 0xf7, 0xdf, 0xf7,
        0xdf, 0xf7, 0xdf, 0xf7, 0xdf, 0xef, 0xdf, 0xf7, 0xdf, 0xf7, 0xdf, 0xf7,
        0xdf, 0xf7, 0xdf, 0xf7, 0xdf, 0xf7, 0xdf, 0xf7, 0xdf, 0xf7, 0xdf, 0xef,
        0xdf, 0xf7, 0xdf, 0xf7, 0xdf, 0xf7, 0xdf, 0xf7, 0xdf, 0xf7, 0xdf, 0xf7,
        0xdf, 0xf7, 0xdf, 0xf7, 0xdf, 0xf7, 0xdf, 0xf7, 0xdf, 0xef, 0xdf, 0xf7,
        0xdf, 0xf7, 0xdf, 0xf7, 0xdf, 0xf7, 0xdf, 0xf7, 0xdf, 0xf7, 0xdf, 0xef,
        0xdf, 0xf7, 0xdf, 0xf7, 0xdf, 0xf7, 0xdf, 0xf7, 0xdf, 0xf7, 0xdf, 0xf7,
        0xdf, 0xef, 0xdf, 0xf7, 0x7f, 0x6e, 0x3f, 0x25, 0x5f, 0x1d, 0x5f, 0x1d,
        0x5f, 0x1d, 0x5f, 0x1d, 0x5f, 0x1d, 0x5f, 0x1d, 0x5f, 0x1d, 0x5f, 0x1d,
        0x5f, 0x1d, 0x5f, 0x1d, 0x5f, 0x1d, 0x5f, 0x1d, 0x5f, 0x1d, 0x5f, 0x1d,
        0x5f, 0x1d, 0x5f, 0x1d, 0x5f, 0x1d, 0x5f, 0x1d, 0x5f, 0x1d, 0x5f, 0x1d,
        0x5f, 0x1d, 0x5f, 0x1d, 0x5f, 0x1d, 0x5f, 0x1d, 0x5f, 0x1d, 0x5f, 0x1d,
        0x5f, 0x1d, 0x5f, 0x1d, 0x5f, 0x1d, 0x5f, 0x1d, 0x5f, 0x1d, 0x5f, 0x1d,
        0x5f, 0x1d, 0x5f, 0x1d, 0x5f, 0x1d, 0x5f, 0x1d, 0x5f, 0x1d, 0x5f, 0x1d,
        0x5f, 0x1d, 0x5f, 0x1d, 0x5f, 0x1d, 0x7f, 0x1d, 0x7f, 0xdf, 0xdf, 0xf7,
        0xdf, 0xf7, 0xdf, 0xf7, 0xdf, 0xf7, 0xff, 0xff, 0xfd, 0xff, 0xfd, 0xff,
        0xfd, 0xff, 0xfd, 0xff, 0xfd, 0xff, 0xfd, 0xff, 0xfd, 0xff, 0xfd, 0xff,
        0xfd, 0xff, 0xfd, 0xff, 0xfd, 0xff, 0xff, 0xf7, 0xdf, 0xf7, 0xdf, 0xf7,
        0xdf, 0xf7, 0xdf, 0xef, 0xdf, 0xf7, 0xdf, 0xf7, 0xdf, 0xf7, 0xdf, 0xef,
        0xdf, 0xf7, 0xdf, 0xf7, 0xdf, 0xef, 0xdf, 0xf7, 0xdf, 0xef, 0xdf, 0xf7,
        0xdf, 0xf7, 0xdf, 0xf7, 0xdf, 0xf7, 0xdf, 0xef, 0xdf, 0xf7, 0xdf, 0xef,
        0xdf, 0xf7, 0xdf, 0xef, 0xdf, 0xf7, 0xdf, 0xf7, 0xdf, 0xf7, 0xdf, 0xef,
        0xdf, 0xf7, 0xdf, 0xf7, 0xdf, 0xef, 0xdf, 0xf7, 0xdf, 0xef, 0xdf, 0xf7,
        0xdf, 0xef, 0xdf, 0xf7, 0xdf, 0xf7, 0xdf, 0xf7, 0xdf, 0xef, 0xdf, 0xf7,
        0xdf, 0xf7, 0xdf, 0xef, 0xdf, 0xf7, 0xdf, 0xf7, 0xdf, 0xf7, 0xdf, 0xf7,
        0xdf, 0xef, 0xdf, 0xf7, 0xdf, 0xef, 0xdf, 0xf7, 0xdf, 0xf7, 0xdf, 0xf7,
        0x7f, 0x6e, 0x5f, 0x1d, 0x5f, 0x1d, 0x5f, 0x1d, 0x5f, 0x1d, 0x5f, 0x1d,
        0x5f, 0x1d, 0x5f, 0x1d, 0x5f, 0x1d, 0x5f, 0x1d, 0x5f, 0x1d, 0x5f, 0x1d,
        0x5f, 0x1d, 0x5f, 0x1d, 0x5f, 0x1d, 0x5f, 0x1d, 0x5f, 0x1d, 0x5f, 0x1d,
        0x5f, 0x1d, 0x5f, 0x1d, 0x5f, 0x1d, 0x5f, 0x1d, 0x5f, 0x1d, 0x5f, 0x1d,
        0x5f, 0x1d, 0x5f, 0x1d, 0x5f, 0x1d, 0x5f, 0x1d, 0x5f, 0x1d, 0x5f, 0x1d,
        0x5f, 0x1d, 0x5f, 0x1d, 0x5f, 0x1d, 0x5f, 0x1d, 0x5f, 0x1d, 0x5f, 0x1d,
        0x5f, 0x1d, 0x5f, 0x1d, 0x5f, 0x1d, 0x5f, 0x1d, 0x5f, 0x1d, 0x5f, 0x1d,
        0x5f, 0x1d, 0x1f, 0x46, 0xbf, 0xe7, 0xdf, 0xf7, 0xdf, 0xf7, 0xdf, 0xf7,
        0xdf, 0xf7, 0xdf, 0xf7, 0xdf, 0xf7, 0xdf, 0xf7, 0xff, 0xf7, 0xff, 0xf7,
        0xff, 0xf7, 0xff, 0xf7, 0xff, 0xf7, 0xff, 0xf7, 0xdf, 0xf7, 0xdf, 0xf7,
        0xdf, 0xef, 0xdf, 0xf7, 0xdf, 0xf7, 0xdf, 0xf7, 0xdf, 0xf7, 0xdf, 0xf7,
        0xdf, 0xf7, 0xdf, 0xf7, 0xdf, 0xf7, 0xdf, 0xf7, 0xdf, 0xf7, 0xdf, 0xf7,
        0xdf, 0xf7, 0xdf, 0xf7, 0xdf, 0xf7, 0xdf, 0xf7, 0xdf, 0xf7, 0xdf, 0xf7,
        0xdf, 0xf7, 0xdf, 0xf7, 0xdf, 0xf7, 0xdf, 0xf7, 0xdf, 0xf7, 0xdf, 0xf7,
        0xdf, 0xf7, 0xdf, 0xf7, 0xdf, 0xf7, 0xdf, 0xf7, 0xdf, 0xf7, 0xdf, 0xf7,
        0xdf, 0xf7, 0xdf, 0xf7, 0xff, 0xf7, 0xdf, 0xf7, 0xdf, 0xf7, 0xdf, 0xf7,
        0xdf, 0xf7, 0xdf, 0xf7, 0xdf, 0xf7, 0xdf, 0xf7, 0xdf, 0xf7, 0xdf, 0xf7,
        0xdf, 0xf7, 0xdf, 0xf7, 0xdf, 0xf7, 0xdf, 0xf7, 0xdf, 0xf7, 0xdf, 0xf7,
        0xdf, 0xf7, 0xdf, 0xf7, 0xdf, 0xf7, 0xdf, 0xf7, 0x7f, 0x6e, 0x5f, 0x1d,
        0x5f, 0x1d, 0x5f, 0x1d, 0x5f, 0x1d, 0x5f, 0x1d, 0x5f, 0x1d, 0x5f, 0x1d,
        0x5f, 0x1d, 0x5f, 0x1d, 0x5f, 0x1d, 0x5f, 0x1d, 0x5f, 0x1d, 0x5f, 0x1d,
        0x5f, 0x1d, 0x5f, 0x1d, 0x5f, 0x1d, 0x5f, 0x1d, 0x5f, 0x1d, 0x5f, 0x1d,
        0x5f, 0x1d, 0x5f, 0x1d, 0x5f, 0x1d, 0x5f, 0x1d, 0x5f, 0x1d, 0x5f, 0x1d,
        0x5f, 0x1d, 0x5f, 0x1d, 0x5f, 0x1d, 0x5f, 0x1d, 0x5f, 0x1d, 0x5f, 0x1d,
        0x5f, 0x1d, 0x5f, 0x1d, 0x5f, 0x1d, 0x5f, 0x1d, 0x5f, 0x1d, 0x5f, 0x1d,
        0x5f, 0x1d, 0x5f, 0x1d, 0x5f, 0x1d, 0x5f, 0x1d, 0x5f, 0x1d, 0x7f, 0x6e,
        0xdf, 0xf7, 0xdf, 0xf7, 0xdf, 0xf7, 0xdf, 0xf7, 0xdf, 0xf7, 0xdf, 0xf7,
        0xdf, 0xf7, 0xff, 0xf7, 0xdf, 0xf7, 0xdf, 0xf7, 0xff, 0xf7, 0xdf, 0xf7,
        0xff, 0xf7, 0xdf, 0xf7, 0xdf, 0xf7, 0xdf, 0xf7, 0xdf, 0xf7, 0xff, 0xf7,
        0xdf, 0xf7, 0xff, 0xf7, 0xdf, 0xf7, 0xff, 0xf7, 0xdf, 0xf7, 0xff, 0xf7,
        0xdf, 0xf7, 0xff, 0xf7, 0xdf, 0xf7, 0xff, 0xf7, 0xdf, 0xf7, 0xff, 0xf7,
        0xff, 0xf7, 0xdf, 0xf7, 0xff, 0xf7, 0xdf, 0xf7, 0xff, 0xf7, 0xdf, 0xf7,
        0xff, 0xf7, 0xff, 0xf7, 0xdf, 0xf7, 0xff, 0xf7, 0xff, 0xf7, 0xdf, 0xf7,
        0xff, 0xf7, 0xdf, 0xf7, 0xff, 0xf7, 0xdf, 0xf7, 0xff, 0xf7, 0xff, 0xf7,
        0xdf, 0xf7, 0xdf, 0xf7, 0xff, 0xf7, 0xdf, 0xf7, 0xff, 0xf7, 0xdf, 0xf7,
        0xff, 0xf7, 0xff, 0xf7, 0xdf, 0xf7, 0xff, 0xf7, 0xdf, 0xf7, 0xff, 0xf7,
        0xdf, 0xf7, 0xff, 0xf7, 0xdf, 0xf7, 0xff, 0xf7, 0xff, 0xf7, 0xdf, 0xf7,
        0xff, 0xf7, 0xdf, 0xef, 0x1f, 0x46, 0x5f, 0x1d, 0x5f, 0x1d, 0x5f, 0x1d,
        0x5f, 0x1d, 0x5f, 0x1d, 0x5f, 0x1d, 0x5f, 0x1d, 0x5f, 0x1d, 0x5f, 0x1d,
        0x5f, 0x1d, 0x5f, 0x1d, 0x5f, 0x1d, 0x5f, 0x1d, 0x5f, 0x1d, 0x5f, 0x1d,
        0x5f, 0x1d, 0x5f, 0x1d, 0x5f, 0x1d, 0x5f, 0x1d, 0x5f, 0x1d, 0x5f, 0x1d,
        0x5f, 0x1d, 0x5f, 0x1d, 0x5f, 0x1d, 0x5f, 0x1d, 0x5f, 0x1d, 0x5f, 0x1d,
        0x5f, 0x1d, 0x5f, 0x1d, 0x5f, 0x1d, 0x5f, 0x1d, 0x5f, 0x1d, 0x5f, 0x1d,
        0x5f, 0x1d, 0x5f, 0x1d, 0x5f, 0x1d, 0x5f, 0x1d, 0x5f, 0x1d, 0x5f, 0x1d,
        0x5f, 0x1d, 0x5f, 0x1d, 0x5f, 0x1d, 0x7f, 0x6e, 0xff, 0xf7, 0xff, 0xf7,
        0xff, 0xf7, 0xff, 0xf7, 0xff, 0xf7, 0xff, 0xf7, 0xff, 0xf7, 0xff, 0xf7,
        0xff, 0xf7, 0xff, 0xf7, 0xff, 0xf7, 0xff, 0xf7, 0xff, 0xf7, 0xff, 0xf7,
        0xff, 0xf7, 0xff, 0xf7, 0xff, 0xf7, 0xff, 0xf7, 0xff, 0xf7, 0xff, 0xf7,
        0xff, 0xf7, 0xff, 0xf7, 0xff, 0xf7, 0xff, 0xf7, 0xff, 0xf7, 0xff, 0xf7,
        0xff, 0xf7, 0xff, 0xf7, 0xff, 0xf7, 0xff, 0xf7, 0xff, 0xf7, 0xff, 0xf7,
        0xff, 0xf7, 0xff, 0xf7, 0xff, 0xf7, 0xff, 0xf7, 0xff, 0xf7, 0xff, 0xf7,
        0xff, 0xf7, 0xff, 0xf7, 0xff, 0xf7, 0xff, 0xf7, 0xff, 0xf7, 0xff, 0xf7,
        0xff, 0xf7, 0xff, 0xf7, 0xff, 0xf7, 0xff, 0xf7, 0xff, 0xf7, 0xff, 0xf7,
        0xff, 0xf7, 0xff, 0xf7, 0xff, 0xf7, 0xff, 0xf7, 0xff, 0xf7, 0xff, 0xf7,
        0xff, 0xf7, 0xff, 0xf7, 0xff, 0xf7, 0xff, 0xf7, 0xff, 0xf7, 0xff, 0xf7,
        0xff, 0xf7, 0xff, 0xf7, 0xff, 0xf7, 0xff, 0xf7, 0xff, 0xf7, 0x9f, 0xe7,
        0xbf, 0x1d, 0x5f, 0x1d, 0x5f, 0x1d, 0x5f, 0x1d, 0x5f, 0x1d, 0x5f, 0x1d,
        0x5f, 0x1d, 0x5f, 0x1d, 0x5f, 0x1d, 0x5f, 0x1d, 0x5f, 0x1d, 0x5f, 0x1d,
        0x5f, 0x1d, 0x5f, 0x1d, 0x5f, 0x1d, 0x5f, 0x1d, 0x5f, 0x1d, 0x5f, 0x1d,
        0x7f, 0x1d, 0x7f, 0x1d, 0x7f, 0x1d, 0x7f, 0x1d, 0x7f, 0x1d, 0x7f, 0x1d,
        0x7f, 0x1d, 0x7f, 0x1d, 0x7f, 0x1d, 0x7f, 0x1d, 0x7f, 0x1d, 0x7f, 0x1d,
        0x7f, 0x1d, 0x7f, 0x1d, 0x7f, 0x1d, 0x7f, 0x1d, 0x7f, 0x1d, 0x7f, 0x1d,
        0x7f, 0x1d, 0x7f, 0x1d, 0x7f, 0x1d, 0x7f, 0x1d, 0x7f, 0x1d, 0x7f, 0x1d,
        0x7f, 0x1d, 0x7f, 0x6e, 0xff, 0xf7, 0xff, 0xf7, 0xff, 0xf7, 0xff, 0xf7,
        0xff, 0xf7, 0xff, 0xf7, 0xff, 0xf7, 0xff, 0xf7, 0xff, 0xf7, 0xff, 0xf7,
        0xff, 0xf7, 0xff, 0xf7, 0xff, 0xf7, 0xff, 0xf7, 0xff, 0xf7, 0xff, 0xf7,
        0xff, 0xf7, 0xff, 0xf7, 0xff, 0xf7, 0xff, 0xf7, 0xff, 0xf7, 0xff, 0xf7,
        0xff, 0xf7, 0xff, 0xf7, 0xff, 0xf7, 0xff, 0xf7, 0xff, 0xf7, 0xff, 0xf7,
        0xff, 0xf7, 0xff, 0xf7, 0xff, 0xf7, 0xff, 0xf7, 0xff, 0xf7, 0xff, 0xf7,
        0xff, 0xf7, 0xff, 0xf7, 0xff, 0xf7, 0xff, 0xf7, 0xff, 0xf7, 0xff, 0xf7,
        0xff, 0xf7, 0xff, 0xf7, 0xff, 0xf7, 0xff, 0xf7, 0xff, 0xf7, 0xff, 0xf7,
        0xff, 0xf7, 0xff, 0xf7, 0xff, 0xf7, 0xff, 0xf7, 0xff, 0xf7, 0xff, 0xf7,
        0xff, 0xf7, 0xff, 0xf7, 0xff, 0xf7, 0xff, 0xf7, 0xff, 0xf7, 0xff, 0xf7,
        0xff, 0xf7, 0xff, 0xf7, 0xff, 0xf7, 0xff, 0xf7, 0xff, 0xf7, 0xff, 0xf7,
        0xff, 0xf7, 0xff, 0xf7, 0xff, 0xff, 0x1f, 0xbf, 0x9f, 0x1d, 0x7f, 0x1d,
        0x7f, 0x1d, 0x7f, 0x1d, 0x7f, 0x1d, 0x7f, 0x1d, 0x7f, 0x1d, 0x7f, 0x1d,
        0x7f, 0x1d, 0x7f, 0x1d, 0x7f, 0x1d, 0x7f, 0x1d, 0x7f, 0x1d, 0x7f, 0x1d,
        0x7f, 0x1d, 0x7f, 0x1d, 0x7f, 0x1d, 0x7f, 0x1d, 0x7f, 0x1d, 0x7f, 0x1d,
        0x7f, 0x1d, 0x7f, 0x1d, 0x7f, 0x1d, 0x7f, 0x1d, 0x7f, 0x1d, 0x7f, 0x1d,
        0x7f, 0x1d, 0x7f, 0x1d, 0x7f, 0x1d, 0x7f, 0x1d, 0x7f, 0x1d, 0x7f, 0x1d,
        0x7f, 0x1d, 0x7f, 0x1d, 0x7f, 0x1d, 0x7f, 0x1d, 0x7f, 0x1d, 0x7f, 0x1d,
        0x7f, 0x1d, 0x7f, 0x1d, 0x7f, 0x1d, 0x7f, 0x1d, 0x7f, 0x1d, 0x7f, 0x6e,
        0xff, 0xf7, 0xff, 0xf7, 0xff, 0xf7, 0xff, 0xf7, 0xff, 0xf7, 0xff, 0xf7,
        0xff, 0xf7, 0xff, 0xf7, 0xff, 0xf7, 0xff, 0xf7, 0xff, 0xf7, 0xff, 0xf7,
        0xff, 0xf7, 0xff, 0xf7, 0xff, 0xf7, 0xff, 0xf7, 0xff, 0xf7, 0xff, 0xf7,
        0xff, 0xf7, 0xff, 0xf7, 0xff, 0xf7, 0xdf, 0xf7, 0xff, 0xf7, 0xff, 0xf7,
        0xdf, 0xf7, 0xff, 0xf7, 0xff, 0xf7, 0xff, 0xf7, 0xdf, 0xf7, 0xff, 0xf7,
        0xff, 0xf7, 0xdf, 0xf7, 0xff, 0xf7, 0xff, 0xf7, 0xdf, 0xf7, 0xff, 0xf7,
        0xff, 0xf7, 0xdf, 0xf7, 0xff, 0xf7, 0xff, 0xf7, 0xdf, 0xf7, 0xff, 0xf7,
        0xff, 0xf7, 0xdf, 0xf7, 0xff, 0xf7, 0xff, 0xf7, 0xdf, 0xf7, 0xff, 0xf7,
        0xff, 0xf7, 0xff, 0xf7, 0xdf, 0xf7, 0xff, 0xf7, 0xff, 0xf7, 0xdf, 0xf7,
        0xff, 0xf7, 0xff, 0xf7, 0xdf, 0xf7, 0xff, 0xf7, 0xff, 0xf7, 0xdf, 0xf7,
        0xff, 0xf7, 0xff, 0xf7, 0xff, 0xf7, 0xdf, 0xf7, 0xff, 0xf7, 0xff, 0xf7,
        0xff, 0xf7, 0xbf, 0x8e, 0x7f, 0x1d, 0x7f, 0x1d, 0x7f, 0x1d, 0x7f, 0x1d,
        0x7f, 0x1d, 0x7f, 0x1d, 0x7f, 0x1d, 0x7f, 0x1d, 0x7f, 0x1d, 0x7f, 0x1d,
        0x7f, 0x1d, 0x7f, 0x1d, 0x7f, 0x1d, 0x7f, 0x1d, 0x7f, 0x1d, 0x7f, 0x1d,
        0x7f, 0x1d, 0x7f, 0x1d, 0x9f, 0x1d, 0x9f, 0x1d, 0x9f, 0x1d, 0x9f, 0x1d,
        0x9f, 0x1d, 0x9f, 0x1d, 0x9f, 0x1d, 0x9f, 0x1d, 0x9f, 0x1d, 0x9f, 0x1d,
        0x9f, 0x1d, 0x9f, 0x1d, 0x9f, 0x1d, 0x9f, 0x1d, 0x9f, 0x1d, 0x9f, 0x1d,
        0x9f, 0x1d, 0x9f, 0x1d, 0x9f, 0x1d, 0x9f, 0x1d, 0x9f, 0x1d, 0x9f, 0x1d,
        0x9f, 0x1d, 0x9f, 0x1d, 0x7f, 0x1d, 0x1f, 0x46, 0xdf, 0xef, 0xff, 0xf7,
        0xff, 0xf7, 0xff, 0xf7, 0xff, 0xf7, 0xff, 0xf7, 0xff, 0xf7, 0xff, 0xf7,
        0xff, 0xf7, 0xff, 0xf7, 0xff, 0xf7, 0xff, 0xf7, 0xff, 0xf7, 0xff, 0xf7,
        0xff, 0xf7, 0xff, 0xf7, 0xff, 0xf7, 0xff, 0xf7, 0xff, 0xf7, 0xff, 0xf7,
        0xff, 0xf7, 0xff, 0xf7, 0xff, 0xf7, 0xff, 0xf7, 0xff, 0xf7, 0xff, 0xf7,
        0xff, 0xf7, 0xff, 0xf7, 0xff, 0xf7, 0xff, 0xf7, 0xff, 0xf7, 0xff, 0xf7,
        0xff, 0xf7, 0xff, 0xf7, 0xff, 0xf7, 0xff, 0xf7, 0xff, 0xf7, 0xff, 0xf7,
        0xff, 0xf7, 0xff, 0xf7, 0xff, 0xf7, 0xff, 0xf7, 0xff, 0xf7, 0xff, 0xf7,
        0xff, 0xf7, 0xff, 0xf7, 0xff, 0xf7, 0xff, 0xf7, 0xff, 0xf7, 0xff, 0xf7,
        0xff, 0xf7, 0xff, 0xf7, 0xff, 0xf7, 0xff, 0xf7, 0xff, 0xf7, 0xff, 0xf7,
        0xff, 0xf7, 0xff, 0xf7, 0xff, 0xf7, 0xff, 0xf7, 0xff, 0xf7, 0xff, 0xf7,
        0xff, 0xf7, 0xff, 0xf7, 0xff, 0xf7, 0xff, 0xf7, 0xbf, 0xe7, 0x1f, 0x46,
        0x7f, 0x1d, 0x9f, 0x1d, 0x9f, 0x1d, 0x9f, 0x1d, 0x9f, 0x1d, 0x9f, 0x1d,
        0x9f, 0x1d, 0x9f, 0x1d, 0x9f, 0x1d, 0x9f, 0x1d, 0x9f, 0x1d, 0x9f, 0x1d,
        0x9f, 0x1d, 0x9f, 0x1d, 0x9f, 0x1d, 0x9f, 0x1d, 0x9f, 0x1d, 0x9f, 0x1d,
        0x9f, 0x1d, 0x9f, 0x1d, 0x9f, 0x1d, 0x9f, 0x1d, 0x9f, 0x1d, 0x9f, 0x1d,
        0x9f, 0x1d, 0x9f, 0x1d, 0x9f, 0x1d, 0x9f, 0x1d, 0x9f, 0x1d, 0x9f, 0x1d,
        0x9f, 0x1d, 0x9f, 0x1d, 0x9f, 0x1d, 0x9f, 0x1d, 0x9f, 0x1d, 0x9f, 0x1d,
        0x9f, 0x1d, 0x9f, 0x1d, 0x9f, 0x1d, 0x9f, 0x1d, 0x9f, 0x1d, 0x9f, 0x1d,
        0x9f, 0x1d, 0xbf, 0x1d, 0x9f, 0xe7, 0xff, 0xff, 0xff, 0xf7, 0xff, 0xf7,
        0xff, 0xf7, 0xff, 0xf7, 0xff, 0xf7, 0xff, 0xf7, 0xff, 0xf7, 0xff, 0xf7,
        0xff, 0xf7, 0xff, 0xf7, 0xff, 0xf7, 0xff, 0xf7, 0xff, 0xf7, 0xff, 0xf7,
        0xff, 0xf7, 0xff, 0xf7, 0xff, 0xff, 0xff, 0xf7, 0xff, 0xf7, 0xff, 0xff,
        0xff, 0xf7, 0xff, 0xf7, 0xff, 0xff, 0xff, 0xf7, 0xff, 0xf7, 0xff, 0xf7,
        0xff, 0xff, 0xff, 0xf7, 0xff, 0xf7, 0xff, 0xf7, 0xff, 0xff, 0xff, 0xf7,
        0xff, 0xf7, 0xff, 0xf7, 0xff, 0xf7, 0xff, 0xff, 0xff, 0xf7, 0xff, 0xf7,
        0xff, 0xf7, 0xff, 0xff, 0xff, 0xf7, 0xff, 0xf7, 0xff, 0xf7, 0xff, 0xff,
        0xff, 0xf7, 0xff, 0xf7, 0xff, 0xf7, 0xff, 0xf7, 0xff, 0xff, 0xff, 0xf7,
        0xff, 0xf7, 0xff, 0xf7, 0xff, 0xff, 0xff, 0xf7, 0xff, 0xf7, 0xff, 0xf7,
        0xff, 0xff, 0xff, 0xf7, 0xff, 0xf7, 0xff, 0xf7, 0xff, 0xff, 0xff, 0xf7,
        0xff, 0xff, 0xff, 0xff, 0x1f, 0xbf, 0x9f, 0x1d, 0x9f, 0x1d, 0x9f, 0x1d,
        0x9f, 0x1d, 0x9f, 0x1d, 0x9f, 0x1d, 0x9f, 0x1d, 0x9f, 0x1d, 0x9f, 0x1d,
        0x9f, 0x1d, 0x9f, 0x1d, 0x9f, 0x1d, 0x9f, 0x1d, 0x9f, 0x1d, 0x9f, 0x1d,
        0x9f, 0x1d, 0x9f, 0x1d, 0x9f, 0x1d, 0x9f, 0x1d, 0x9f, 0x1d, 0x9f, 0x1d,
        0x9f, 0x1d, 0x9f, 0x1d, 0x9f, 0x1d, 0x9f, 0x1d, 0x9f, 0x1d, 0x9f, 0x1d,
        0x9f, 0x1d, 0x9f, 0x1d, 0x9f, 0x1d, 0x9f, 0x1d, 0x9f, 0x1d, 0x9f, 0x1d,
        0x9f, 0x1d, 0x9f, 0x1d, 0x9f, 0x1d, 0x9f, 0x1d, 0x9f, 0x1d, 0x9f, 0x1d,
        0x9f, 0x1d, 0x9f, 0x1d, 0x9f, 0x1d, 0x9f, 0x1d, 0x9f, 0x1d, 0x9f, 0x1d,
        0x1f, 0xbf, 0xff, 0xff, 0xff, 0xff, 0xff, 0xff, 0xff, 0xff, 0xff, 0xff,
        0xff, 0xff, 0xff, 0xff, 0xff, 0xff, 0xff, 0xff, 0xff, 0xff, 0xff, 0xff,
        0xff, 0xff, 0xff, 0xff, 0xff, 0xff, 0xff, 0xff, 0xff, 0xff, 0xff, 0xff,
        0xff, 0xff, 0xff, 0xff, 0xff, 0xff, 0xff, 0xff, 0xff, 0xff, 0xff, 0xff,
        0xff, 0xff, 0xff, 0xff, 0xff, 0xff, 0xff, 0xff, 0xff, 0xff, 0xff, 0xff,
        0xff, 0xff, 0xff, 0xff, 0xff, 0xff, 0xff, 0xff, 0xff, 0xff, 0xff, 0xff,
        0xff, 0xff, 0xff, 0xff, 0xff, 0xff, 0xff, 0xff, 0xff, 0xff, 0xff, 0xff,
        0xff, 0xff, 0xff, 0xff, 0xff, 0xff, 0xff, 0xff, 0xff, 0xff, 0xff, 0xff,
        0xff, 0xff, 0xff, 0xff, 0xff, 0xff, 0xff, 0xff, 0xff, 0xff, 0xff, 0xff,
        0xff, 0xff, 0xff, 0xff, 0xff, 0xff, 0xff, 0xff, 0xff, 0xff, 0xff, 0xff,
        0xff, 0xff, 0xff, 0xff, 0xff, 0xff, 0xff, 0xff, 0xff, 0xff, 0xbf, 0xe7,
        0x1f, 0x46, 0x9f, 0x1d, 0x9f, 0x1d, 0x9f, 0x1d, 0x9f, 0x1d, 0x9f, 0x1d,
        0x9f, 0x1d, 0x9f, 0x1d, 0x9f, 0x1d, 0x9f, 0x1d, 0x9f, 0x1d, 0x9f, 0x1d,
        0x9f, 0x1d, 0x9f, 0x1d, 0x9f, 0x1d, 0x9f, 0x1d, 0x9f, 0x1d, 0x9f, 0x1d,
        0x9f, 0x1d, 0x9f, 0x1d, 0xbf, 0x25, 0xbf, 0x25, 0xbf, 0x25, 0xbf, 0x25,
        0xbf, 0x25, 0x9f, 0x1d, 0x9f, 0x1d, 0x9f, 0x1d, 0xbf, 0x25, 0xbf, 0x25,
        0xbf, 0x25, 0x9f, 0x1d, 0x9f, 0x1d, 0xbf, 0x25, 0xbf, 0x25, 0xbf, 0x25,
        0xbf, 0x25, 0xbf, 0x25, 0xbf, 0x25, 0x9f, 0x1d, 0x9f, 0x1d, 0xbf, 0x25,
        0xbf, 0x25, 0xbf, 0x25, 0x9f, 0x1d, 0x9f, 0x1d, 0x5f, 0x4e, 0xdf, 0xf7,
        0xff, 0xff, 0xff, 0xff, 0xff, 0xff, 0xff, 0xff, 0xff, 0xff, 0xff, 0xff,
        0xff, 0xff, 0xff, 0xff, 0xff, 0xff, 0xff, 0xff, 0xff, 0xff, 0xff, 0xff,
        0xff, 0xff, 0xff, 0xff, 0xff, 0xff, 0xff, 0xf7, 0xff, 0xff, 0xff, 0xff,
        0xff, 0xff, 0xff, 0xf7, 0xff, 0xff, 0xff, 0xf7, 0xff, 0xff, 0xff, 0xf7,
        0xff, 0xff, 0xff, 0xf7, 0xff, 0xff, 0xff, 0xf7, 0xff, 0xff, 0xff, 0xf7,
        0xff, 0xff, 0xff, 0xf7, 0xff, 0xff, 0xff, 0xf7, 0xff, 0xff, 0xff, 0xf7,
        0xff, 0xff, 0xff, 0xf7, 0xff, 0xff, 0xff, 0xf7, 0xff, 0xff, 0xff, 0xf7,
        0xff, 0xff, 0xff, 0xf7, 0xff, 0xff, 0xff, 0xf7, 0xff, 0xff, 0xff, 0xf7,
        0xff, 0xff, 0xff, 0xf7, 0xff, 0xff, 0xff, 0xf7, 0xff, 0xff, 0xff, 0xf7,
        0xff, 0xff, 0xff, 0xf7, 0xff, 0xff, 0xff, 0xf7, 0xff, 0xff, 0xff, 0xf7,
        0xff, 0xff, 0xff, 0xff, 0xff, 0xff, 0xbf, 0x8e, 0x9f, 0x1d, 0xbf, 0x25,
        0xbf, 0x25, 0xbf, 0x25, 0x9f, 0x1d, 0x9f, 0x1d, 0xbf, 0x25, 0xbf, 0x25,
        0x9f, 0x1d, 0x9f, 0x1d, 0x9f, 0x1d, 0xbf, 0x25, 0xbf, 0x25, 0xbf, 0x25,
        0x9f, 0x1d, 0x9f, 0x1d, 0x9f, 0x1d, 0x9f, 0x1d, 0xbf, 0x25, 0xbf, 0x25,
        0xbf, 0x25, 0xbf, 0x25, 0xbf, 0x25, 0xbf, 0x25, 0xbf, 0x25, 0xbf, 0x25,
        0xbf, 0x25, 0xbf, 0x25, 0xbf, 0x25, 0xbf, 0x25, 0xbf, 0x25, 0xbf, 0x25,
        0xbf, 0x25, 0xbf, 0x25, 0xbf, 0x25, 0xbf, 0x25, 0xbf, 0x25, 0xbf, 0x25,
        0xbf, 0x25, 0xbf, 0x25, 0xbf, 0x25, 0xbf, 0x25, 0xbf, 0x25, 0xbf, 0x25,
        0xbf, 0x25, 0xbf, 0x25, 0xbf, 0x1d, 0x1f, 0xbf, 0xff, 0xff, 0xff, 0xff,
        0xff, 0xff, 0xff, 0xff, 0xff, 0xff, 0xff, 0xff, 0xff, 0xff, 0xff, 0xff,
        0xff, 0xff, 0xff, 0xff, 0xff, 0xff, 0xff, 0xff, 0xff, 0xff, 0xff, 0xff,
        0xff, 0xff, 0xff, 0xff, 0xff, 0xff, 0xff, 0xff, 0xff, 0xff, 0xff, 0xff,
        0xff, 0xff, 0xff, 0xff, 0xff, 0xff, 0xff, 0xff, 0xff, 0xff, 0xff, 0xff,
        0xff, 0xff, 0xff, 0xff, 0xff, 0xff, 0xff, 0xff, 0xff, 0xff, 0xff, 0xff,
        0xff, 0xff, 0xff, 0xff, 0xff, 0xff, 0xff, 0xff, 0xff, 0xff, 0xff, 0xff,
        0xff, 0xff, 0xff, 0xff, 0xff, 0xff, 0xff, 0xff, 0xff, 0xff, 0xff, 0xff,
        0xff, 0xff, 0xff, 0xff, 0xff, 0xff, 0xff, 0xff, 0xff, 0xff, 0xff, 0xff,
        0xff, 0xff, 0xff, 0xff, 0xff, 0xff, 0xff, 0xff, 0xff, 0xff, 0xff, 0xff,
        0xff, 0xff, 0xff, 0xff, 0xff, 0xff, 0xff, 0xff, 0xff, 0xff, 0xff, 0xff,
        0x1f, 0xbf, 0xdf, 0x1d, 0xbf, 0x25, 0xbf, 0x25, 0xbf, 0x25, 0xbf, 0x25,
        0xbf, 0x25, 0xbf, 0x25, 0xbf, 0x25, 0xbf, 0x25, 0xbf, 0x25, 0xbf, 0x25,
        0xbf, 0x25, 0xbf, 0x25, 0xbf, 0x25, 0xbf, 0x25, 0xbf, 0x25, 0xbf, 0x25,
        0xbf, 0x25, 0xbf, 0x25, 0xbf, 0x25, 0xbf, 0x25, 0xbf, 0x1d, 0xbf, 0x1d,
        0xbf, 0x1d, 0xbf, 0x1d, 0xbf, 0x1d, 0xbf, 0x1d, 0xbf, 0x1d, 0xbf, 0x1d,
        0xbf, 0x1d, 0xbf, 0x1d, 0xbf, 0x1d, 0xbf, 0x1d, 0xbf, 0x1d, 0xbf, 0x1d,
        0xbf, 0x1d, 0xbf, 0x1d, 0xbf, 0x1d, 0xbf, 0x1d, 0xbf, 0x1d, 0xbf, 0x1d,
        0xbf, 0x1d, 0xbf, 0x1d, 0xbf, 0x1d, 0xbf, 0x1d, 0xbf, 0x1d, 0xbf, 0x1d,
        0xbf, 0x25, 0x1f, 0x46, 0xbf, 0xe7, 0xff, 0xff, 0xff, 0xff, 0xff, 0xff,
        0xff, 0xff, 0xff, 0xff, 0xff, 0xff, 0xff, 0xff, 0xff, 0xff, 0xff, 0xff,
        0xff, 0xff, 0xff, 0xff, 0xff, 0xff, 0xff, 0xff, 0xff, 0xff, 0xff, 0xff,
        0xff, 0xff, 0xff, 0xff, 0xff, 0xff, 0xff, 0xff, 0xff, 0xff, 0xff, 0xff,
        0xff, 0xff, 0xff, 0xff, 0xff, 0xff, 0xff, 0xff, 0xff, 0xff, 0xff, 0xff,
        0xff, 0xff, 0xff, 0xff, 0xff, 0xff, 0xff, 0xff, 0xff, 0xff, 0xff, 0xff,
        0xff, 0xff, 0xff, 0xff, 0xff, 0xff, 0xff, 0xff, 0xff, 0xff, 0xff, 0xff,
        0xff, 0xff, 0xff, 0xff, 0xff, 0xff, 0xff, 0xff, 0xff, 0xff, 0xff, 0xff,
        0xff, 0xff, 0xff, 0xff, 0xff, 0xff, 0xff, 0xff, 0xff, 0xff, 0xff, 0xff,
        0xff, 0xff, 0xff, 0xff, 0xff, 0xff, 0xff, 0xff, 0xff, 0xff, 0xff, 0xff,
        0xff, 0xff, 0xff, 0xff, 0xff, 0xff, 0x7f, 0xdf, 0x1f, 0x46, 0xbf, 0x25,
        0xbf, 0x1d, 0xbf, 0x1d, 0xbf, 0x1d, 0xbf, 0x1d, 0xbf, 0x1d, 0xbf, 0x1d,
        0xbf, 0x1d, 0xbf, 0x1d, 0xbf, 0x1d, 0xbf, 0x1d, 0xbf, 0x1d, 0xbf, 0x1d,
        0xbf, 0x1d, 0xbf, 0x1d, 0xbf, 0x1d, 0xbf, 0x1d, 0xbf, 0x1d, 0xbf, 0x1d,
        0xbf, 0x1d, 0xbf, 0x1d, 0xbf, 0x1d, 0xbf, 0x1d, 0xbf, 0x1d, 0xbf, 0x1d,
        0xbf, 0x1d, 0xbf, 0x1d, 0xbf, 0x1d, 0xbf, 0x1d, 0xbf, 0x1d, 0xbf, 0x1d,
        0xbf, 0x1d, 0xbf, 0x1d, 0xbf, 0x1d, 0xbf, 0x1d, 0xbf, 0x1d, 0xbf, 0x1d,
        0xbf, 0x1d, 0xbf, 0x1d, 0xbf, 0x1d, 0xbf, 0x1d, 0xbf, 0x1d, 0xbf, 0x1d,
        0xbf, 0x1d, 0xbf, 0x1d, 0xbf, 0x1d, 0xbf, 0x1d, 0xbf, 0x1d, 0xbf, 0x1d,
        0x7f, 0x6e, 0xdf, 0xf7, 0xff, 0xff, 0xff, 0xff, 0xff, 0xff, 0xff, 0xff,
        0xff, 0xff, 0xff, 0xff, 0xff, 0xff, 0xff, 0xff, 0xff, 0xff, 0xff, 0xff,
        0xff, 0xff, 0xff, 0xff, 0xff, 0xff, 0xff, 0xff, 0xff, 0xff, 0xff, 0xff,
        0xff, 0xff, 0xff, 0xff, 0xff, 0xff, 0xff, 0xff, 0xff, 0xff, 0xff, 0xff,
        0xff, 0xff, 0xff, 0xff, 0xff, 0xff, 0xff, 0xff, 0xff, 0xff, 0xff, 0xff,
        0xff, 0xff, 0xff, 0xff, 0xff, 0xff, 0xff, 0xff, 0xff, 0xff, 0xff, 0xff,
        0xff, 0xff, 0xff, 0xff, 0xff, 0xff, 0xff, 0xff, 0xff, 0xff, 0xff, 0xff,
        0xff, 0xff, 0xff, 0xff, 0xff, 0xff, 0xff, 0xff, 0xff, 0xff, 0xff, 0xff,
        0xff, 0xff, 0xff, 0xff, 0xff, 0xff, 0xff, 0xff, 0xff, 0xff, 0xff, 0xff,
        0xff, 0xff, 0xff, 0xff, 0xff, 0xff, 0xff, 0xff, 0xff, 0xff, 0xff, 0xff,
        0x7f, 0xdf, 0x1f, 0x46, 0xbf, 0x1d, 0xbf, 0x1d, 0xbf, 0x1d, 0xbf, 0x1d,
        0xbf, 0x1d, 0xbf, 0x1d, 0xbf, 0x1d, 0xbf, 0x1d, 0xbf, 0x1d, 0xbf, 0x1d,
        0xbf, 0x1d, 0xbf, 0x1d, 0xbf, 0x1d, 0xbf, 0x1d, 0xbf, 0x1d, 0xbf, 0x1d,
        0xbf, 0x1d, 0xbf, 0x1d, 0xbf, 0x1d, 0xbf, 0x1d, 0xbf, 0x1d, 0xbf, 0x1d,
        0xbf, 0x1d, 0xbf, 0x1d, 0xbf, 0x1d, 0xbf, 0x1d, 0xbf, 0x1d, 0xbf, 0x1d,
        0xbf, 0x1d, 0xbf, 0x1d, 0xbf, 0x1d, 0xbf, 0x1d, 0xbf, 0x1d, 0xbf, 0x1d,
        0xbf, 0x1d, 0xbf, 0x1d, 0xbf, 0x1d, 0xbf, 0x1d, 0xbf, 0x1d, 0xbf, 0x1d,
        0xbf, 0x1d, 0xbf, 0x1d, 0xbf, 0x1d, 0xbf, 0x1d, 0xbf, 0x1d, 0xbf, 0x1d,
        0xbf, 0x1d, 0xbf, 0x1d, 0xbf, 0x1d, 0xbf, 0x1d, 0xbf, 0x1d, 0xbf, 0x8e,
        0xdf, 0xf7, 0xff, 0xff, 0xff, 0xff, 0xff, 0xff, 0xff, 0xff, 0xff, 0xff,
        0xff, 0xff, 0xff, 0xff, 0xff, 0xff, 0xff, 0xff, 0xff, 0xff, 0xff, 0xff,
        0xff, 0xff, 0xff, 0xff, 0xff, 0xff, 0xff, 0xff, 0xff, 0xff, 0xff, 0xff,
        0xff, 0xff, 0xff, 0xff, 0xff, 0xff, 0xff, 0xff, 0xff, 0xff, 0xff, 0xff,
        0xff, 0xff, 0xff, 0xff, 0xff, 0xff, 0xff, 0xff, 0xff, 0xff, 0xff, 0xff,
        0xff, 0xff, 0xff, 0xff, 0xff, 0xff, 0xff, 0xff, 0xff, 0xff, 0xff, 0xff,
        0xff, 0xff, 0xff, 0xff, 0xff, 0xff, 0xff, 0xff, 0xff, 0xff, 0xff, 0xff,
        0xff, 0xff, 0xff, 0xff, 0xff, 0xff, 0xff, 0xff, 0xff, 0xff, 0xff, 0xff,
        0xff, 0xff, 0xff, 0xff, 0xff, 0xff, 0xff, 0xff, 0xff, 0xff, 0xff, 0xff,
        0xff, 0xff, 0xff, 0xff, 0xff, 0xff, 0x1f, 0xbf, 0x1f, 0x46, 0xbf, 0x1d,
        0xbf, 0x1d, 0xbf, 0x1d, 0xbf, 0x1d, 0xbf, 0x1d, 0xbf, 0x1d, 0xbf, 0x1d,
        0xbf, 0x1d, 0xbf, 0x1d, 0xbf, 0x1d, 0xbf, 0x1d, 0xbf, 0x1d, 0xbf, 0x1d,
        0xbf, 0x1d, 0xbf, 0x1d, 0xbf, 0x1d, 0xbf, 0x1d, 0xbf, 0x1d, 0xbf, 0x1d,
        0xbf, 0x1d, 0xbf, 0x1d, 0xbf, 0x1d, 0xbf, 0x1d, 0xbf, 0x1d, 0xbf, 0x1d,
        0xbf, 0x1d, 0xbf, 0x1d, 0xbf, 0x1d, 0xbf, 0x1d, 0xbf, 0x1d, 0xbf, 0x1d,
        0xbf, 0x1d, 0xbf, 0x1d, 0xbf, 0x1d, 0xbf, 0x1d, 0xbf, 0x1d, 0xbf, 0x1d,
        0xbf, 0x1d, 0xbf, 0x1d, 0xbf, 0x1d, 0xbf, 0x1d, 0xbf, 0x1d, 0xbf, 0x1d,
        0xbf, 0x1d, 0xbf, 0x1d, 0xbf, 0x1d, 0xbf, 0x1d, 0xbf, 0x1d, 0xbf, 0x1d,
        0xbf, 0x1d, 0xbf, 0x1d, 0xbf, 0x1d, 0xdf, 0x1d, 0x7f, 0x6e, 0x9f, 0xe7,
        0xff, 0xff, 0xff, 0xff, 0xff, 0xff, 0xff, 0xff, 0xff, 0xff, 0xff, 0xff,
        0xff, 0xff, 0xff, 0xff, 0xff, 0xff, 0xff, 0xff, 0xff, 0xff, 0xff, 0xff,
        0xff, 0xff, 0xff, 0xff, 0xff, 0xff, 0xff, 0xff, 0xff, 0xff, 0xff, 0xff,
        0xff, 0xff, 0xff, 0xff, 0xff, 0xff, 0xff, 0xff, 0xff, 0xff, 0xff, 0xff,
        0xff, 0xff, 0xff, 0xff, 0xff, 0xff, 0xff, 0xff, 0xff, 0xff, 0xff, 0xff,
        0xff, 0xff, 0xff, 0xff, 0xff, 0xff, 0xff, 0xff, 0xff, 0xff, 0xff, 0xff,
        0xff, 0xff, 0xff, 0xff, 0xff, 0xff, 0xff, 0xff, 0xff, 0xff, 0xff, 0xff,
        0xff, 0xff, 0xff, 0xff, 0xff, 0xff, 0xff, 0xff, 0xff, 0xff, 0xff, 0xff,
        0xff, 0xff, 0xff, 0xff, 0xff, 0xff, 0xff, 0xff, 0xff, 0xff, 0x9f, 0xe7,
        0xbf, 0x8e, 0xdf, 0x1d, 0xbf, 0x1d, 0xbf, 0x1d, 0xbf, 0x1d, 0xbf, 0x1d,
        0xbf, 0x1d, 0xbf, 0x1d, 0xbf, 0x1d, 0xbf, 0x1d, 0xbf, 0x1d, 0xbf, 0x1d,
        0xbf, 0x1d, 0xbf, 0x1d, 0xbf, 0x1d, 0xbf, 0x1d, 0xbf, 0x1d, 0xbf, 0x1d,
        0xbf, 0x1d, 0xbf, 0x1d, 0xbf, 0x1d, 0xbf, 0x1d, 0xbf, 0x1d, 0xbf, 0x1d,
        0xbf, 0x1d, 0xbf, 0x1d, 0xdf, 0x1d, 0xdf, 0x1d, 0xdf, 0x1d, 0xdf, 0x1d,
        0xdf, 0x1d, 0xdf, 0x1d, 0xdf, 0x1d, 0xdf, 0x1d, 0xdf, 0x1d, 0xdf, 0x1d,
        0xdf, 0x1d, 0xdf, 0x1d, 0xdf, 0x1d, 0xdf, 0x1d, 0xdf, 0x1d, 0xdf, 0x1d,
        0xdf, 0x1d, 0xdf, 0x1d, 0xdf, 0x1d, 0xdf, 0x1d, 0xdf, 0x1d, 0xdf, 0x1d,
        0xdf, 0x1d, 0xdf, 0x1d, 0xdf, 0x1d, 0xdf, 0x1d, 0xdf, 0x1d, 0xdf, 0x1d,
        0xdf, 0x1d, 0xdf, 0x1d, 0xdf, 0x1d, 0x1f, 0x46, 0x1f, 0xbf, 0xdf, 0xef,
        0xff, 0xff, 0xff, 0xff, 0xff, 0xff, 0xff, 0xff, 0xff, 0xff, 0xff, 0xff,
        0xff, 0xff, 0xff, 0xff, 0xff, 0xff, 0xff, 0xff, 0xff, 0xff, 0xff, 0xff,
        0xff, 0xff, 0xff, 0xff, 0xff, 0xff, 0xff, 0xff, 0xff, 0xff, 0xff, 0xff,
        0xff, 0xff, 0xff, 0xff, 0xff, 0xff, 0xff, 0xff, 0xff, 0xff, 0xff, 0xff,
        0xff, 0xff, 0xff, 0xff, 0xff, 0xff, 0xff, 0xff, 0xff, 0xff, 0xff, 0xff,
        0xff, 0xff, 0xff, 0xff, 0xff, 0xff, 0xff, 0xff, 0xff, 0xff, 0xff, 0xff,
        0xff, 0xff, 0xff, 0xff, 0xff, 0xff, 0xff, 0xff, 0xff, 0xff, 0xff, 0xff,
        0xff, 0xff, 0xff, 0xff, 0xff, 0xff, 0xff, 0xff, 0xff, 0xff, 0xff, 0xff,
        0xff, 0xff, 0x9f, 0xe7, 0xbf, 0x8e, 0x1f, 0x46, 0xdf, 0x1d, 0xdf, 0x1d,
        0xdf, 0x1d, 0xdf, 0x1d, 0xdf, 0x1d, 0xdf, 0x1d, 0xdf, 0x1d, 0xdf, 0x1d,
        0xdf, 0x1d, 0xdf, 0x1d, 0xdf, 0x1d, 0xdf, 0x1d, 0xdf, 0x1d, 0xdf, 0x1d,
        0xdf, 0x1d, 0xdf, 0x1d, 0xdf, 0x1d, 0xdf, 0x1d, 0xdf, 0x1d, 0xdf, 0x1d,
        0xdf, 0x1d, 0xdf, 0x1d, 0xdf, 0x1d, 0xdf, 0x1d, 0xdf, 0x1d, 0xdf, 0x1d,
        0xdf, 0x1d, 0xdf, 0x1d, 0xdf, 0x1d, 0xdf, 0x1d, 0xdf, 0x1d, 0xdf, 0x1d,
        0xdf, 0x1d, 0xdf, 0x1d, 0xdf, 0x1d, 0xdf, 0x1d, 0xdf, 0x1d, 0xdf, 0x1d,
        0xdf, 0x1d, 0xdf, 0x1d, 0xdf, 0x1d, 0xdf, 0x1d, 0xdf, 0x1d, 0xdf, 0x1d,
        0xdf, 0x1d, 0xdf, 0x1d, 0xdf, 0x1d, 0xdf, 0x1d, 0xdf, 0x1d, 0xdf, 0x1d,
        0xdf, 0x1d, 0xdf, 0x1d, 0xdf, 0x1d, 0xdf, 0x1d, 0xdf, 0x1d, 0xdf, 0x1d,
        0xdf, 0x1d, 0xdf, 0x1d, 0xdf, 0x1d, 0x1f, 0x46, 0xbf, 0x8e, 0x1f, 0xbf,
        0x9f, 0xe7, 0xdf, 0xef, 0xdf, 0xf7, 0xff, 0xf7, 0xff, 0xf7, 0xff, 0xf7,
        0xff, 0xf7, 0xff, 0xf7, 0xff, 0xf7, 0xff, 0xf7, 0xff, 0xf7, 0xff, 0xf7,
        0xff, 0xf7, 0xff, 0xf7, 0xff, 0xf7, 0xff, 0xf7, 0xff, 0xf7, 0xff, 0xf7,
        0xff, 0xf7, 0xff, 0xf7, 0xff, 0xf7, 0xff, 0xf7, 0xff, 0xf7, 0xff, 0xf7,
        0xff, 0xf7, 0xff, 0xf7, 0xff, 0xf7, 0xff, 0xf7, 0xff, 0xf7, 0xff, 0xf7,
        0xff, 0xf7, 0xff, 0xf7, 0xff, 0xf7, 0xff, 0xf7, 0xff, 0xf7, 0xff, 0xf7,
        0xff, 0xf7, 0xff, 0xf7, 0xff, 0xf7, 0xff, 0xf7, 0xff, 0xf7, 0xff, 0xf7,
        0xdf, 0xef, 0xbf, 0xe7, 0x7f, 0xdf, 0x1f, 0xbf, 0x7f, 0x6e, 0x1f, 0x46,
        0xdf, 0x1d, 0xdf, 0x1d, 0xdf, 0x1d, 0xdf, 0x1d, 0xdf, 0x1d, 0xdf, 0x1d,
        0xdf, 0x1d, 0xdf, 0x1d, 0xdf, 0x1d, 0xdf, 0x1d, 0xdf, 0x1d, 0xdf, 0x1d,
        0xdf, 0x1d, 0xdf, 0x1d, 0xdf, 0x1d, 0xdf, 0x1d, 0xdf, 0x1d, 0xdf, 0x1d,
        0xdf, 0x1d, 0xdf, 0x1d, 0xdf, 0x1d, 0xdf, 0x1d, 0xdf, 0x1d, 0xdf, 0x1d,
        0xdf, 0x1d, 0xdf, 0x1d, 0xdf, 0x1d, 0xdf, 0x1d, 0xdf, 0x1d, 0xdf, 0x1d,
        0xdf, 0x1d, 0xdf, 0x1d, 0xdf, 0x1d, 0xdf, 0x1d, 0xdf, 0x1d, 0xdf, 0x1d,
        0xdf, 0x1d, 0xdf, 0x1d, 0xdf, 0x1d, 0xdf, 0x1d, 0xdf, 0x1d, 0xdf, 0x1d,
        0xdf, 0x1d, 0xdf, 0x1d, 0xdf, 0x1d, 0xdf, 0x1d, 0xdf, 0x1d, 0xdf, 0x1d,
        0xdf, 0x1d, 0xdf, 0x1d, 0xdf, 0x1d, 0xdf, 0x1d, 0xdf, 0x1d, 0xdf, 0x1d,
        0xdf, 0x1d, 0xdf, 0x1d, 0xdf, 0x1d, 0xdf, 0x1d, 0xdf, 0x1d, 0xdf, 0x1d,
        0xdf, 0x1d, 0xdf, 0x1d, 0xdf, 0x1d, 0x1f, 0x1e, 0x1f, 0x1e, 0x1f, 0x46,
        0x5f, 0x4e, 0x5f, 0x4e, 0x5f, 0x4e, 0x5f, 0x4e, 0x5f, 0x4e, 0x5f, 0x4e,
        0x5f, 0x4e, 0x5f, 0x4e, 0x5f, 0x4e, 0x5f, 0x4e, 0x5f, 0x4e, 0x5f, 0x4e,
        0x5f, 0x4e, 0x5f, 0x4e, 0x5f, 0x4e, 0x5f, 0x4e, 0x5f, 0x4e, 0x5f, 0x4e,
        0x5f, 0x4e, 0x5f, 0x4e, 0x5f, 0x4e, 0x5f, 0x4e, 0x5f, 0x4e, 0x5f, 0x4e,
        0x5f, 0x4e, 0x5f, 0x4e, 0x5f, 0x4e, 0x5f, 0x4e, 0x5f, 0x4e, 0x5f, 0x4e,
        0x5f, 0x4e, 0x5f, 0x4e, 0x5f, 0x4e, 0x5f, 0x4e, 0x5f, 0x4e, 0x5f, 0x4e,
        0x5f, 0x4e, 0x5f, 0x4e, 0x5f, 0x4e, 0x5f, 0x4e, 0x1f, 0x46, 0x1f, 0x46,
        0xff, 0x1d, 0xdf, 0x1d, 0xdf, 0x1d, 0xdf, 0x1d, 0xdf, 0x1d, 0xdf, 0x1d,
        0xdf, 0x1d, 0xdf, 0x1d, 0xdf, 0x1d, 0xdf, 0x1d, 0xdf, 0x1d, 0xdf, 0x1d,
        0xdf, 0x1d, 0xdf, 0x1d, 0xdf, 0x1d, 0xdf, 0x1d, 0xdf, 0x1d, 0xdf, 0x1d,
        0xdf, 0x1d, 0xdf, 0x1d, 0xdf, 0x1d, 0xdf, 0x1d, 0xdf, 0x1d, 0xdf, 0x1d,
        0xdf, 0x1d, 0xdf, 0x1d, 0xdf, 0x1d, 0xdf, 0x1d, 0xdf, 0x1d, 0xdf, 0x1d,
        0xdf, 0x1d, 0xdf, 0x1d, 0xff, 0x1d, 0xff, 0x1d, 0xff, 0x1d, 0xff, 0x1d,
        0xff, 0x1d, 0xff, 0x1d, 0xff, 0x1d, 0xff, 0x1d, 0xff, 0x1d, 0xff, 0x1d,
        0xff, 0x1d, 0xff, 0x1d, 0xff, 0x1d, 0xff, 0x1d, 0xff, 0x1d, 0xff, 0x1d,
        0xff, 0x1d, 0xff, 0x1d, 0xff, 0x1d, 0xff, 0x1d, 0xff, 0x1d, 0xff, 0x1d,
        0xff, 0x1d, 0xff, 0x1d, 0xff, 0x1d, 0xff, 0x1d, 0xff, 0x1d, 0xff, 0x1d,
        0xff, 0x1d, 0xff, 0x1d, 0xff, 0x1d, 0xdf, 0x1d, 0xff, 0x1d, 0xff, 0x1d,
        0xff, 0x1d, 0xff, 0x1d, 0xdf, 0x1d, 0xdf, 0x1d, 0xdf, 0x1d, 0xdf, 0x1d,
        0xdf, 0x1d, 0xdf, 0x1d, 0xdf, 0x1d, 0xdf, 0x1d, 0xdf, 0x1d, 0xdf, 0x1d,
        0xdf, 0x1d, 0xdf, 0x1d, 0xdf, 0x1d, 0xdf, 0x1d, 0xdf, 0x1d, 0xdf, 0x1d,
        0xdf, 0x1d, 0xdf, 0x1d, 0xdf, 0x1d, 0xdf, 0x1d, 0xdf, 0x1d, 0xdf, 0x1d,
        0xdf, 0x1d, 0xdf, 0x1d, 0xdf, 0x1d, 0xdf, 0x1d, 0xdf, 0x1d, 0xdf, 0x1d,
        0xdf, 0x1d, 0xdf, 0x1d, 0xdf, 0x1d, 0xdf, 0x1d, 0xdf, 0x1d, 0xdf, 0x1d,
        0xdf, 0x1d, 0xdf, 0x1d, 0xdf, 0x1d, 0xdf, 0x1d, 0xdf, 0x1d, 0xdf, 0x1d,
        0xdf, 0x1d, 0xdf, 0x1d, 0xff, 0x1d, 0xdf, 0x1d, 0xff, 0x1d, 0xff, 0x1d,
        0xff, 0x1d, 0xff, 0x1d, 0xff, 0x1d, 0xff, 0x1d, 0xff, 0x1d, 0xff, 0x1d,
        0xff, 0x1d, 0xff, 0x1d, 0xff, 0x1d, 0xff, 0x1d, 0xff, 0x1d, 0xff, 0x1d,
        0xff, 0x1d, 0xff, 0x1d, 0xff, 0x1d, 0xff, 0x1d, 0xff, 0x1d, 0xff, 0x1d,
        0xff, 0x1d, 0xff, 0x1d, 0xff, 0x1d, 0xff, 0x1d, 0xff, 0x1d, 0xff, 0x1d,
        0xff, 0x1d, 0xff, 0x1d, 0xff, 0x1d, 0xff, 0x1d, 0xff, 0x1d, 0xff, 0x1d,
        0xff, 0x1d, 0xff, 0x1d, 0xff, 0x1d, 0xff, 0x1d, 0xff, 0x1d, 0xff, 0x1d,
        0xff, 0x1d, 0xff, 0x1d, 0xff, 0x1d, 0xff, 0x1d, 0xff, 0x1d, 0xff, 0x1d,
        0xff, 0x1d, 0xff, 0x1d, 0xff, 0x1d, 0xff, 0x1d, 0xff, 0x1d, 0xff, 0x1d,
        0xff, 0x1d, 0xff, 0x1d, 0xff, 0x1d, 0xff, 0x1d, 0xff, 0x1d, 0xff, 0x1d,
        0xff, 0x1d, 0xff, 0x1d, 0xff, 0x1d, 0xff, 0x1d, 0xff, 0x1d, 0xff, 0x1d,
        0xff, 0x1d, 0xff, 0x1d, 0xff, 0x1d, 0xff, 0x1d, 0xff, 0x1d, 0xff, 0x1d,
        0xff, 0x1d, 0xff, 0x1d, 0xff, 0x1d, 0xff, 0x1d, 0xff, 0x1d, 0xff, 0x1d,
        0xff, 0x1d, 0xff, 0x1d, 0xff, 0x1d, 0xff, 0x1d, 0xff, 0x1d, 0xff, 0x1d,
        0xff, 0x1d, 0xff, 0x1d, 0xff, 0x1d, 0xff, 0x1d, 0xff, 0x1d, 0xff, 0x1d,
        0xff, 0x1d, 0xff, 0x1d, 0xff, 0x1d, 0xff, 0x1d, 0xff, 0x1d, 0xff, 0x1d,
        0xff, 0x1d, 0xff, 0x1d, 0xff, 0x1d, 0xff, 0x1d, 0xff, 0x1d, 0xff, 0x1d,
        0xff, 0x1d, 0xff, 0x1d, 0xff, 0x1d, 0xff, 0x1d, 0xff, 0x1d, 0xff, 0x1d,
        0xff, 0x1d, 0xff, 0x1d, 0xff, 0x1d, 0xff, 0x1d, 0xff, 0x1d, 0xff, 0x1d,
        0xff, 0x1d, 0xff, 0x1d, 0xff, 0x1d, 0xff, 0x1d, 0xff, 0x1d, 0xff, 0x1d,
        0xff, 0x1d, 0xff, 0x1d, 0xff, 0x1d, 0xff, 0x1d, 0xff, 0x1d, 0xff, 0x1d,
        0xff, 0x1d, 0xff, 0x1d, 0xff, 0x1d, 0xff, 0x1d, 0xff, 0x1d, 0xff, 0x1d,
        0xff, 0x1d, 0xff, 0x1d, 0xff, 0x1d, 0xff, 0x1d, 0xff, 0x1d, 0xff, 0x1d,
        0xff, 0x1d, 0xff, 0x1d, 0xff, 0x1d, 0xff, 0x1d, 0xff, 0x1d, 0xff, 0x1d,
        0xff, 0x1d, 0xff, 0x1d, 0xff, 0x1d, 0xff, 0x1d, 0x1f, 0x1e, 0xff, 0x1d,
        0x1f, 0x1e, 0xff, 0x1d, 0xff, 0x1d, 0xff, 0x1d, 0xff, 0x1d, 0xff, 0x1d,
        0xff, 0x1d, 0xff, 0x1d, 0xff, 0x1d, 0xff, 0x1d, 0xff, 0x1d, 0xff, 0x1d,
        0xff, 0x1d, 0xff, 0x1d, 0xff, 0x1d, 0xff, 0x1d, 0xff, 0x1d, 0x1f, 0x1e,
        0x1f, 0x1e, 0xff, 0x1d, 0x1f, 0x1e, 0xff, 0x1d, 0xff, 0x1d, 0xff, 0x1d,
        0x1f, 0x1e, 0x1f, 0x1e, 0xff, 0x1d, 0xff, 0x1d, 0xff, 0x1d, 0xff, 0x1d,
        0xff, 0x1d, 0xff, 0x1d, 0xff, 0x1d, 0xff, 0x1d, 0x1f, 0x1e, 0x1f, 0x1e,
        0xff, 0x1d, 0xff, 0x1d, 0xff, 0x1d, 0xff, 0x1d, 0xff, 0x1d, 0xff, 0x1d,
        0xff, 0x1d, 0xff, 0x1d, 0xff, 0x1d, 0xff, 0x1d, 0xff, 0x1d, 0xff, 0x1d,
        0xff, 0x1d, 0xff, 0x1d, 0xff, 0x1d, 0xff, 0x1d, 0xff, 0x1d, 0xff, 0x1d,
        0xff, 0x1d, 0xff, 0x1d, 0x1f, 0x1e, 0x1f, 0x1e, 0x1f, 0x1e, 0x1f, 0x1e,
        0xff, 0x1d, 0xff, 0x1d, 0xff, 0x1d, 0xff, 0x1d, 0xff, 0x1d, 0x1f, 0x1e,
        0x1f, 0x1e, 0xff, 0x1d, 0xff, 0x1d, 0x1f, 0x1e, 0x1f, 0x1e, 0x1f, 0x1e,
        0xff, 0x1d, 0xff, 0x1d, 0xff, 0x1d, 0xff, 0x1d, 0x1f, 0x1e, 0x1f, 0x1e,
        0x1f, 0x1e, 0x1f, 0x1e, 0x1f, 0x1e, 0xff, 0x1d, 0xff, 0x1d, 0xff, 0x1d,
        0xff, 0x1d, 0xff, 0x1d, 0xff, 0x1d, 0x1f, 0x1e, 0xff, 0x1d, 0xff, 0x1d,
        0xff, 0x1d, 0xff, 0x1d, 0xff, 0x1d, 0xff, 0x1d, 0xff, 0x1d, 0xff, 0x1d,
        0xff, 0x1d, 0xff, 0x1d, 0xff, 0x1d, 0xff, 0x1d, 0xff, 0x1d, 0xff, 0x1d,
        0x1f, 0x1e, 0xff, 0x1d, 0xff, 0x1d, 0xff, 0x1d, 0xff, 0x1d, 0xff, 0x1d,
        0x1f, 0x1e, 0xff, 0x1d, 0x1f, 0x1e, 0x1f, 0x1e, 0x1f, 0x1e, 0x1f, 0x1e,
        0x1f, 0x1e, 0x1f, 0x1e, 0x1f, 0x1e, 0x1f, 0x1e, 0x1f, 0x1e, 0x1f, 0x1e,
        0x1f, 0x1e, 0x1f, 0x1e, 0x1f, 0x1e, 0x1f, 0x1e, 0x1f, 0x1e, 0x1f, 0x1e,
        0x1f, 0x1e, 0x1f, 0x1e, 0x1f, 0x1e, 0x1f, 0x1e, 0x1f, 0x1e, 0x1f, 0x1e,
        0x1f, 0x1e, 0x1f, 0x1e, 0x1f, 0x1e, 0x1f, 0x1e, 0x1f, 0x1e, 0x1f, 0x1e,
        0x1f, 0x1e, 0x1f, 0x1e, 0x1f, 0x1e, 0x1f, 0x1e, 0x1f, 0x1e, 0x1f, 0x1e,
        0x1f, 0x1e, 0x1f, 0x1e, 0x1f, 0x1e, 0x1f, 0x1e, 0x1f, 0x1e, 0x1f, 0x1e,
        0x1f, 0x1e, 0x1f, 0x1e, 0x1f, 0x1e, 0x1f, 0x1e, 0x1f, 0x1e, 0x1f, 0x1e,
        0x1f, 0x1e, 0x1f, 0x1e, 0x1f, 0x1e, 0x1f, 0x1e, 0x1f, 0x1e, 0x1f, 0x1e,
        0x1f, 0x1e, 0x1f, 0x1e, 0x1f, 0x1e, 0x1f, 0x1e, 0x1f, 0x1e, 0x1f, 0x1e,
        0x1f, 0x1e, 0x1f, 0x1e, 0x1f, 0x1e, 0x1f, 0x1e, 0x1f, 0x1e, 0x1f, 0x1e,
        0x1f, 0x1e, 0x1f, 0x1e, 0x1f, 0x1e, 0x1f, 0x1e, 0x1f, 0x1e, 0x1f, 0x1e,
        0x1f, 0x1e, 0x1f, 0x1e, 0x1f, 0x1e, 0x1f, 0x1e, 0x1f, 0x1e, 0x1f, 0x1e,
        0x1f, 0x1e, 0x1f, 0x1e, 0x1f, 0x1e, 0x1f, 0x1e, 0x1f, 0x1e, 0x1f, 0x1e,
        0x1f, 0x1e, 0x1f, 0x1e, 0x1f, 0x1e, 0x1f, 0x1e, 0x1f, 0x1e, 0x1f, 0x1e,
        0x1f, 0x1e, 0x1f, 0x1e, 0x1f, 0x1e, 0x1f, 0x1e, 0x1f, 0x1e, 0x1f, 0x1e,
        0x1f, 0x1e, 0x1f, 0x1e, 0x1f, 0x1e, 0x1f, 0x1e, 0x1f, 0x1e, 0x1f, 0x1e,
        0x1f, 0x1e, 0x1f, 0x1e, 0x1f, 0x1e, 0x1f, 0x1e, 0x1f, 0x1e, 0x1f, 0x1e,
        0x1f, 0x1e, 0x1f, 0x1e, 0x1f, 0x1e, 0x1f, 0x1e, 0x1f, 0x1e, 0x1f, 0x1e,
        0x1f, 0x1e, 0x1f, 0x1e, 0x1f, 0x1e, 0x1f, 0x1e, 0x1f, 0x1e, 0x1f, 0x1e,
        0x1f, 0x1e, 0x1f, 0x1e, 0x1f, 0x1e, 0x1f, 0x1e, 0x1f, 0x1e, 0x1f, 0x1e,
        0x1f, 0x1e, 0x1f, 0x1e, 0x1f, 0x1e, 0x1f, 0x1e, 0x1f, 0x1e, 0x1f, 0x1e,
        0x1f, 0x1e, 0x1f, 0x1e, 0x1f, 0x1e, 0x1f, 0x1e, 0x1f, 0x1e, 0x1f, 0x1e,
        0x1f, 0x1e, 0x1f, 0x1e, 0x1f, 0x1e, 0x1f, 0x1e, 0x1f, 0x1e, 0x1f, 0x1e,
        0x1f, 0x1e, 0x1f, 0x1e, 0x1f, 0x1e, 0x1f, 0x1e, 0x1f, 0x1e, 0x1f, 0x1e,
        0x1f, 0x1e, 0x1f, 0x1e, 0x1f, 0x1e, 0x1f, 0x1e, 0x1f, 0x1e, 0x1f, 0x1e,
        0x1f, 0x1e, 0x1f, 0x1e, 0x1f, 0x1e, 0x1f, 0x1e, 0x1f, 0x1e, 0x1f, 0x1e,
        0x1f, 0x1e, 0x1f, 0x1e, 0x1f, 0x1e, 0x1f, 0x1e, 0x1f, 0x1e, 0x1f, 0x1e,
        0x1f, 0x1e, 0x1f, 0x1e, 0x1f, 0x1e, 0x1f, 0x1e, 0x1f, 0x1e, 0x1f, 0x1e,
        0x1f, 0x1e, 0x1f, 0x1e, 0x1f, 0x1e, 0x1f, 0x1e, 0x1f, 0x1e, 0x1f, 0x1e,
        0x1f, 0x1e, 0x1f, 0x1e, 0x1f, 0x1e, 0x1f, 0x1e, 0x1f, 0x1e, 0x1f, 0x1e,
        0x1f, 0x1e, 0x1f, 0x1e, 0x1f, 0x1e, 0x1f, 0x1e, 0x1f, 0x1e, 0x1f, 0x1e,
        0x1f, 0x1e, 0x1f, 0x1e, 0x1f, 0x1e, 0x1f, 0x1e, 0x1f, 0x1e, 0x1f, 0x1e,
        0x1f, 0x1e, 0x1f, 0x1e, 0x1f, 0x1e, 0x1f, 0x1e, 0x1f, 0x1e, 0x1f, 0x1e,
        0x1f, 0x1e, 0x1f, 0x1e, 0x1f, 0x1e, 0x1f, 0x1e, 0x1f, 0x1e, 0x1f, 0x1e,
        0x1f, 0x1e, 0x1f, 0x1e, 0x1f, 0x1e, 0x1f, 0x1e, 0x1f, 0x1e, 0x1f, 0x1e,
        0x1f, 0x1e, 0x1f, 0x1e, 0x1f, 0x1e, 0x1f, 0x1e, 0x1f, 0x1e, 0x1f, 0x1e,
        0x1f, 0x1e, 0x1f, 0x1e, 0x1f, 0x1e, 0x1f, 0x1e, 0x1f, 0x1e, 0x1f, 0x1e,
        0x1f, 0x1e, 0x1f, 0x1e, 0x1f, 0x1e, 0x1f, 0x1e, 0x1f, 0x1e, 0x1f, 0x1e,
        0x1f, 0x1e, 0x1f, 0x1e, 0x1f, 0x1e, 0x1f, 0x1e, 0x1f, 0x1e, 0x1f, 0x1e,
        0x1f, 0x1e, 0x1f, 0x1e, 0x1f, 0x1e, 0x1f, 0x1e, 0x1f, 0x1e, 0x1f, 0x1e,
        0x1f, 0x1e, 0x1f, 0x1e, 0x1f, 0x1e, 0x1f, 0x1e, 0x1f, 0x1e, 0x1f, 0x1e,
        0x1f, 0x1e, 0x1f, 0x1e, 0x1f, 0x1e, 0x1f, 0x1e, 0x1f, 0x1e, 0x1f, 0x1e,
        0x1f, 0x1e, 0x1f, 0x1e, 0x1f, 0x1e, 0x1f, 0x1e, 0x1f, 0x1e, 0x1f, 0x1e,
        0x1f, 0x1e, 0x1f, 0x1e, 0x1f, 0x1e, 0x1f, 0x1e, 0x1f, 0x1e, 0x1f, 0x1e,
        0x1f, 0x1e, 0x1f, 0x1e, 0x1f, 0x1e, 0x1f, 0x1e, 0x1f, 0x1e, 0x1f, 0x1e,
        0x1f, 0x1e, 0x1f, 0x1e, 0x1f, 0x1e, 0x1f, 0x1e, 0x1f, 0x1e, 0x1f, 0x1e,
        0x1f, 0x1e, 0x1f, 0x1e, 0x1f, 0x1e, 0x1f, 0x1e, 0x1f, 0x1e, 0x1f, 0x1e,
        0x1f, 0x1e, 0x1f, 0x1e, 0x1f, 0x1e, 0x1f, 0x1e, 0x1f, 0x1e, 0x1f, 0x1e,
        0x1f, 0x1e, 0x1f, 0x1e, 0x1f, 0x1e, 0x1f, 0x1e, 0x1f, 0x1e, 0x1f, 0x1e,
        0x1f, 0x1e, 0x1f, 0x1e, 0x1f, 0x1e, 0x1f, 0x1e, 0x1f, 0x1e, 0x1f, 0x1e,
        0x1f, 0x1e, 0x1f, 0x1e, 0x1f, 0x1e, 0x1f, 0x1e, 0x1f, 0x1e, 0x1f, 0x1e,
        0x1f, 0x1e, 0x1f, 0x1e, 0x1f, 0x1e, 0x1f, 0x1e, 0x1f, 0x1e, 0x1f, 0x1e,
        0x1f, 0x1e, 0x1f, 0x1e, 0x1f, 0x1e, 0x1f, 0x1e, 0x1f, 0x1e, 0x1f, 0x1e,
        0x1f, 0x1e, 0x1f, 0x1e, 0x1f, 0x1e, 0x1f, 0x1e, 0x1f, 0x1e, 0x1f, 0x1e,
        0x1f, 0x1e, 0x1f, 0x1e, 0x1f, 0x1e, 0x1f, 0x1e, 0x1f, 0x1e, 0x1f, 0x1e,
        0x1f, 0x1e, 0x1f, 0x1e, 0x1f, 0x1e, 0x3f, 0x1e, 0x1f, 0x1e, 0x1f, 0x1e,
        0x1f, 0x1e, 0x1f, 0x1e, 0x1f, 0x1e, 0x1f, 0x1e, 0x1f, 0x1e, 0x1f, 0x1e,
        0x1f, 0x1e, 0x1f, 0x1e, 0x1f, 0x1e, 0x1f, 0x1e, 0x3f, 0x1e, 0x1f, 0x1e,
        0x1f, 0x1e, 0x1f, 0x1e, 0x1f, 0x1e, 0x1f, 0x1e, 0x1f, 0x1e, 0x1f, 0x1e,
        0x1f, 0x1e, 0x1f, 0x1e, 0x1f, 0x1e, 0x3f, 0x1e, 0x1f, 0x1e, 0x3f, 0x1e,
        0x1f, 0x1e, 0x1f, 0x1e, 0x1f, 0x1e, 0x1f, 0x1e, 0x1f, 0x1e, 0x1f, 0x1e,
        0x1f, 0x1e, 0x3f, 0x1e, 0x1f, 0x1e, 0x3f, 0x1e, 0x3f, 0x1e, 0x1f, 0x1e,
        0x1f, 0x1e, 0x1f, 0x1e, 0x1f, 0x1e, 0x1f, 0x1e, 0x1f, 0x1e, 0x1f, 0x1e,
        0x3f, 0x1e, 0x1f, 0x1e, 0x1f, 0x1e, 0x3f, 0x1e, 0x3f, 0x1e, 0x3f, 0x1e,
        0x1f, 0x1e, 0x1f, 0x1e, 0x1f, 0x1e, 0x1f, 0x1e, 0x1f, 0x1e, 0x1f, 0x1e,
        0x1f, 0x1e, 0x1f, 0x1e, 0x1f, 0x1e, 0x1f, 0x1e, 0x3f, 0x1e, 0x1f, 0x1e,
        0x1f, 0x1e, 0x3f, 0x1e, 0x1f, 0x1e, 0x3f, 0x1e, 0x3f, 0x1e, 0x1f, 0x1e,
        0x3f, 0x1e, 0x3f, 0x1e, 0x1f, 0x1e, 0x1f, 0x1e, 0x1f, 0x1e, 0x1f, 0x1e,
        0x1f, 0x1e, 0x1f, 0x1e, 0x1f, 0x1e, 0x1f, 0x1e, 0x1f, 0x1e, 0x1f, 0x1e,
        0x1f, 0x1e, 0x1f, 0x1e, 0x1f, 0x1e, 0x1f, 0x1e, 0x1f, 0x1e, 0x1f, 0x1e,
        0x3f, 0x1e, 0x1f, 0x1e, 0x1f, 0x1e, 0x1f, 0x1e, 0x1f, 0x1e, 0x3f, 0x1e,
        0x1f, 0x1e, 0x1f, 0x1e, 0x1f, 0x1e, 0x1f, 0x1e, 0x3f, 0x1e, 0x1f, 0x1e,
        0x1f, 0x1e, 0x1f, 0x1e, 0x1f, 0x1e, 0x1f, 0x1e, 0x1f, 0x1e, 0x1f, 0x1e,
        0x3f, 0x1e, 0x1f, 0x1e, 0x1f, 0x1e, 0x1f, 0x1e, 0x1f, 0x1e, 0x1f, 0x1e,
        0x3f, 0x1e, 0x3f, 0x1e, 0x3f, 0x1e, 0x3f, 0x1e, 0x3f, 0x1e, 0x3f, 0x1e,
        0x3f, 0x1e, 0x3f, 0x1e, 0x3f, 0x1e, 0x3f, 0x1e, 0x3f, 0x1e, 0x3f, 0x1e,
        0x3f, 0x1e, 0x3f, 0x1e, 0x3f, 0x1e, 0x3f, 0x1e, 0x3f, 0x1e, 0x3f, 0x1e,
        0x3f, 0x1e, 0x3f, 0x1e, 0x3f, 0x1e, 0x3f, 0x1e, 0x3f, 0x1e, 0x3f, 0x1e,
        0x3f, 0x1e, 0x3f, 0x1e, 0x3f, 0x1e, 0x3f, 0x1e, 0x3f, 0x1e, 0x3f, 0x1e,
        0x3f, 0x1e, 0x3f, 0x1e, 0x3f, 0x1e, 0x3f, 0x1e, 0x3f, 0x1e, 0x3f, 0x1e,
        0x3f, 0x1e, 0x3f, 0x1e, 0x3f, 0x1e, 0x3f, 0x1e, 0x3f, 0x1e, 0x3f, 0x1e,
        0x3f, 0x1e, 0x3f, 0x1e, 0x3f, 0x1e, 0x3f, 0x1e, 0x3f, 0x1e, 0x3f, 0x1e,
        0x3f, 0x1e, 0x3f, 0x1e, 0x3f, 0x1e, 0x3f, 0x1e, 0x3f, 0x1e, 0x3f, 0x1e,
        0x3f, 0x1e, 0x3f, 0x1e, 0x3f, 0x1e, 0x3f, 0x1e, 0x3f, 0x1e, 0x3f, 0x1e,
        0x3f, 0x1e, 0x3f, 0x1e, 0x3f, 0x1e, 0x3f, 0x1e, 0x3f, 0x1e, 0x3f, 0x1e,
        0x3f, 0x1e, 0x3f, 0x1e, 0x3f, 0x1e, 0x3f, 0x1e, 0x3f, 0x1e, 0x3f, 0x1e,
        0x3f, 0x1e, 0x3f, 0x1e, 0x3f, 0x1e, 0x3f, 0x1e, 0x3f, 0x1e, 0x3f, 0x1e,
        0x3f, 0x1e, 0x3f, 0x1e, 0x3f, 0x1e, 0x3f, 0x1e, 0x3f, 0x1e, 0x3f, 0x1e,
        0x3f, 0x1e, 0x3f, 0x1e, 0x3f, 0x1e, 0x3f, 0x1e, 0x3f, 0x1e, 0x3f, 0x1e,
        0x3f, 0x1e, 0x3f, 0x1e, 0x3f, 0x1e, 0x3f, 0x1e, 0x3f, 0x1e, 0x3f, 0x1e,
        0x3f, 0x1e, 0x3f, 0x1e, 0x3f, 0x1e, 0x3f, 0x1e, 0x3f, 0x1e, 0x3f, 0x1e,
        0x3f, 0x1e, 0x3f, 0x1e, 0x3f, 0x1e, 0x3f, 0x1e, 0x3f, 0x1e, 0x3f, 0x1e,
        0x3f, 0x1e, 0x3f, 0x1e, 0x3f, 0x1e, 0x3f, 0x1e, 0x3f, 0x1e, 0x3f, 0x1e,
        0x3f, 0x1e, 0x3f, 0x1e, 0x3f, 0x1e, 0x3f, 0x1e, 0x3f, 0x1e, 0x3f, 0x1e,
        0x3f, 0x1e, 0x3f, 0x1e, 0x3f, 0x1e, 0x3f, 0x1e, 0x3f, 0x1e, 0x3f, 0x1e,
        0x3f, 0x1e, 0x3f, 0x1e, 0x3f, 0x1e, 0x3f, 0x1e, 0x3f, 0x1e, 0x3f, 0x1e,
        0x3f, 0x1e, 0x3f, 0x1e, 0x3f, 0x1e, 0x3f, 0x1e, 0x3f, 0x1e, 0x3f, 0x1e,
        0x3f, 0x1e, 0x3f, 0x1e, 0x3f, 0x1e, 0x3f, 0x1e, 0x3f, 0x1e, 0x3f, 0x1e,
        0x3f, 0x1e, 0x3f, 0x1e, 0x3f, 0x1e, 0x3f, 0x1e, 0x3f, 0x1e, 0x3f, 0x1e,
        0x3f, 0x1e, 0x3f, 0x1e, 0x3f, 0x1e, 0x3f, 0x1e, 0x3f, 0x1e, 0x3f, 0x1e,
        0x3f, 0x1e, 0x3f, 0x1e, 0x3f, 0x1e, 0x3f, 0x1e, 0x3f, 0x1e, 0x3f, 0x1e,
        0x3f, 0x1e, 0x3f, 0x1e, 0x3f, 0x1e, 0x3f, 0x1e, 0x3f, 0x1e, 0x3f, 0x1e,
        0x3f, 0x1e, 0x3f, 0x1e, 0x3f, 0x1e, 0x3f, 0x1e, 0x3f, 0x1e, 0x3f, 0x1e,
        0x3f, 0x1e, 0x3f, 0x1e, 0x3f, 0x1e, 0x3f, 0x1e, 0x3f, 0x1e, 0x3f, 0x1e,
        0x3f, 0x1e, 0x3f, 0x1e, 0x3f, 0x1e, 0x3f, 0x1e, 0x3f, 0x1e, 0x3f, 0x1e,
        0x3f, 0x1e, 0x3f, 0x1e, 0x3f, 0x1e, 0x3f, 0x1e, 0x3f, 0x1e, 0x3f, 0x1e,
        0x3f, 0x1e, 0x3f, 0x1e, 0x3f, 0x1e, 0x3f, 0x1e, 0x3f, 0x1e, 0x3f, 0x1e,
        0x3f, 0x1e, 0x3f, 0x1e, 0x3f, 0x1e, 0x3f, 0x1e, 0x3f, 0x1e, 0x3f, 0x1e,
        0x3f, 0x1e, 0x3f, 0x1e, 0x3f, 0x1e, 0x3f, 0x1e, 0x3f, 0x1e, 0x3f, 0x1e,
        0x3f, 0x1e, 0x3f, 0x1e, 0x3f, 0x1e, 0x3f, 0x1e, 0x3f, 0x1e, 0x3f, 0x1e,
        0x3f, 0x1e, 0x3f, 0x1e, 0x3f, 0x1e, 0x3f, 0x1e, 0x3f, 0x1e, 0x3f, 0x1e,
        0x3f, 0x1e, 0x3f, 0x1e, 0x3f, 0x1e, 0x3f, 0x1e, 0x3f, 0x1e, 0x3f, 0x1e,
        0x3f, 0x1e, 0x3f, 0x1e, 0x3f, 0x1e, 0x3f, 0x1e, 0x3f, 0x1e, 0x3f, 0x1e,
        0x3f, 0x1e, 0x3f, 0x1e, 0x3f, 0x1e, 0x3f, 0x1e, 0x3f, 0x1e, 0x3f, 0x1e,
        0x3f, 0x1e, 0x3f, 0x1e, 0x3f, 0x1e, 0x3f, 0x1e, 0x3f, 0x1e, 0x3f, 0x1e,
        0x3f, 0x1e, 0x3f, 0x1e, 0x3f, 0x1e, 0x3f, 0x1e, 0x3f, 0x1e, 0x3f, 0x1e,
        0x3f, 0x1e, 0x3f, 0x1e, 0x3f, 0x1e, 0x3f, 0x1e, 0x3f, 0x1e, 0x3f, 0x1e,
        0x3f, 0x1e, 0x3f, 0x1e, 0x3f, 0x1e, 0x3f, 0x1e, 0x3f, 0x1e, 0x3f, 0x1e,
        0x3f, 0x1e, 0x3f, 0x1e, 0x3f, 0x1e, 0x3f, 0x1e, 0x3f, 0x1e, 0x3f, 0x1e,
        0x3f, 0x1e, 0x3f, 0x1e, 0x3f, 0x1e, 0x3f, 0x1e, 0x3f, 0x1e, 0x3f, 0x1e,
        0x3f, 0x1e, 0x3f, 0x1e, 0x3f, 0x1e, 0x3f, 0x1e, 0x3f, 0x1e, 0x3f, 0x1e,
        0x3f, 0x1e, 0x3f, 0x1e, 0x3f, 0x1e, 0x3f, 0x1e, 0x3f, 0x1e, 0x3f, 0x1e,
        0x3f, 0x1e, 0x3f, 0x1e, 0x3f, 0x1e, 0x3f, 0x1e, 0x3f, 0x1e, 0x3f, 0x1e,
        0x3f, 0x1e, 0x3f, 0x1e, 0x3f, 0x1e, 0x3f, 0x1e, 0x3f, 0x1e, 0x3f, 0x1e,
        0x3f, 0x1e, 0x3f, 0x1e, 0x3f, 0x1e, 0x3f, 0x1e, 0x3f, 0x1e, 0x3f, 0x1e,
        0x3f, 0x1e, 0x3f, 0x1e, 0x3f, 0x1e, 0x3f, 0x1e, 0x3f, 0x1e, 0x3f, 0x1e,
        0x3f, 0x1e, 0x3f, 0x1e, 0x3f, 0x1e, 0x3f, 0x1e, 0x3f, 0x1e, 0x3f, 0x1e,
        0x3f, 0x1e, 0x3f, 0x1e, 0x3f, 0x1e, 0x3f, 0x1e, 0x3f, 0x1e, 0x3f, 0x1e,
        0x3f, 0x1e, 0x3f, 0x1e, 0x3f, 0x1e, 0x3f, 0x1e, 0x3f, 0x1e, 0x3f, 0x1e,
        0x3f, 0x1e, 0x3f, 0x1e, 0x3f, 0x1e, 0x3f, 0x1e, 0x3f, 0x1e, 0x3f, 0x1e,
        0x5f, 0x1e, 0x5f, 0x1e, 0x5f, 0x1e, 0x5f, 0x1e, 0x5f, 0x1e, 0x5f, 0x1e,
        0x5f, 0x1e, 0x5f, 0x1e, 0x5f, 0x1e, 0x5f, 0x1e, 0x5f, 0x1e, 0x5f, 0x1e,
        0x5f, 0x1e, 0x5f, 0x1e, 0x5f, 0x1e, 0x5f, 0x1e, 0x5f, 0x1e, 0x5f, 0x1e,
        0x5f, 0x1e, 0x5f, 0x1e, 0x5f, 0x1e, 0x5f, 0x1e, 0x5f, 0x1e, 0x5f, 0x1e,
        0x5f, 0x1e, 0x5f, 0x1e, 0x5f, 0x1e, 0x5f, 0x1e, 0x5f, 0x1e, 0x5f, 0x1e,
        0x5f, 0x1e, 0x5f, 0x1e, 0x5f, 0x1e, 0x5f, 0x1e, 0x5f, 0x1e, 0x5f, 0x1e,
        0x5f, 0x1e, 0x5f, 0x1e, 0x5f, 0x1e, 0x5f, 0x1e, 0x5f, 0x1e, 0x5f, 0x1e,
        0x5f, 0x1e, 0x5f, 0x1e, 0x5f, 0x1e, 0x5f, 0x1e, 0x5f, 0x1e, 0x5f, 0x1e,
        0x5f, 0x1e, 0x5f, 0x1e, 0x5f, 0x1e, 0x5f, 0x1e, 0x5f, 0x1e, 0x5f, 0x1e,
        0x5f, 0x1e, 0x5f, 0x1e, 0x5f, 0x1e, 0x5f, 0x1e, 0x5f, 0x1e, 0x5f, 0x1e,
        0x5f, 0x1e, 0x5f, 0x1e, 0x5f, 0x1e, 0x5f, 0x1e, 0x5f, 0x1e, 0x5f, 0x1e,
        0x5f, 0x1e, 0x5f, 0x1e, 0x5f, 0x1e, 0x5f, 0x1e, 0x5f, 0x1e, 0x5f, 0x1e,
        0x5f, 0x1e, 0x5f, 0x1e, 0x5f, 0x1e, 0x5f, 0x1e, 0x5f, 0x1e, 0x5f, 0x1e,
        0x5f, 0x1e, 0x5f, 0x1e, 0x5f, 0x1e, 0x5f, 0x1e, 0x5f, 0x1e, 0x5f, 0x1e,
        0x5f, 0x1e, 0x5f, 0x1e, 0x5f, 0x1e, 0x5f, 0x1e, 0x5f, 0x1e, 0x5f, 0x1e,
        0x5f, 0x1e, 0x5f, 0x1e, 0x5f, 0x1e, 0x5f, 0x1e, 0x5f, 0x1e, 0x5f, 0x1e,
        0x5f, 0x1e, 0x5f, 0x1e, 0x5f, 0x1e, 0x5f, 0x1e, 0x5f, 0x1e, 0x5f, 0x1e,
        0x5f, 0x1e, 0x5f, 0x1e, 0x5f, 0x1e, 0x5f, 0x1e, 0x5f, 0x1e, 0x5f, 0x1e,
        0x5f, 0x1e, 0x5f, 0x1e, 0x5f, 0x1e, 0x5f, 0x1e, 0x5f, 0x1e, 0x5f, 0x1e,
        0x5f, 0x1e, 0x5f, 0x1e, 0x5f, 0x1e, 0x5f, 0x1e, 0x5f, 0x1e, 0x5f, 0x1e,
        0x5f, 0x1e, 0x5f, 0x1e, 0x5f, 0x1e, 0x5f, 0x1e, 0x5f, 0x1e, 0x5f, 0x1e,
        0x5f, 0x1e, 0x5f, 0x1e, 0x5f, 0x1e, 0x5f, 0x1e, 0x5f, 0x1e, 0x5f, 0x1e,
        0x5f, 0x1e, 0x5f, 0x1e, 0x5f, 0x1e, 0x5f, 0x1e, 0x5f, 0x1e, 0x5f, 0x1e,
        0x5f, 0x1e, 0x5f, 0x1e, 0x5f, 0x1e, 0x5f, 0x1e, 0x5f, 0x1e, 0x5f, 0x1e,
        0x5f, 0x1e, 0x5f, 0x1e, 0x5f, 0x1e, 0x5f, 0x1e, 0x5f, 0x1e, 0x5f, 0x1e,
        0x5f, 0x1e, 0x5f, 0x1e, 0x5f, 0x1e, 0x5f, 0x1e, 0x5f, 0x1e, 0x5f, 0x1e,
        0x5f, 0x1e, 0x5f, 0x1e, 0x5f, 0x1e, 0x5f, 0x1e, 0x5f, 0x1e, 0x5f, 0x1e,
        0x5f, 0x1e, 0x5f, 0x1e, 0x5f, 0x1e, 0x5f, 0x1e, 0x5f, 0x1e, 0x5f, 0x1e,
        0x5f, 0x1e, 0x5f, 0x1e, 0x5f, 0x1e, 0x5f, 0x1e, 0x5f, 0x1e, 0x5f, 0x1e,
        0x5f, 0x1e, 0x5f, 0x1e, 0x5f, 0x1e, 0x5f, 0x1e, 0x5f, 0x1e, 0x5f, 0x1e,
        0x5f, 0x1e, 0x5f, 0x1e, 0x5f, 0x1e, 0x5f, 0x1e, 0x5f, 0x1e, 0x5f, 0x1e,
        0x5f, 0x1e, 0x5f, 0x1e, 0x5f, 0x1e, 0x5f, 0x1e, 0x5f, 0x1e, 0x5f, 0x1e,
        0x5f, 0x1e, 0x5f, 0x1e, 0x5f, 0x1e, 0x5f, 0x1e, 0x5f, 0x1e, 0x5f, 0x1e,
        0x5f, 0x1e, 0x5f, 0x1e, 0x5f, 0x1e, 0x5f, 0x1e, 0x5f, 0x1e, 0x5f, 0x1e,
        0x5f, 0x1e, 0x5f, 0x1e, 0x5f, 0x1e, 0x5f, 0x1e, 0x5f, 0x1e, 0x5f, 0x1e,
        0x5f, 0x1e, 0x5f, 0x1e, 0x5f, 0x1e, 0x5f, 0x1e, 0x5f, 0x1e, 0x5f, 0x1e,
        0x5f, 0x1e, 0x5f, 0x1e, 0x5f, 0x1e, 0x5f, 0x1e, 0x5f, 0x1e, 0x5f, 0x1e,
        0x5f, 0x1e, 0x5f, 0x1e, 0x5f, 0x1e, 0x5f, 0x1e, 0x5f, 0x1e, 0x5f, 0x1e,
        0x5f, 0x1e, 0x5f, 0x1e, 0x5f, 0x1e, 0x5f, 0x1e, 0x5f, 0x1e, 0x5f, 0x1e,
        0x5f, 0x1e, 0x5f, 0x1e, 0x5f, 0x1e, 0x5f, 0x1e, 0x5f, 0x1e, 0x5f, 0x1e,
        0x5f, 0x1e, 0x5f, 0x1e, 0x5f, 0x1e, 0x5f, 0x1e, 0x5f, 0x1e, 0x5f, 0x1e,
        0x5f, 0x1e, 0x5f, 0x1e, 0x5f, 0x1e, 0x5f, 0x1e, 0x5f, 0x1e, 0x5f, 0x1e,
        0x5f, 0x1e, 0x5f, 0x1e, 0x5f, 0x1e, 0x5f, 0x1e, 0x5f, 0x1e, 0x5f, 0x1e,
        0x5f, 0x1e, 0x5f, 0x1e, 0x5f, 0x1e, 0x5f, 0x1e, 0x5f, 0x1e, 0x5f, 0x1e,
        0x5f, 0x1e, 0x5f, 0x1e, 0x5f, 0x1e, 0x5f, 0x1e, 0x5f, 0x1e, 0x5f, 0x1e,
        0x5f, 0x1e, 0x5f, 0x1e, 0x5f, 0x1e, 0x5f, 0x1e, 0x5f, 0x1e, 0x5f, 0x1e,
        0x5f, 0x1e, 0x5f, 0x1e, 0x5f, 0x1e, 0x5f, 0x1e, 0x5f, 0x1e, 0x5f, 0x1e,
        0x5f, 0x1e, 0x5f, 0x1e, 0x5f, 0x1e, 0x5f, 0x1e, 0x5f, 0x1e, 0x5f, 0x1e,
        0x5f, 0x1e, 0x5f, 0x1e, 0x5f, 0x1e, 0x5f, 0x1e, 0x5f, 0x1e, 0x5f, 0x1e,
        0x5f, 0x1e, 0x5f, 0x1e, 0x5f, 0x1e, 0x5f, 0x1e, 0x5f, 0x1e, 0x5f, 0x1e,
        0x5f, 0x1e, 0x5f, 0x1e, 0x5f, 0x1e, 0x5f, 0x1e, 0x5f, 0x1e, 0x5f, 0x1e,
        0x5f, 0x1e, 0x5f, 0x1e, 0x5f, 0x1e, 0x5f, 0x1e, 0x5f, 0x1e, 0x5f, 0x1e,
        0x5f, 0x1e, 0x5f, 0x1e, 0x5f, 0x1e, 0x5f, 0x1e, 0x5f, 0x1e, 0x5f, 0x1e,
        0x5f, 0x1e, 0x5f, 0x1e, 0x5f, 0x1e, 0x5f, 0x1e, 0x5f, 0x1e, 0x5f, 0x1e,
        0x5f, 0x1e, 0x5f, 0x1e, 0x5f, 0x1e, 0x5f, 0x1e, 0x5f, 0x1e, 0x5f, 0x1e,
        0x5f, 0x1e, 0x5f, 0x1e, 0x5f, 0x1e, 0x5f, 0x1e, 0x5f, 0x1e, 0x5f, 0x1e,
        0x5f, 0x1e, 0x5f, 0x1e, 0x5f, 0x1e, 0x5f, 0x1e, 0x5f, 0x1e, 0x5f, 0x1e,
        0x5f, 0x1e, 0x5f, 0x1e, 0x5f, 0x1e, 0x5f, 0x1e, 0x5f, 0x1e, 0x5f, 0x1e,
        0x5f, 0x1e, 0x5f, 0x1e, 0x5f, 0x1e, 0x5f, 0x1e, 0x5f, 0x1e, 0x5f, 0x1e,
        0x5f, 0x1e, 0x5f, 0x1e, 0x5f, 0x1e, 0x5f, 0x1e, 0x5f, 0x1e, 0x5f, 0x1e,
        0x5f, 0x1e, 0x5f, 0x1e, 0x5f, 0x1e, 0x5f, 0x1e, 0x5f, 0x1e, 0x5f, 0x1e,
        0x5f, 0x1e, 0x5f, 0x1e, 0x5f, 0x1e, 0x5f, 0x1e, 0x5f, 0x1e, 0x5f, 0x1e,
        0x5f, 0x1e, 0x5f, 0x1e, 0x5f, 0x1e, 0x5f, 0x1e, 0x5f, 0x1e, 0x5f, 0x1e,
        0x5f, 0x1e, 0x5f, 0x1e, 0x5f, 0x1e, 0x5f, 0x1e, 0x5f, 0x1e, 0x5f, 0x1e,
        0x5f, 0x1e, 0x5f, 0x1e, 0x5f, 0x1e, 0x5f, 0x1e, 0x5f, 0x1e, 0x5f, 0x1e,
        0x5f, 0x1e, 0x5f, 0x1e, 0x5f, 0x1e, 0x5f, 0x1e, 0x5f, 0x1e, 0x5f, 0x1e,
        0x5f, 0x1e, 0x5f, 0x1e, 0x5f, 0x1e, 0x5f, 0x1e, 0x5f, 0x1e, 0x5f, 0x1e,
        0x5f, 0x1e, 0x5f, 0x1e, 0x5f, 0x1e, 0x5f, 0x1e, 0x5f, 0x1e, 0x5f, 0x1e,
        0x5f, 0x1e, 0x5f, 0x1e, 0x5f, 0x1e, 0x5f, 0x1e, 0x5f, 0x1e, 0x5f, 0x1e,
        0x5f, 0x1e, 0x5f, 0x1e, 0x5f, 0x1e, 0x5f, 0x1e, 0x5f, 0x1e, 0x5f, 0x1e,
        0x5f, 0x1e, 0x5f, 0x1e, 0x5f, 0x1e, 0x5f, 0x1e, 0x5f, 0x1e, 0x5f, 0x1e,
        0x5f, 0x1e, 0x5f, 0x1e, 0x5f, 0x1e, 0x5f, 0x1e, 0x5f, 0x1e, 0x5f, 0x1e,
        0x5f, 0x1e, 0x5f, 0x1e, 0x5f, 0x1e, 0x5f, 0x1e, 0x5f, 0x1e, 0x5f, 0x1e,
        0x5f, 0x1e, 0x5f, 0x1e, 0x5f, 0x1e, 0x5f, 0x1e, 0x5f, 0x1e, 0x5f, 0x1e,
        0x5f, 0x1e, 0x5f, 0x1e, 0x5f, 0x1e, 0x5f, 0x1e, 0x5f, 0x1e, 0x5f, 0x1e,
        0x5f, 0x1e, 0x5f, 0x1e, 0x5f, 0x1e, 0x5f, 0x1e, 0x5f, 0x1e, 0x5f, 0x1e,
        0x5f, 0x1e, 0x5f, 0x1e, 0x5f, 0x1e, 0x5f, 0x1e, 0x5f, 0x1e, 0x5f, 0x1e,
        0x5f, 0x1e, 0x5f, 0x1e, 0x5f, 0x1e, 0x5f, 0x1e, 0x5f, 0x1e, 0x5f, 0x1e,
        0x5f, 0x1e, 0x5f, 0x1e, 0x5f, 0x1e, 0x5f, 0x1e, 0x5f, 0x1e, 0x5f, 0x1e,
        0x5f, 0x1e, 0x5f, 0x1e, 0x5f, 0x1e, 0x5f, 0x1e, 0x5f, 0x1e, 0x5f, 0x1e,
        0x5f, 0x1e, 0x5f, 0x1e, 0x5f, 0x1e, 0x5f, 0x1e, 0x5f, 0x1e, 0x5f, 0x1e,
        0x5f, 0x1e, 0x5f, 0x1e, 0x5f, 0x1e, 0x5f, 0x1e, 0x5f, 0x1e, 0x5f, 0x1e,
        0x5f, 0x1e, 0x5f, 0x1e, 0x5f, 0x1e, 0x5f, 0x1e, 0x5f, 0x1e, 0x5f, 0x1e,
        0x5f, 0x1e, 0x5f, 0x1e, 0x5f, 0x1e, 0x5f, 0x1e, 0x5f, 0x1e, 0x5f, 0x1e,
        0x5f, 0x1e, 0x5f, 0x1e, 0x5f, 0x1e, 0x5f, 0x1e, 0x5f, 0x1e, 0x5f, 0x1e,
        0x5f, 0x1e, 0x5f, 0x1e, 0x5f, 0x1e, 0x5f, 0x1e, 0x5f, 0x1e, 0x5f, 0x1e,
        0x5f, 0x1e, 0x5f, 0x1e, 0x5f, 0x1e, 0x5f, 0x1e, 0x5f, 0x1e, 0x5f, 0x1e,
        0x5f, 0x1e, 0x5f, 0x1e, 0x5f, 0x1e, 0x5f, 0x1e, 0x5f, 0x1e, 0x5f, 0x1e,
        0x5f, 0x1e, 0x5f, 0x1e, 0x5f, 0x1e, 0x5f, 0x1e, 0x5f, 0x1e, 0x5f, 0x1e,
        0x5f, 0x1e, 0x5f, 0x1e, 0x5f, 0x1e, 0x5f, 0x1e, 0x5f, 0x1e, 0x5f, 0x1e,
        0x5f, 0x1e, 0x5f, 0x1e, 0x5f, 0x1e, 0x5f, 0x1e, 0x5f, 0x1e, 0x5f, 0x1e,
        0x5f, 0x1e, 0x5f, 0x1e, 0x5f, 0x1e, 0x5f, 0x1e, 0x5f, 0x1e, 0x5f, 0x1e,
        0x5f, 0x1e, 0x5f, 0x1e, 0x5f, 0x1e, 0x5f, 0x1e, 0x5f, 0x1e, 0x5f, 0x1e,
        0x5f, 0x1e, 0x5f, 0x1e, 0x7f, 0x1e, 0x7f, 0x1e, 0x7f, 0x1e, 0x7f, 0x1e,
        0x7f, 0x1e, 0x7f, 0x1e, 0x7f, 0x1e, 0x7f, 0x1e, 0x7f, 0x1e, 0x7f, 0x1e,
        0x7f, 0x1e, 0x7f, 0x1e, 0x7f, 0x1e, 0x7f, 0x1e, 0x7f, 0x1e, 0x7f, 0x1e,
        0x7f, 0x1e, 0x7f, 0x1e, 0x7f, 0x1e, 0x7f, 0x1e, 0x7f, 0x1e, 0x7f, 0x1e,
        0x7f, 0x1e, 0x7f, 0x1e, 0x7f, 0x1e, 0x7f, 0x1e, 0x7f, 0x1e, 0x7f, 0x1e,
        0x7f, 0x1e, 0x7f, 0x1e, 0x7f, 0x1e, 0x7f, 0x1e, 0x7f, 0x1e, 0x7f, 0x1e,
        0x7f, 0x1e, 0x7f, 0x1e, 0x7f, 0x1e, 0x7f, 0x1e, 0x7f, 0x1e, 0x7f, 0x1e,
        0x7f, 0x1e, 0x7f, 0x1e, 0x7f, 0x1e, 0x7f, 0x1e, 0x7f, 0x1e, 0x7f, 0x1e,
        0x7f, 0x1e, 0x7f, 0x1e, 0x7f, 0x1e, 0x7f, 0x1e, 0x7f, 0x1e, 0x7f, 0x1e,
        0x7f, 0x1e, 0x7f, 0x1e, 0x7f, 0x1e, 0x7f, 0x1e, 0x7f, 0x1e, 0x7f, 0x1e,
        0x7f, 0x1e, 0x7f, 0x1e, 0x7f, 0x1e, 0x7f, 0x1e, 0x7f, 0x1e, 0x7f, 0x1e,
        0x7f, 0x1e, 0x7f, 0x1e, 0x7f, 0x1e, 0x7f, 0x1e, 0x7f, 0x1e, 0x7f, 0x1e,
        0x7f, 0x1e, 0x7f, 0x1e, 0x7f, 0x1e, 0x7f, 0x1e, 0x7f, 0x1e, 0x7f, 0x1e,
        0x7f, 0x1e, 0x7f, 0x1e, 0x7f, 0x1e, 0x7f, 0x1e, 0x7f, 0x1e, 0x7f, 0x1e,
        0x7f, 0x1e, 0x7f, 0x1e, 0x7f, 0x1e, 0x7f, 0x1e, 0x7f, 0x1e, 0x7f, 0x1e,
        0x7f, 0x1e, 0x7f, 0x1e, 0x7f, 0x1e, 0x7f, 0x1e, 0x7f, 0x1e, 0x7f, 0x1e,
        0x7f, 0x1e, 0x7f, 0x1e, 0x7f, 0x1e, 0x7f, 0x1e, 0x7f, 0x1e, 0x7f, 0x1e,
        0x7f, 0x1e, 0x7f, 0x1e, 0x7f, 0x1e, 0x7f, 0x1e, 0x7f, 0x1e, 0x7f, 0x1e,
        0x7f, 0x1e, 0x7f, 0x1e, 0x7f, 0x1e, 0x7f, 0x1e, 0x7f, 0x1e, 0x7f, 0x1e,
        0x7f, 0x1e, 0x7f, 0x1e, 0x7f, 0x1e, 0x7f, 0x1e, 0x7f, 0x1e, 0x7f, 0x1e,
        0x7f, 0x1e, 0x7f, 0x1e, 0x7f, 0x1e, 0x7f, 0x1e, 0x7f, 0x1e, 0x7f, 0x1e,
        0x7f, 0x1e, 0x7f, 0x1e, 0x7f, 0x1e, 0x7f, 0x1e, 0x7f, 0x1e, 0x7f, 0x1e,
        0x7f, 0x1e, 0x7f, 0x1e, 0x7f, 0x1e, 0x7f, 0x1e, 0x7f, 0x1e, 0x7f, 0x1e,
        0x7f, 0x1e, 0x7f, 0x1e, 0x7f, 0x1e, 0x7f, 0x1e, 0x7f, 0x1e, 0x7f, 0x1e,
        0x7f, 0x1e, 0x7f, 0x1e, 0x7f, 0x1e, 0x7f, 0x1e, 0x7f, 0x1e, 0x7f, 0x1e,
        0x7f, 0x1e, 0x7f, 0x1e, 0x7f, 0x1e, 0x7f, 0x1e, 0x7f, 0x1e, 0x7f, 0x1e,
        0x7f, 0x1e, 0x7f, 0x1e, 0x7f, 0x1e, 0x7f, 0x1e, 0x7f, 0x1e, 0x7f, 0x1e,
        0x7f, 0x1e, 0x7f, 0x1e, 0x7f, 0x1e, 0x7f, 0x1e, 0x7f, 0x1e, 0x7f, 0x1e,
        0x7f, 0x1e, 0x7f, 0x1e, 0x7f, 0x1e, 0x7f, 0x1e, 0x7f, 0x1e, 0x7f, 0x1e,
        0x7f, 0x1e, 0x7f, 0x1e, 0x7f, 0x1e, 0x7f, 0x1e, 0x7f, 0x1e, 0x7f, 0x1e,
        0x7f, 0x1e, 0x7f, 0x1e, 0x7f, 0x1e, 0x7f, 0x1e, 0x7f, 0x1e, 0x7f, 0x1e,
        0x7f, 0x1e, 0x7f, 0x1e, 0x7f, 0x1e, 0x7f, 0x1e, 0x7f, 0x1e, 0x7f, 0x1e,
        0x7f, 0x1e, 0x7f, 0x1e, 0x7f, 0x1e, 0x7f, 0x1e, 0x7f, 0x1e, 0x7f, 0x1e,
        0x7f, 0x1e, 0x7f, 0x1e, 0x7f, 0x1e, 0x7f, 0x1e, 0x7f, 0x1e, 0x7f, 0x1e,
        0x7f, 0x1e, 0x7f, 0x1e, 0x7f, 0x1e, 0x7f, 0x1e, 0x7f, 0x1e, 0x7f, 0x1e,
        0x7f, 0x1e, 0x7f, 0x1e, 0x7f, 0x1e, 0x7f, 0x1e, 0x7f, 0x1e, 0x7f, 0x1e,
        0x7f, 0x1e, 0x7f, 0x1e, 0x7f, 0x1e, 0x7f, 0x1e, 0x7f, 0x1e, 0x7f, 0x1e,
        0x7f, 0x1e, 0x7f, 0x1e, 0x7f, 0x1e, 0x7f, 0x1e, 0x7f, 0x1e, 0x7f, 0x1e,
        0x7f, 0x1e, 0x7f, 0x1e, 0x7f, 0x1e, 0x7f, 0x1e, 0x7f, 0x1e, 0x7f, 0x1e,
        0x7f, 0x1e, 0x7f, 0x1e, 0x7f, 0x1e, 0x7f, 0x1e, 0x7f, 0x1e, 0x7f, 0x1e,
        0x7f, 0x1e, 0x7f, 0x1e, 0x7f, 0x1e, 0x7f, 0x1e, 0x7f, 0x1e, 0x7f, 0x1e,
        0x7f, 0x1e, 0x7f, 0x1e, 0x7f, 0x1e, 0x7f, 0x1e, 0x7f, 0x1e, 0x7f, 0x1e,
        0x7f, 0x1e, 0x7f, 0x1e, 0x7f, 0x1e, 0x7f, 0x1e, 0x7f, 0x1e, 0x7f, 0x1e,
        0x7f, 0x1e, 0x7f, 0x1e, 0x7f, 0x1e, 0x7f, 0x1e, 0x7f, 0x1e, 0x7f, 0x1e,
        0x7f, 0x1e, 0x7f, 0x1e, 0x7f, 0x1e, 0x7f, 0x1e, 0x7f, 0x1e, 0x7f, 0x1e,
        0x7f, 0x1e, 0x7f, 0x1e, 0x7f, 0x1e, 0x7f, 0x1e, 0x7f, 0x1e, 0x7f, 0x1e,
        0x7f, 0x1e, 0x7f, 0x1e, 0x7f, 0x1e, 0x7f, 0x1e, 0x7f, 0x1e, 0x7f, 0x1e,
        0x7f, 0x1e, 0x7f, 0x1e, 0x7f, 0x1e, 0x7f, 0x1e, 0x7f, 0x1e, 0x7f, 0x1e,
        0x7f, 0x1e, 0x7f, 0x1e, 0x7f, 0x1e, 0x7f, 0x1e, 0x7f, 0x1e, 0x7f, 0x1e,
        0x7f, 0x1e, 0x7f, 0x1e, 0x7f, 0x1e, 0x7f, 0x1e, 0x7f, 0x1e, 0x7f, 0x1e,
        0x7f, 0x1e, 0x7f, 0x1e, 0x7f, 0x1e, 0x7f, 0x1e, 0x7f, 0x1e, 0x7f, 0x1e,
        0x7f, 0x1e, 0x7f, 0x1e, 0x7f, 0x1e, 0x7f, 0x1e, 0x7f, 0x1e, 0x7f, 0x1e,
        0x7f, 0x1e, 0x7f, 0x1e, 0x7f, 0x1e, 0x7f, 0x1e, 0x7f, 0x1e, 0x7f, 0x1e,
        0x7f, 0x1e, 0x7f, 0x1e, 0x7f, 0x1e, 0x7f, 0x1e, 0x7f, 0x1e, 0x7f, 0x1e,
        0x7f, 0x1e, 0x7f, 0x1e, 0x7f, 0x1e, 0x7f, 0x1e, 0x7f, 0x1e, 0x7f, 0x1e,
        0x7f, 0x1e, 0x7f, 0x1e, 0x7f, 0x1e, 0x7f, 0x1e, 0x7f, 0x1e, 0x7f, 0x1e,
        0x7f, 0x1e, 0x7f, 0x1e, 0x9f, 0x1e, 0x9f, 0x1e, 0x9f, 0x1e, 0x9f, 0x1e,
        0x9f, 0x1e, 0x9f, 0x1e, 0x9f, 0x1e, 0x9f, 0x1e, 0x9f, 0x1e, 0x9f, 0x1e,
        0x9f, 0x1e, 0x9f, 0x1e, 0x9f, 0x1e, 0x9f, 0x1e, 0x9f, 0x1e, 0x9f, 0x1e,
        0x9f, 0x1e, 0x9f, 0x1e, 0x7f, 0x1e, 0x7f, 0x1e, 0x7f, 0x1e, 0x9f, 0x1e,
        0x9f, 0x1e, 0x9f, 0x1e, 0x9f, 0x1e, 0x9f, 0x1e, 0x9f, 0x1e, 0x9f, 0x1e,
        0x9f, 0x1e, 0x7f, 0x1e, 0x7f, 0x1e, 0x9f, 0x1e, 0x9f, 0x1e, 0x9f, 0x1e,
        0x9f, 0x1e, 0x9f, 0x1e, 0x9f, 0x1e, 0x9f, 0x1e, 0x9f, 0x1e, 0x9f, 0x1e,
        0x9f, 0x1e, 0x9f, 0x1e, 0x9f, 0x1e, 0x9f, 0x1e, 0x9f, 0x1e, 0x9f, 0x1e,
        0x9f, 0x1e, 0x9f, 0x1e, 0x9f, 0x1e, 0x9f, 0x1e, 0x9f, 0x1e, 0x9f, 0x1e,
        0x9f, 0x1e, 0x9f, 0x1e, 0x9f, 0x1e, 0x9f, 0x1e, 0x9f, 0x1e, 0x9f, 0x1e,
        0x9f, 0x1e, 0x9f, 0x1e, 0x9f, 0x1e, 0x9f, 0x1e, 0x9f, 0x1e, 0x9f, 0x1e,
        0x9f, 0x1e, 0x9f, 0x1e, 0x9f, 0x1e, 0x9f, 0x1e, 0x9f, 0x1e, 0x9f, 0x1e,
        0x9f, 0x1e, 0x9f, 0x1e, 0x9f, 0x1e, 0x9f, 0x1e, 0x9f, 0x1e, 0x9f, 0x1e,
        0x9f, 0x1e, 0x9f, 0x1e, 0x9f, 0x1e, 0x9f, 0x1e, 0x7f, 0x1e, 0x7f, 0x1e,
        0x9f, 0x1e, 0x9f, 0x1e, 0x9f, 0x1e, 0x9f, 0x1e, 0x9f, 0x1e, 0x9f, 0x1e,
        0x7f, 0x1e, 0x7f, 0x1e, 0x9f, 0x1e, 0x9f, 0x1e, 0x9f, 0x1e, 0x9f, 0x1e,
        0x9f, 0x1e, 0x9f, 0x1e, 0x9f, 0x1e, 0x9f, 0x1e, 0x9f, 0x1e, 0x9f, 0x1e,
        0x9f, 0x1e, 0x9f, 0x1e, 0x9f, 0x1e, 0x9f, 0x1e, 0x9f, 0x1e, 0x9f, 0x1e,
        0x9f, 0x1e, 0x9f, 0x1e, 0x9f, 0x1e, 0x9f, 0x1e, 0x9f, 0x1e, 0x9f, 0x1e,
        0x9f, 0x1e, 0x9f, 0x1e, 0x9f, 0x1e, 0x9f, 0x1e, 0x9f, 0x1e, 0x9f, 0x1e,
        0x9f, 0x1e, 0x9f, 0x1e, 0x9f, 0x1e, 0x9f, 0x1e, 0x9f, 0x1e, 0x9f, 0x1e,
        0x9f, 0x1e, 0x9f, 0x1e, 0x9f, 0x1e, 0x9f, 0x1e, 0x9f, 0x1e, 0x9f, 0x1e,
        0x9f, 0x1e, 0x9f, 0x1e, 0x9f, 0x1e, 0x9f, 0x1e, 0x9f, 0x1e, 0x9f, 0x1e,
        0x9f, 0x1e, 0x9f, 0x1e, 0x9f, 0x1e, 0x9f, 0x1e, 0x9f, 0x1e, 0x9f, 0x1e,
        0x9f, 0x1e, 0x9f, 0x1e, 0x9f, 0x1e, 0x9f, 0x1e, 0x9f, 0x1e, 0x9f, 0x1e,
        0x9f, 0x1e, 0x9f, 0x1e, 0x9f, 0x1e, 0x9f, 0x1e, 0x9f, 0x1e, 0x9f, 0x1e,
        0x9f, 0x1e, 0x9f, 0x1e, 0x9f, 0x1e, 0x9f, 0x1e, 0x9f, 0x1e, 0x9f, 0x1e,
        0x9f, 0x1e, 0x9f, 0x1e, 0x9f, 0x1e, 0x9f, 0x1e, 0x9f, 0x1e, 0x9f, 0x1e,
        0x9f, 0x1e, 0x9f, 0x1e, 0x9f, 0x1e, 0x9f, 0x1e, 0x9f, 0x1e, 0x9f, 0x1e,
        0x9f, 0x1e, 0x9f, 0x1e, 0x9f, 0x1e, 0x9f, 0x1e, 0x9f, 0x1e, 0x9f, 0x1e,
        0x9f, 0x1e, 0x9f, 0x1e, 0x9f, 0x1e, 0x9f, 0x1e, 0x9f, 0x1e, 0x9f, 0x1e,
        0x9f, 0x1e, 0x9f, 0x1e, 0x9f, 0x1e, 0x9f, 0x1e, 0x9f, 0x1e, 0x9f, 0x1e,
        0x9f, 0x1e, 0x9f, 0x1e, 0x9f, 0x1e, 0x9f, 0x1e, 0x9f, 0x1e, 0x9f, 0x1e,
        0x9f, 0x1e, 0x9f, 0x1e, 0x9f, 0x1e, 0x9f, 0x1e, 0x9f, 0x1e, 0x9f, 0x1e,
        0x9f, 0x1e, 0x9f, 0x1e, 0x9f, 0x1e, 0x9f, 0x1e, 0x9f, 0x1e, 0x9f, 0x1e,
        0x9f, 0x1e, 0x9f, 0x1e, 0x9f, 0x1e, 0x9f, 0x1e, 0x9f, 0x1e, 0x9f, 0x1e,
        0x9f, 0x1e, 0x9f, 0x1e, 0x9f, 0x1e, 0x9f, 0x1e, 0x9f, 0x1e, 0x9f, 0x1e,
        0x9f, 0x1e, 0x9f, 0x1e, 0x9f, 0x1e, 0x9f, 0x1e, 0x9f, 0x1e, 0x9f, 0x1e,
        0x9f, 0x1e, 0x9f, 0x1e, 0x9f, 0x1e, 0x9f, 0x1e, 0x9f, 0x1e, 0x9f, 0x1e,
        0x9f, 0x1e, 0x9f, 0x1e, 0x9f, 0x1e, 0x9f, 0x1e, 0x9f, 0x1e, 0x9f, 0x1e,
        0x9f, 0x1e, 0x9f, 0x1e, 0x9f, 0x1e, 0x9f, 0x1e, 0x9f, 0x1e, 0x9f, 0x1e,
        0x9f, 0x1e, 0x9f, 0x1e, 0x9f, 0x1e, 0x9f, 0x1e, 0x9f, 0x1e, 0x9f, 0x1e,
        0x9f, 0x1e, 0x9f, 0x1e, 0x9f, 0x1e, 0x9f, 0x1e, 0x9f, 0x1e, 0x9f, 0x1e,
        0x9f, 0x1e, 0x9f, 0x1e, 0x9f, 0x1e, 0x9f, 0x1e, 0x9f, 0x1e, 0x9f, 0x1e,
        0x9f, 0x1e, 0x9f, 0x1e, 0x9f, 0x1e, 0x9f, 0x1e, 0x9f, 0x1e, 0x9f, 0x1e,
        0x9f, 0x1e, 0x9f, 0x1e, 0x9f, 0x1e, 0x9f, 0x1e, 0x9f, 0x1e, 0x9f, 0x1e,
        0x9f, 0x1e, 0x9f, 0x1e, 0x9f, 0x1e, 0x9f, 0x1e, 0x9f, 0x1e, 0x9f, 0x1e,
        0x9f, 0x1e, 0x9f, 0x1e, 0x9f, 0x1e, 0x9f, 0x1e, 0x9f, 0x1e, 0x9f, 0x1e,
        0x9f, 0x1e, 0x9f, 0x1e, 0x9f, 0x1e, 0x9f, 0x1e, 0x9f, 0x1e, 0x9f, 0x1e,
        0x9f, 0x1e, 0x9f, 0x1e, 0x9f, 0x1e, 0x9f, 0x1e, 0x9f, 0x1e, 0x9f, 0x1e,
        0x9f, 0x1e, 0x9f, 0x1e, 0x9f, 0x1e, 0x9f, 0x1e, 0x9f, 0x1e, 0x9f, 0x1e,
        0x9f, 0x1e, 0x9f, 0x1e, 0x9f, 0x1e, 0x9f, 0x1e, 0x9f, 0x1e, 0x9f, 0x1e,
        0x9f, 0x1e, 0x9f, 0x1e, 0x9f, 0x1e, 0x9f, 0x1e, 0x9f, 0x1e, 0x9f, 0x1e,
        0x9f, 0x1e, 0x9f, 0x1e, 0x9f, 0x1e, 0x9f, 0x1e, 0x9f, 0x1e, 0x9f, 0x1e,
        0x9f, 0x1e, 0x9f, 0x1e, 0x9f, 0x1e, 0x9f, 0x1e, 0x9f, 0x1e, 0x9f, 0x1e,
        0x9f, 0x1e, 0x9f, 0x1e, 0x9f, 0x1e, 0x9f, 0x1e, 0x9f, 0x1e, 0x9f, 0x1e,
        0x9f, 0x1e, 0x9f, 0x1e, 0x9f, 0x1e, 0x9f, 0x1e, 0x9f, 0x1e, 0x9f, 0x1e,
        0x9f, 0x1e, 0x9f, 0x1e, 0x9f, 0x1e, 0x9f, 0x1e, 0x9f, 0x1e, 0x9f, 0x1e,
        0x9f, 0x1e, 0x9f, 0x1e, 0x9f, 0x1e, 0x9f, 0x1e, 0x9f, 0x1e, 0x9f, 0x1e,
        0x9f, 0x1e, 0x9f, 0x1e, 0x9f, 0x1e, 0x9f, 0x1e, 0x9f, 0x1e, 0x9f, 0x1e,
        0x9f, 0x1e, 0x9f, 0x1e, 0x9f, 0x1e, 0x9f, 0x1e, 0x9f, 0x1e, 0x9f, 0x1e,
        0x9f, 0x1e, 0x9f, 0x1e, 0x9f, 0x1e, 0x9f, 0x1e, 0x9f, 0x1e, 0x9f, 0x1e,
        0x9f, 0x1e, 0x9f, 0x1e, 0x9f, 0x1e, 0x9f, 0x1e, 0x9f, 0x1e, 0x9f, 0x1e,
        0x9f, 0x1e, 0x9f, 0x1e, 0x9f, 0x1e, 0x9f, 0x1e, 0x9f, 0x1e, 0x9f, 0x1e,
        0x9f, 0x1e, 0x9f, 0x1e, 0x9f, 0x1e, 0x9f, 0x1e, 0x9f, 0x1e, 0x9f, 0x1e,
        0x9f, 0x1e, 0x9f, 0x1e, 0x9f, 0x1e, 0x9f, 0x1e, 0x9f, 0x1e, 0x9f, 0x1e,
        0x9f, 0x1e, 0x9f, 0x1e, 0x9f, 0x1e, 0x9f, 0x1e, 0x9f, 0x1e, 0x9f, 0x1e,
        0x9f, 0x1e, 0x9f, 0x1e, 0x9f, 0x1e, 0x9f, 0x1e, 0x9f, 0x1e, 0x9f, 0x1e,
        0x9f, 0x1e, 0x9f, 0x1e, 0x9f, 0x1e, 0x9f, 0x1e, 0x9f, 0x1e, 0x9f, 0x1e,
        0x9f, 0x1e, 0x9f, 0x1e, 0x9f, 0x1e, 0x9f, 0x1e, 0x9f, 0x1e, 0x9f, 0x1e,
        0x9f, 0x1e, 0x9f, 0x1e, 0x9f, 0x1e, 0x9f, 0x1e, 0x9f, 0x1e, 0x9f, 0x1e,
        0x9f, 0x1e, 0x9f, 0x1e, 0x9f, 0x1e, 0x9f, 0x1e, 0x9f, 0x1e, 0x9f, 0x1e,
        0x9f, 0x1e, 0x9f, 0x1e, 0x9f, 0x1e, 0x9f, 0x1e, 0x9f, 0x1e, 0x9f, 0x1e,
        0x9f, 0x1e, 0x9f, 0x1e, 0x9f, 0x1e, 0x9f, 0x1e, 0x9f, 0x1e, 0x9f, 0x1e,
        0x9f, 0x1e, 0x9f, 0x1e, 0x9f, 0x1e, 0x9f, 0x1e, 0x9f, 0x1e, 0x9f, 0x1e,
        0x9f, 0x1e, 0x9f, 0x1e, 0x9f, 0x1e, 0x9f, 0x1e, 0x9f, 0x1e, 0x9f, 0x1e,
        0x9f, 0x1e, 0x9f, 0x1e, 0x9f, 0x1e, 0x9f, 0x1e, 0x9f, 0x1e, 0x9f, 0x1e,
        0x9f, 0x1e, 0x9f, 0x1e, 0x9f, 0x1e, 0x9f, 0x1e, 0x9f, 0x1e, 0x9f, 0x1e,
        0x9f, 0x1e, 0x9f, 0x1e, 0x9f, 0x1e, 0x9f, 0x1e, 0x9f, 0x1e, 0x9f, 0x1e,
        0x9f, 0x1e, 0x9f, 0x1e, 0x9f, 0x1e, 0x9f, 0x1e, 0x9f, 0x1e, 0x9f, 0x1e,
        0x9f, 0x1e, 0x9f, 0x1e, 0x9f, 0x1e, 0x9f, 0x1e, 0x9f, 0x1e, 0x9f, 0x1e,
        0x9f, 0x1e, 0x9f, 0x1e, 0x9f, 0x1e, 0x9f, 0x1e, 0x9f, 0x1e, 0x9f, 0x1e,
        0x9f, 0x1e, 0x9f, 0x1e, 0x9f, 0x1e, 0x9f, 0x1e, 0x9f, 0x1e, 0x9f, 0x1e,
        0x9f, 0x1e, 0x9f, 0x1e, 0x9f, 0x1e, 0x9f, 0x1e, 0x9f, 0x1e, 0x9f, 0x1e,
        0x9f, 0x1e, 0x9f, 0x1e, 0x9f, 0x1e, 0x9f, 0x1e, 0x9f, 0x1e, 0x9f, 0x1e,
        0x9f, 0x1e, 0x9f, 0x1e, 0x9f, 0x1e, 0x9f, 0x1e, 0x9f, 0x1e, 0x9f, 0x1e,
        0x9f, 0x1e, 0x9f, 0x1e, 0x9f, 0x1e, 0x9f, 0x1e, 0x9f, 0x1e, 0x9f, 0x1e,
        0x9f, 0x1e, 0x9f, 0x1e, 0x9f, 0x1e, 0x9f, 0x1e, 0x9f, 0x1e, 0x9f, 0x1e,
        0x9f, 0x1e, 0x9f, 0x1e, 0x9f, 0x1e, 0x9f, 0x1e, 0x9f, 0x1e, 0x9f, 0x1e,
        0x9f, 0x1e, 0x9f, 0x1e, 0x9f, 0x1e, 0x9f, 0x1e, 0x9f, 0x1e, 0x9f, 0x1e,
        0x9f, 0x1e, 0x9f, 0x1e, 0x9f, 0x1e, 0x9f, 0x1e, 0x9f, 0x1e, 0x9f, 0x1e,
        0x9f, 0x1e, 0x9f, 0x1e, 0x9f, 0x1e, 0x9f, 0x1e, 0x9f, 0x1e, 0x9f, 0x1e,
        0x9f, 0x1e, 0x9f, 0x1e, 0x9f, 0x1e, 0x9f, 0x1e, 0x9f, 0x1e, 0x9f, 0x1e,
        0x9f, 0x1e, 0x9f, 0x1e, 0x9f, 0x1e, 0x9f, 0x1e, 0x9f, 0x1e, 0x9f, 0x1e,
        0x9f, 0x1e, 0x9f, 0x1e, 0x9f, 0x1e, 0x9f, 0x1e, 0x9f, 0x1e, 0x9f, 0x1e,
        0x9f, 0x1e, 0x9f, 0x1e, 0x9f, 0x1e, 0x9f, 0x1e, 0x9f, 0x1e, 0x9f, 0x1e,
        0x9f, 0x1e, 0x9f, 0x1e, 0x9f, 0x1e, 0x9f, 0x1e, 0x9f, 0x1e, 0x9f, 0x1e,
        0x9f, 0x1e, 0x9f, 0x1e, 0x9f, 0x1e, 0x9f, 0x1e, 0x9f, 0x1e, 0x9f, 0x1e,
        0x9f, 0x1e, 0x9f, 0x1e, 0x9f, 0x1e, 0x9f, 0x1e, 0x9f, 0x1e, 0x9f, 0x1e,
        0x9f, 0x1e, 0x9f, 0x1e, 0x9f, 0x1e, 0x9f, 0x1e, 0x9f, 0x1e, 0x9f, 0x1e,
        0x9f, 0x1e, 0x9f, 0x1e, 0x9f, 0x1e, 0x9f, 0x1e, 0x9f, 0x1e, 0x9f, 0x1e,
        0x9f, 0x1e, 0x9f, 0x1e, 0x9f, 0x1e, 0x9f, 0x1e, 0x9f, 0x1e, 0x9f, 0x1e,
        0x9f, 0x1e, 0x9f, 0x1e, 0x9f, 0x1e, 0x9f, 0x1e, 0x9f, 0x1e, 0x9f, 0x1e,
        0x9f, 0x1e, 0x9f, 0x1e, 0x9f, 0x1e, 0x9f, 0x1e, 0x9f, 0x1e, 0x9f, 0x1e,
        0x9f, 0x1e, 0x9f, 0x1e, 0x9f, 0x1e, 0x9f, 0x1e, 0x9f, 0x1e, 0x9f, 0x1e,
        0x9f, 0x1e, 0x9f, 0x1e, 0x9f, 0x1e, 0x9f, 0x1e, 0x9f, 0x1e, 0x9f, 0x1e,
        0x9f, 0x1e, 0x9f, 0x1e, 0x9f, 0x1e, 0x9f, 0x1e, 0x9f, 0x1e, 0x9f, 0x1e,
        0x9f, 0x1e, 0x9f, 0x1e, 0x9f, 0x1e, 0x9f, 0x1e, 0x9f, 0x1e, 0x9f, 0x1e,
        0x9f, 0x1e, 0x9f, 0x1e, 0x9f, 0x1e, 0x9f, 0x1e, 0x9f, 0x1e, 0x9f, 0x1e,
        0x9f, 0x1e, 0x9f, 0x1e, 0x9f, 0x1e, 0x9f, 0x1e, 0x9f, 0x1e, 0x9f, 0x1e,
        0x9f, 0x1e, 0x9f, 0x1e, 0x9f, 0x1e, 0x9f, 0x1e, 0x9f, 0x1e, 0x9f, 0x1e,
        0x9f, 0x1e, 0x9f, 0x1e, 0x9f, 0x1e, 0x9f, 0x1e, 0x9f, 0x1e, 0x9f, 0x1e,
        0x9f, 0x1e, 0x9f, 0x1e, 0x9f, 0x1e, 0x9f, 0x1e, 0x9f, 0x1e, 0x9f, 0x1e,
        0x9f, 0x1e, 0x9f, 0x1e, 0x9f, 0x1e, 0x9f, 0x1e, 0x9f, 0x1e, 0x9f, 0x1e,
        0x9f, 0x1e, 0x9f, 0x1e, 0x9f, 0x1e, 0x9f, 0x1e, 0x9f, 0x1e, 0x9f, 0x1e,
        0x9f, 0x1e, 0x9f, 0x1e, 0x9f, 0x1e, 0x9f, 0x1e, 0x9f, 0x1e, 0x9f, 0x1e,
        0x9f, 0x1e, 0x9f, 0x1e, 0x9f, 0x1e, 0x9f, 0x1e, 0x9f, 0x1e, 0x9f, 0x1e,
        0x9f, 0x1e, 0x9f, 0x1e, 0x9f, 0x1e, 0x9f, 0x1e, 0x9f, 0x1e, 0x9f, 0x1e,
        0x9f, 0x1e, 0x9f, 0x1e, 0x9f, 0x1e, 0x9f, 0x1e, 0x9f, 0x1e, 0x9f, 0x1e,
        0x9f, 0x1e, 0x9f, 0x1e, 0x9f, 0x1e, 0x9f, 0x1e, 0x9f, 0x1e, 0x9f, 0x1e,
        0x9f, 0x1e, 0x9f, 0x1e, 0x9f, 0x1e, 0x9f, 0x1e, 0x9f, 0x1e, 0x9f, 0x1e,
        0x9f, 0x1e, 0x9f, 0x1e, 0x9f, 0x1e, 0x9f, 0x1e, 0x9f, 0x1e, 0x9f, 0x1e,
        0x9f, 0x1e, 0x9f, 0x1e, 0x9f, 0x1e, 0x9f, 0x1e, 0x9f, 0x1e, 0x9f, 0x1e,
        0x9f, 0x1e, 0x9f, 0x1e, 0x9f, 0x1e, 0x9f, 0x1e, 0x9f, 0x1e, 0x9f, 0x1e,
        0x9f, 0x1e, 0x9f, 0x1e, 0x9f, 0x1e, 0x9f, 0x1e, 0x9f, 0x1e, 0x9f, 0x1e,
        0x9f, 0x1e, 0x9f, 0x1e, 0x9f, 0x1e, 0x9f, 0x1e, 0x9f, 0x1e, 0x9f, 0x1e,
        0x9f, 0x1e, 0x9f, 0x1e, 0x9f, 0x1e, 0x9f, 0x1e, 0x9f, 0x1e, 0x9f, 0x1e,
        0x9f, 0x1e, 0x9f, 0x1e, 0x9f, 0x1e, 0x9f, 0x1e, 0x9f, 0x1e, 0x9f, 0x1e,
        0x9f, 0x1e, 0x9f, 0x1e, 0x9f, 0x1e, 0x9f, 0x1e, 0x9f, 0x1e, 0x9f, 0x1e,
        0x9f, 0x1e, 0x9f, 0x1e, 0x9f, 0x1e, 0x9f, 0x1e, 0x9f, 0x1e, 0x9f, 0x1e,
        0x9f, 0x1e, 0x9f, 0x1e, 0x9f, 0x1e, 0x9f, 0x1e, 0x9f, 0x1e, 0x9f, 0x1e,
        0xbf, 0x1e, 0xbf, 0x1e, 0xbf, 0x1e, 0xbf, 0x1e, 0xbf, 0x1e, 0xbf, 0x1e,
        0xbf, 0x1e, 0xbf, 0x1e, 0xbf, 0x1e, 0xbf, 0x1e, 0xbf, 0x1e, 0xbf, 0x1e,
        0xbf, 0x1e, 0xbf, 0x1e, 0xbf, 0x1e, 0xbf, 0x1e, 0xbf, 0x1e, 0xbf, 0x1e,
        0xbf, 0x1e, 0xbf, 0x1e, 0xbf, 0x1e, 0xbf, 0x1e, 0xbf, 0x1e, 0xbf, 0x1e,
        0xbf, 0x1e, 0xbf, 0x1e, 0xbf, 0x1e, 0xbf, 0x1e, 0xbf, 0x1e, 0xbf, 0x1e,
        0xbf, 0x1e, 0xbf, 0x1e, 0xbf, 0x1e, 0xbf, 0x1e, 0xbf, 0x1e, 0xbf, 0x1e,
        0xbf, 0x1e, 0xbf, 0x1e, 0xbf, 0x1e, 0xbf, 0x1e, 0xbf, 0x1e, 0xbf, 0x1e,
        0xbf, 0x1e, 0xbf, 0x1e, 0xbf, 0x1e, 0xbf, 0x1e, 0xbf, 0x1e, 0xbf, 0x1e,
        0xbf, 0x1e, 0xbf, 0x1e, 0xbf, 0x1e, 0xbf, 0x1e, 0xbf, 0x1e, 0xbf, 0x1e,
        0xbf, 0x1e, 0xbf, 0x1e, 0xbf, 0x1e, 0xbf, 0x1e, 0xbf, 0x1e, 0xbf, 0x1e,
        0xbf, 0x1e, 0xbf, 0x1e, 0xbf, 0x1e, 0xbf, 0x1e, 0xbf, 0x1e, 0xbf, 0x1e,
        0xbf, 0x1e, 0xbf, 0x1e, 0xbf, 0x1e, 0xbf, 0x1e, 0xbf, 0x1e, 0xbf, 0x1e,
        0xbf, 0x1e, 0xbf, 0x1e, 0xbf, 0x1e, 0xbf, 0x1e, 0xbf, 0x1e, 0xbf, 0x1e,
        0xbf, 0x1e, 0xbf, 0x1e, 0xbf, 0x1e, 0xbf, 0x1e, 0xbf, 0x1e, 0xbf, 0x1e,
        0xbf, 0x1e, 0xbf, 0x1e, 0xbf, 0x1e, 0xbf, 0x1e, 0xbf, 0x1e, 0xbf, 0x1e,
        0xbf, 0x1e, 0xbf, 0x1e, 0xbf, 0x1e, 0xbf, 0x1e, 0xbf, 0x1e, 0xbf, 0x1e,
        0xbf, 0x1e, 0xbf, 0x1e, 0xbf, 0x1e, 0xbf, 0x1e, 0xbf, 0x1e, 0xbf, 0x1e,
        0xbf, 0x1e, 0xbf, 0x1e, 0xbf, 0x1e, 0xbf, 0x1e, 0xbf, 0x1e, 0xbf, 0x1e,
        0xbf, 0x1e, 0xbf, 0x1e, 0xbf, 0x1e, 0xbf, 0x1e, 0xbf, 0x1e, 0xbf, 0x1e,
        0xbf, 0x1e, 0xbf, 0x1e, 0xbf, 0x1e, 0xbf, 0x1e, 0xbf, 0x1e, 0xbf, 0x1e,
        0xbf, 0x1e, 0xbf, 0x1e, 0xbf, 0x1e, 0xbf, 0x1e, 0xbf, 0x1e, 0xbf, 0x1e,
        0xbf, 0x1e, 0xbf, 0x1e, 0xbf, 0x1e, 0xbf, 0x1e, 0xbf, 0x1e, 0xbf, 0x1e,
        0xbf, 0x1e, 0xbf, 0x1e, 0xbf, 0x1e, 0xbf, 0x1e, 0xbf, 0x1e, 0xbf, 0x1e,
        0xbf, 0x1e, 0xbf, 0x1e, 0xbf, 0x1e, 0xbf, 0x1e, 0xbf, 0x1e, 0xbf, 0x1e,
        0xbf, 0x1e, 0xbf, 0x1e, 0xbf, 0x1e, 0xbf, 0x1e, 0xbf, 0x1e, 0xbf, 0x1e,
        0xbf, 0x1e, 0xbf, 0x1e, 0xbf, 0x1e, 0xbf, 0x1e, 0xbf, 0x1e, 0xbf, 0x1e,
        0xbf, 0x1e, 0xbf, 0x1e, 0xbf, 0x1e, 0xbf, 0x1e, 0xbf, 0x1e, 0xbf, 0x1e,
        0xbf, 0x1e, 0xbf, 0x1e, 0xbf, 0x1e, 0xbf, 0x1e, 0xbf, 0x1e, 0xbf, 0x1e,
        0xbf, 0x1e, 0xbf, 0x1e, 0xbf, 0x1e, 0xbf, 0x1e, 0xbf, 0x1e, 0xbf, 0x1e,
        0xbf, 0x1e, 0xbf, 0x1e, 0xbf, 0x1e, 0xbf, 0x1e, 0xbf, 0x1e, 0xbf, 0x1e,
        0xbf, 0x1e, 0xbf, 0x1e, 0xbf, 0x1e, 0xbf, 0x1e, 0xbf, 0x1e, 0xbf, 0x1e,
        0xbf, 0x1e, 0xbf, 0x1e, 0xbf, 0x1e, 0xbf, 0x1e, 0xbf, 0x1e, 0xbf, 0x1e,
        0xbf, 0x1e, 0xbf, 0x1e, 0xbf, 0x1e, 0xbf, 0x1e, 0xbf, 0x1e, 0xbf, 0x1e,
        0xbf, 0x1e, 0xbf, 0x1e, 0xbf, 0x1e, 0xbf, 0x1e, 0xbf, 0x1e, 0xbf, 0x1e,
        0xbf, 0x1e, 0xbf, 0x1e, 0xbf, 0x1e, 0xbf, 0x1e, 0xbf, 0x1e, 0xbf, 0x1e,
        0xbf, 0x1e, 0xbf, 0x1e, 0xbf, 0x1e, 0xbf, 0x1e, 0xbf, 0x1e, 0xbf, 0x1e,
        0xbf, 0x1e, 0xbf, 0x1e, 0xbf, 0x1e, 0xbf, 0x1e, 0xbf, 0x1e, 0xbf, 0x1e,
        0xbf, 0x1e, 0xbf, 0x1e, 0xbf, 0x1e, 0xbf, 0x1e, 0xbf, 0x1e, 0xbf, 0x1e,
        0xbf, 0x1e, 0xbf, 0x1e, 0xbf, 0x1e, 0xbf, 0x1e, 0xbf, 0x1e, 0xbf, 0x1e,
        0xbf, 0x1e, 0xbf, 0x1e, 0xbf, 0x1e, 0xbf, 0x1e, 0xbf, 0x1e, 0xbf, 0x1e,
        0xbf, 0x1e, 0xbf, 0x1e, 0xbf, 0x1e, 0xbf, 0x1e, 0xbf, 0x1e, 0xbf, 0x1e,
        0xbf, 0x1e, 0xbf, 0x1e, 0xbf, 0x1e, 0xbf, 0x1e, 0xbf, 0x1e, 0xbf, 0x1e,
        0xbf, 0x1e, 0xbf, 0x1e, 0xbf, 0x1e, 0xbf, 0x1e, 0xbf, 0x1e, 0xbf, 0x1e,
        0xbf, 0x1e, 0xbf, 0x1e, 0xbf, 0x1e, 0xbf, 0x1e, 0xbf, 0x1e, 0xbf, 0x1e,
        0xbf, 0x1e, 0xbf, 0x1e, 0xbf, 0x1e, 0xbf, 0x1e, 0xbf, 0x1e, 0xbf, 0x1e,
        0xbf, 0x1e, 0xbf, 0x1e, 0xbf, 0x1e, 0xbf, 0x1e, 0xbf, 0x1e, 0xbf, 0x1e,
        0xbf, 0x1e, 0xbf, 0x1e, 0xbf, 0x1e, 0xbf, 0x1e, 0xbf, 0x1e, 0xbf, 0x1e,
        0xbf, 0x1e, 0xbf, 0x1e, 0xbf, 0x1e, 0xbf, 0x1e, 0xbf, 0x1e, 0xbf, 0x1e,
        0xbf, 0x1e, 0xbf, 0x1e, 0xbf, 0x1e, 0xbf, 0x1e, 0xbf, 0x1e, 0xbf, 0x1e,
        0xbf, 0x1e, 0xbf, 0x1e, 0xbf, 0x1e, 0xbf, 0x1e, 0xbf, 0x1e, 0xbf, 0x1e,
        0xbf, 0x1e, 0xbf, 0x1e, 0xbf, 0x1e, 0xbf, 0x1e, 0xbf, 0x1e, 0xbf, 0x1e,
        0xbf, 0x1e, 0xbf, 0x1e, 0xbf, 0x1e, 0xbf, 0x1e, 0xbf, 0x1e, 0xbf, 0x1e,
        0xbf, 0x1e, 0xbf, 0x1e, 0xbf, 0x1e, 0xbf, 0x1e, 0xbf, 0x1e, 0xbf, 0x1e,
        0xbf, 0x1e, 0xbf, 0x1e, 0xbf, 0x1e, 0xbf, 0x1e, 0xbf, 0x1e, 0xbf, 0x1e,
        0xbf, 0x1e, 0xbf, 0x1e, 0xbf, 0x1e, 0xbf, 0x1e, 0xbf, 0x1e, 0xbf, 0x1e,
        0xbf, 0x1e, 0xbf, 0x1e, 0xbf, 0x1e, 0xbf, 0x1e, 0xbf, 0x1e, 0xbf, 0x1e,
        0xdf, 0x1e, 0xdf, 0x1e, 0xdf, 0x1e, 0xdf, 0x1e, 0xdf, 0x1e, 0xdf, 0x1e,
        0xdf, 0x1e, 0xdf, 0x1e, 0xbf, 0x1e, 0xdf, 0x1e, 0xbf, 0x1e, 0xbf, 0x1e,
        0xdf, 0x1e, 0xbf, 0x1e, 0xdf, 0x1e, 0xdf, 0x1e, 0xbf, 0x1e, 0xbf, 0x1e,
        0xdf, 0x1e, 0xdf, 0x1e, 0xbf, 0x1e, 0xdf, 0x1e, 0xdf, 0x1e, 0xbf, 0x1e,
        0xbf, 0x1e, 0xdf, 0x1e, 0xdf, 0x1e, 0xdf, 0x1e, 0xdf, 0x1e, 0xdf, 0x1e,
        0xbf, 0x1e, 0xbf, 0x1e, 0xdf, 0x1e, 0xbf, 0x1e, 0xdf, 0x1e, 0xdf, 0x1e,
        0xbf, 0x1e, 0xdf, 0x1e, 0xbf, 0x1e, 0xbf, 0x1e, 0xbf, 0x1e, 0xdf, 0x1e,
        0xdf, 0x1e, 0xbf, 0x1e, 0xbf, 0x1e, 0xbf, 0x1e, 0xdf, 0x1e, 0xbf, 0x1e,
        0xdf, 0x1e, 0xdf, 0x1e, 0xdf, 0x1e, 0xdf, 0x1e, 0xdf, 0x1e, 0xbf, 0x1e,
        0xbf, 0x1e, 0xbf, 0x1e, 0xdf, 0x1e, 0xdf, 0x1e, 0xdf, 0x1e, 0xbf, 0x1e,
        0xbf, 0x1e, 0xdf, 0x1e, 0xbf, 0x1e, 0xdf, 0x1e, 0xbf, 0x1e, 0xdf, 0x1e,
        0xdf, 0x1e, 0xbf, 0x1e, 0xbf, 0x1e, 0xdf, 0x1e, 0xdf, 0x1e, 0xdf, 0x1e,
        0xbf, 0x1e, 0xbf, 0x1e, 0xbf, 0x1e, 0xbf, 0x1e, 0xdf, 0x1e, 0xbf, 0x1e,
        0xbf, 0x1e, 0xdf, 0x1e, 0xbf, 0x1e, 0xdf, 0x1e, 0xdf, 0x1e, 0xdf, 0x1e,
        0xdf, 0x1e, 0xbf, 0x1e, 0xbf, 0x1e, 0xbf, 0x1e, 0xdf, 0x1e, 0xdf, 0x1e,
        0xdf, 0x1e, 0xbf, 0x1e, 0xbf, 0x1e, 0xdf, 0x1e, 0xbf, 0x1e, 0xbf, 0x1e,
        0xbf, 0x1e, 0xbf, 0x1e, 0xdf, 0x1e, 0xbf, 0x1e, 0xbf, 0x1e, 0xbf, 0x1e,
        0xdf, 0x1e, 0xdf, 0x1e, 0xdf, 0x1e, 0xdf, 0x1e, 0xdf, 0x1e, 0xdf, 0x1e,
        0xdf, 0x1e, 0xdf, 0x1e, 0xdf, 0x1e, 0xbf, 0x1e,
};

const lv_image_dsc_t weather_app_icon_112_112 = {
    .header.cf = LV_COLOR_FORMAT_RGB565,
    .header.magic = LV_IMAGE_HEADER_MAGIC,
    .header.w = 112,
    .header.h = 112,
    .data_size = 12544 * 2,
    .data = weather_app_icon_112_112_map,
};
