#include "lvgl.h"

static const uint8_t img_app_setting_map[] = {
    0x00, 0x00, 0x00, 0x00, 0x00, 0x00, 0x00, 0x00, 0x00, 0x00, 0x00, 0x00, 0x00, 0x00, 0x00, 0x00,
    0x00, 0x00, 0x00, 0x00, 0x00, 0x00, 0x00, 0x00, 0x00, 0x00, 0x00, 0x00, 0x00, 0x00, 0x00, 0x00,
    0x00, 0x00, 0x00, 0x00, 0x00, 0x00, 0x00, 0x00, 0x00, 0x00, 0x00, 0x00, 0x00, 0x00, 0x00, 0x00,
    0x00, 0x00, 0x00, 0x00, 0x00, 0x00, 0x00, 0x00, 0x00, 0x00, 0x00, 0x00, 0x00, 0x00, 0x00, 0x00,
    0x00, 0x00, 0x00, 0x00, 0x00, 0x00, 0x00, 0x00, 0x00, 0x00, 0x00, 0x00, 0x00, 0x00, 0x00, 0x00,
    0x00, 0x00, 0x00, 0x00, 0x00, 0x00, 0x00, 0x00, 0x00, 0x00, 0x00, 0x00, 0x00, 0x00, 0x00, 0x00,
    0x00, 0x00, 0x00, 0x00, 0x00, 0x00, 0x00, 0x00, 0xff, 0xff, 0x00, 0x01, 0xff, 0x7f, 0x7f, 0x02,
    0xff, 0x7f, 0x7f, 0x02, 0x00, 0x00, 0x00, 0x00, 0x00, 0x00, 0x00, 0x00, 0x00, 0x00, 0x00, 0x00,
    0xff, 0x7f, 0x7f, 0x04, 0xf6, 0x9e, 0x60, 0x3d, 0xfa, 0xa2, 0x5e, 0x71, 0xf7, 0xa1, 0x60, 0x8e,
    0xf8, 0xa2, 0x5e, 0xbc, 0xf7, 0xa1, 0x5f, 0xda, 0xf7, 0xa1, 0x60, 0xf9, 0xfa, 0xa4, 0x61, 0xff,
    0xf7, 0xa2, 0x60, 0xfe, 0xf8, 0xa2, 0x60, 0xff, 0xf8, 0xa2, 0x60, 0xff, 0xf8, 0xa2, 0x60, 0xff,
    0xf8, 0xa2, 0x60, 0xff, 0xf8, 0xa2, 0x60, 0xff, 0xf8, 0xa2, 0x60, 0xff, 0xf8, 0xa2, 0x60, 0xff,
    0xf8, 0xa2, 0x60, 0xff, 0xf8, 0xa2, 0x60, 0xff, 0xf8, 0xa2, 0x60, 0xff, 0xf8, 0xa2, 0x60, 0xff,
    0xf8, 0xa2, 0x60, 0xff, 0xf8, 0xa2, 0x60, 0xff, 0xf8, 0xa2, 0x60, 0xff, 0xf8, 0xa2, 0x60, 0xff,
    0xf8, 0xa2, 0x60, 0xff, 0xf8, 0xa2, 0x60, 0xff, 0xf8, 0xa2, 0x60, 0xff, 0xf8, 0xa2, 0x60, 0xff,
    0xf8, 0xa2, 0x60, 0xff, 0xf8, 0xa2, 0x60, 0xff, 0xf8, 0xa2, 0x60, 0xff, 0xf8, 0xa2, 0x60, 0xff,
    0xf8, 0xa2, 0x60, 0xff, 0xf8, 0xa2, 0x60, 0xff, 0xf8, 0xa2, 0x60, 0xff, 0xf8, 0xa2, 0x60, 0xff,
    0xf8, 0xa2, 0x60, 0xff, 0xf8, 0xa2, 0x60, 0xff, 0xf8, 0xa2, 0x60, 0xff, 0xf8, 0xa2, 0x60, 0xff,
    0xf8, 0xa2, 0x60, 0xff, 0xf8, 0xa2, 0x60, 0xff, 0xf8, 0xa2, 0x60, 0xff, 0xf8, 0xa2, 0x60, 0xff,
    0xf8, 0xa2, 0x60, 0xff, 0xf8, 0xa2, 0x60, 0xff, 0xf8, 0xa2, 0x60, 0xff, 0xf8, 0xa2, 0x60, 0xff,
    0xf8, 0xa2, 0x60, 0xff, 0xf8, 0xa2, 0x60, 0xff, 0xf8, 0xa2, 0x60, 0xff, 0xf8, 0xa2, 0x60, 0xff,
    0xf8, 0xa2, 0x60, 0xff, 0xf7, 0xa2, 0x60, 0xfe, 0xfa, 0xa4, 0x61, 0xff, 0xf7, 0xa1, 0x60, 0xf9,
    0xf7, 0xa1, 0x5f, 0xda, 0xf8, 0xa2, 0x5e, 0xbc, 0xf7, 0xa1, 0x60, 0x8e, 0xfa, 0xa2, 0x5e, 0x71,
    0xf6, 0x9e, 0x60, 0x3d, 0xff, 0x7f, 0x7f, 0x04, 0x00, 0x00, 0x00, 0x00, 0x00, 0x00, 0x00, 0x00,
    0x00, 0x00, 0x00, 0x00, 0xff, 0x7f, 0x7f, 0x02, 0xff, 0x7f, 0x7f, 0x02, 0xff, 0xff, 0x00, 0x01,
    0x00, 0x00, 0x00, 0x00, 0x00, 0x00, 0x00, 0x00, 0x00, 0x00, 0x00, 0x00, 0x00, 0x00, 0x00, 0x00,
    0x00, 0x00, 0x00, 0x00, 0x00, 0x00, 0x00, 0x00, 0x00, 0x00, 0x00, 0x00, 0x00, 0x00, 0x00, 0x00,
    0x00, 0x00, 0x00, 0x00, 0x00, 0x00, 0x00, 0x00, 0x00, 0x00, 0x00, 0x00, 0x00, 0x00, 0x00, 0x00,
    0x00, 0x00, 0x00, 0x00, 0x00, 0x00, 0x00, 0x00, 0x00, 0x00, 0x00, 0x00, 0x00, 0x00, 0x00, 0x00,
    0x00, 0x00, 0x00, 0x00, 0x00, 0x00, 0x00, 0x00, 0x00, 0x00, 0x00, 0x00, 0x00, 0x00, 0x00, 0x00,
    0x00, 0x00, 0x00, 0x00, 0x00, 0x00, 0x00, 0x00, 0x00, 0x00, 0x00, 0x00, 0x00, 0x00, 0x00, 0x00,
    0x00, 0x00, 0x00, 0x00, 0x00, 0x00, 0x00, 0x00, 0x00, 0x00, 0x00, 0x00, 0x00, 0x00, 0x00, 0x00,
    0x00, 0x00, 0x00, 0x00, 0x00, 0x00, 0x00, 0x00, 0x00, 0x00, 0x00, 0x00, 0x00, 0x00, 0x00, 0x00,
    0x00, 0x00, 0x00, 0x00, 0x00, 0x00, 0x00, 0x00, 0x00, 0x00, 0x00, 0x00, 0x00, 0x00, 0x00, 0x00,
    0x00, 0x00, 0x00, 0x00, 0x00, 0x00, 0x00, 0x00, 0x00, 0x00, 0x00, 0x00, 0x00, 0x00, 0x00, 0x00,
    0x00, 0x00, 0x00, 0x00, 0x00, 0x00, 0x00, 0x00, 0x00, 0x00, 0x00, 0x00, 0x00, 0x00, 0x00, 0x00,
    0x00, 0x00, 0x00, 0x00, 0x00, 0x00, 0x00, 0x00, 0x00, 0x00, 0x00, 0x00, 0x00, 0x00, 0x00, 0x00,
    0x00, 0x00, 0x00, 0x00, 0x00, 0x00, 0x00, 0x00, 0xff, 0xaa, 0x55, 0x03, 0xff, 0x99, 0x66, 0x05,
    0x00, 0x00, 0x00, 0x00, 0x00, 0x00, 0x00, 0x00, 0x00, 0x00, 0x00, 0x00, 0xf9, 0x9e, 0x60, 0x2d,
    0xf8, 0xa4, 0x5f, 0x73, 0xf7, 0xa1, 0x60, 0xaf, 0xf6, 0xa1, 0x5f, 0xd4, 0xf7, 0xa2, 0x60, 0xe1,
    0xf8, 0xa1, 0x60, 0xe9, 0xf8, 0xa2, 0x5f, 0xed, 0xf8, 0xa1, 0x60, 0xf4, 0xf7, 0xa1, 0x60, 0xf9,
    0xf7, 0xa1, 0x60, 0xfe, 0xf8, 0xa2, 0x60, 0xff, 0xf8, 0xa2, 0x60, 0xff, 0xf8, 0xa2, 0x60, 0xff,
    0xf8, 0xa2, 0x60, 0xff, 0xf8, 0xa2, 0x60, 0xff, 0xf8, 0xa2, 0x60, 0xff, 0xf8, 0xa2, 0x60, 0xff,
    0xf8, 0xa2, 0x60, 0xff, 0xf8, 0xa2, 0x60, 0xff, 0xf8, 0xa2, 0x60, 0xff, 0xf8, 0xa2, 0x60, 0xff,
    0xf8, 0xa2, 0x60, 0xff, 0xf8, 0xa2, 0x60, 0xff, 0xf8, 0xa2, 0x60, 0xff, 0xf8, 0xa2, 0x60, 0xff,
    0xf8, 0xa2, 0x60, 0xff, 0xf8, 0xa2, 0x60, 0xff, 0xf8, 0xa2, 0x60, 0xff, 0xf8, 0xa2, 0x60, 0xff,
    0xf8, 0xa2, 0x60, 0xff, 0xf8, 0xa2, 0x60, 0xff, 0xf8, 0xa2, 0x60, 0xff, 0xf8, 0xa2, 0x60, 0xff,
    0xf8, 0xa2, 0x60, 0xff, 0xf8, 0xa2, 0x60, 0xff, 0xf8, 0xa2, 0x60, 0xff, 0xf8, 0xa2, 0x60, 0xff,
    0xf8, 0xa2, 0x60, 0xff, 0xf8, 0xa2, 0x60, 0xff, 0xf8, 0xa2, 0x60, 0xff, 0xf8, 0xa2, 0x60, 0xff,
    0xf8, 0xa2, 0x60, 0xff, 0xf8, 0xa2, 0x60, 0xff, 0xf8, 0xa2, 0x60, 0xff, 0xf8, 0xa2, 0x60, 0xff,
    0xf8, 0xa2, 0x60, 0xff, 0xf8, 0xa2, 0x60, 0xff, 0xf8, 0xa2, 0x60, 0xff, 0xf8, 0xa2, 0x60, 0xff,
    0xf8, 0xa2, 0x60, 0xff, 0xf8, 0xa2, 0x60, 0xff, 0xf8, 0xa2, 0x60, 0xff, 0xf8, 0xa2, 0x60, 0xff,
    0xf8, 0xa2, 0x60, 0xff, 0xf8, 0xa2, 0x60, 0xff, 0xf8, 0xa2, 0x60, 0xff, 0xf8, 0xa2, 0x60, 0xff,
    0xf8, 0xa2, 0x60, 0xff, 0xf7, 0xa1, 0x60, 0xfe, 0xf7, 0xa1, 0x60, 0xf9, 0xf8, 0xa1, 0x60, 0xf4,
    0xf8, 0xa2, 0x5f, 0xed, 0xf8, 0xa1, 0x60, 0xe9, 0xf7, 0xa2, 0x60, 0xe1, 0xf6, 0xa1, 0x5f, 0xd4,
    0xf7, 0xa1, 0x60, 0xaf, 0xf8, 0xa4, 0x5f, 0x73, 0xf9, 0x9e, 0x60, 0x2d, 0x00, 0x00, 0x00, 0x00,
    0x00, 0x00, 0x00, 0x00, 0x00, 0x00, 0x00, 0x00, 0xff, 0x99, 0x66, 0x05, 0xff, 0xaa, 0x55, 0x03,
    0x00, 0x00, 0x00, 0x00, 0x00, 0x00, 0x00, 0x00, 0x00, 0x00, 0x00, 0x00, 0x00, 0x00, 0x00, 0x00,
    0x00, 0x00, 0x00, 0x00, 0x00, 0x00, 0x00, 0x00, 0x00, 0x00, 0x00, 0x00, 0x00, 0x00, 0x00, 0x00,
    0x00, 0x00, 0x00, 0x00, 0x00, 0x00, 0x00, 0x00, 0x00, 0x00, 0x00, 0x00, 0x00, 0x00, 0x00, 0x00,
    0x00, 0x00, 0x00, 0x00, 0x00, 0x00, 0x00, 0x00, 0x00, 0x00, 0x00, 0x00, 0x00, 0x00, 0x00, 0x00,
    0x00, 0x00, 0x00, 0x00, 0x00, 0x00, 0x00, 0x00, 0x00, 0x00, 0x00, 0x00, 0x00, 0x00, 0x00, 0x00,
    0x00, 0x00, 0x00, 0x00, 0x00, 0x00, 0x00, 0x00, 0x00, 0x00, 0x00, 0x00, 0x00, 0x00, 0x00, 0x00,
    0x00, 0x00, 0x00, 0x00, 0x00, 0x00, 0x00, 0x00, 0x00, 0x00, 0x00, 0x00, 0x00, 0x00, 0x00, 0x00,
    0x00, 0x00, 0x00, 0x00, 0x00, 0x00, 0x00, 0x00, 0x00, 0x00, 0x00, 0x00, 0x00, 0x00, 0x00, 0x00,
    0x00, 0x00, 0x00, 0x00, 0x00, 0x00, 0x00, 0x00, 0x00, 0x00, 0x00, 0x00, 0x00, 0x00, 0x00, 0x00,
    0x00, 0x00, 0x00, 0x00, 0x00, 0x00, 0x00, 0x00, 0x00, 0x00, 0x00, 0x00, 0x00, 0x00, 0x00, 0x00,
    0x00, 0x00, 0x00, 0x00, 0x00, 0x00, 0x00, 0x00, 0x00, 0x00, 0x00, 0x00, 0x00, 0x00, 0x00, 0x00,
    0x00, 0x00, 0x00, 0x00, 0xff, 0xff, 0x00, 0x01, 0xff, 0x99, 0x66, 0x05, 0xff, 0xcc, 0x99, 0x05,
    0x00, 0x00, 0x00, 0x00, 0x00, 0x00, 0x00, 0x00, 0xf9, 0xa2, 0x61, 0x2f, 0xf6, 0xa3, 0x60, 0x7a,
    0xf7, 0xa2, 0x5f, 0xc1, 0xfb, 0xa4, 0x62, 0xda, 0xf8, 0xa1, 0x5f, 0xf0, 0xfe, 0xa6, 0x62, 0xff,
    0xff, 0xad, 0x66, 0xff, 0xff, 0xab, 0x65, 0xff, 0xff, 0xa9, 0x64, 0xff, 0xff, 0xa7, 0x63, 0xff,
    0xfd, 0xa5, 0x62, 0xff, 0xfb, 0xa4, 0x61, 0xff, 0xf8, 0xa2, 0x60, 0xff, 0xf8, 0xa2, 0x60, 0xff,
    0xf8, 0xa2, 0x60, 0xff, 0xf8, 0xa2, 0x60, 0xff, 0xf8, 0xa2, 0x60, 0xff, 0xf8, 0xa2, 0x60, 0xff,
    0xf8, 0xa2, 0x60, 0xff, 0xf8, 0xa2, 0x60, 0xff, 0xf8, 0xa2, 0x60, 0xff, 0xf8, 0xa2, 0x60, 0xff,
    0xf8, 0xa2, 0x60, 0xff, 0xf8, 0xa2, 0x60, 0xff, 0xf8, 0xa2, 0x60, 0xff, 0xf8, 0xa2, 0x60, 0xff,
    0xf8, 0xa2, 0x60, 0xff, 0xf8, 0xa2, 0x60, 0xff, 0xf8, 0xa2, 0x60, 0xff, 0xf8, 0xa2, 0x60, 0xff,
    0xf8, 0xa2, 0x60, 0xff, 0xf8, 0xa2, 0x60, 0xff, 0xf8, 0xa2, 0x60, 0xff, 0xf8, 0xa2, 0x60, 0xff,
    0xf8, 0xa2, 0x60, 0xff, 0xf8, 0xa2, 0x60, 0xff, 0xf8, 0xa2, 0x60, 0xff, 0xf8, 0xa2, 0x60, 0xff,
    0xf8, 0xa2, 0x60, 0xff, 0xf8, 0xa2, 0x60, 0xff, 0xf8, 0xa2, 0x60, 0xff, 0xf8, 0xa2, 0x60, 0xff,
    0xf8, 0xa2, 0x60, 0xff, 0xf8, 0xa2, 0x60, 0xff, 0xf8, 0xa2, 0x60, 0xff, 0xf8, 0xa2, 0x60, 0xff,
    0xf8, 0xa2, 0x60, 0xff, 0xf8, 0xa2, 0x60, 0xff, 0xf8, 0xa2, 0x60, 0xff, 0xf8, 0xa2, 0x60, 0xff,
    0xf8, 0xa2, 0x60, 0xff, 0xf8, 0xa2, 0x60, 0xff, 0xf8, 0xa2, 0x60, 0xff, 0xf8, 0xa2, 0x60, 0xff,
    0xf8, 0xa2, 0x60, 0xff, 0xf8, 0xa2, 0x60, 0xff, 0xf8, 0xa2, 0x60, 0xff, 0xf8, 0xa2, 0x60, 0xff,
    0xf8, 0xa2, 0x60, 0xff, 0xf8, 0xa2, 0x60, 0xff, 0xf8, 0xa2, 0x60, 0xff, 0xf8, 0xa2, 0x60, 0xff,
    0xfb, 0xa4, 0x61, 0xff, 0xfd, 0xa5, 0x62, 0xff, 0xff, 0xa7, 0x63, 0xff, 0xff, 0xa9, 0x64, 0xff,
    0xff, 0xab, 0x65, 0xff, 0xff, 0xad, 0x66, 0xff, 0xfe, 0xa6, 0x62, 0xff, 0xf8, 0xa1, 0x5f, 0xf0,
    0xfb, 0xa4, 0x62, 0xda, 0xf7, 0xa2, 0x5f, 0xc1, 0xf6, 0xa3, 0x60, 0x7a, 0xf9, 0xa2, 0x61, 0x2f,
    0x00, 0x00, 0x00, 0x00, 0x00, 0x00, 0x00, 0x00, 0xff, 0xcc, 0x99, 0x05, 0xff, 0x99, 0x66, 0x05,
    0xff, 0xff, 0x00, 0x01, 0x00, 0x00, 0x00, 0x00, 0x00, 0x00, 0x00, 0x00, 0x00, 0x00, 0x00, 0x00,
    0x00, 0x00, 0x00, 0x00, 0x00, 0x00, 0x00, 0x00, 0x00, 0x00, 0x00, 0x00, 0x00, 0x00, 0x00, 0x00,
    0x00, 0x00, 0x00, 0x00, 0x00, 0x00, 0x00, 0x00, 0x00, 0x00, 0x00, 0x00, 0x00, 0x00, 0x00, 0x00,
    0x00, 0x00, 0x00, 0x00, 0x00, 0x00, 0x00, 0x00, 0x00, 0x00, 0x00, 0x00, 0x00, 0x00, 0x00, 0x00,
    0x00, 0x00, 0x00, 0x00, 0x00, 0x00, 0x00, 0x00, 0x00, 0x00, 0x00, 0x00, 0x00, 0x00, 0x00, 0x00,
    0x00, 0x00, 0x00, 0x00, 0x00, 0x00, 0x00, 0x00, 0x00, 0x00, 0x00, 0x00, 0x00, 0x00, 0x00, 0x00,
    0x00, 0x00, 0x00, 0x00, 0x00, 0x00, 0x00, 0x00, 0x00, 0x00, 0x00, 0x00, 0x00, 0x00, 0x00, 0x00,
    0x00, 0x00, 0x00, 0x00, 0x00, 0x00, 0x00, 0x00, 0x00, 0x00, 0x00, 0x00, 0x00, 0x00, 0x00, 0x00,
    0x00, 0x00, 0x00, 0x00, 0x00, 0x00, 0x00, 0x00, 0x00, 0x00, 0x00, 0x00, 0x00, 0x00, 0x00, 0x00,
    0x00, 0x00, 0x00, 0x00, 0x00, 0x00, 0x00, 0x00, 0x00, 0x00, 0x00, 0x00, 0x00, 0x00, 0x00, 0x00,
    0x00, 0x00, 0x00, 0x00, 0xff, 0xff, 0x00, 0x01, 0xff, 0x99, 0x66, 0x05, 0xff, 0xaa, 0x55, 0x03,
    0x00, 0x00, 0x00, 0x00, 0x00, 0x00, 0x00, 0x00, 0xf4, 0xa2, 0x5f, 0x48, 0xf8, 0xa2, 0x60, 0x97,
    0xf7, 0xa2, 0x60, 0xc9, 0xf7, 0xa2, 0x5f, 0xf0, 0xff, 0xaf, 0x67, 0xff, 0xff, 0xae, 0x67, 0xff,
    0xff, 0xa6, 0x62, 0xff, 0xf8, 0xa2, 0x60, 0xff, 0xf8, 0xa2, 0x60, 0xfb, 0xf7, 0xa1, 0x60, 0xfc,
    0xf7, 0xa2, 0x5f, 0xfd, 0xf7, 0xa2, 0x5f, 0xfd, 0xf7, 0xa1, 0x60, 0xfe, 0xf7, 0xa2, 0x60, 0xfe,
    0xf8, 0xa2, 0x60, 0xff, 0xf8, 0xa2, 0x60, 0xff, 0xf8, 0xa2, 0x60, 0xff, 0xf8, 0xa2, 0x60, 0xff,
    0xf8, 0xa2, 0x60, 0xff, 0xf8, 0xa2, 0x60, 0xff, 0xf8, 0xa2, 0x60, 0xff, 0xf8, 0xa2, 0x60, 0xff,
    0xf8, 0xa2, 0x60, 0xff, 0xf8, 0xa2, 0x60, 0xff, 0xf8, 0xa2, 0x60, 0xff, 0xf8, 0xa2, 0x60, 0xff,
    0xf8, 0xa2, 0x60, 0xff, 0xf8, 0xa2, 0x60, 0xff, 0xf8, 0xa2, 0x60, 0xff, 0xf8, 0xa2, 0x60, 0xff,
    0xf8, 0xa2, 0x60, 0xff, 0xf8, 0xa2, 0x60, 0xff, 0xf8, 0xa2, 0x60, 0xff, 0xf8, 0xa2, 0x60, 0xff,
    0xf8, 0xa2, 0x60, 0xff, 0xf8, 0xa2, 0x60, 0xff, 0xf8, 0xa2, 0x60, 0xff, 0xf8, 0xa2, 0x60, 0xff,
    0xf8, 0xa2, 0x60, 0xff, 0xf8, 0xa2, 0x60, 0xff, 0xf8, 0xa2, 0x60, 0xff, 0xf8, 0xa2, 0x60, 0xff,
    0xf8, 0xa2, 0x60, 0xff, 0xf8, 0xa2, 0x60, 0xff, 0xf8, 0xa2, 0x60, 0xff, 0xf8, 0xa2, 0x60, 0xff,
    0xf8, 0xa2, 0x60, 0xff, 0xf8, 0xa2, 0x60, 0xff, 0xf8, 0xa2, 0x60, 0xff, 0xf8, 0xa2, 0x60, 0xff,
    0xf8, 0xa2, 0x60, 0xff, 0xf8, 0xa2, 0x60, 0xff, 0xf8, 0xa2, 0x60, 0xff, 0xf8, 0xa2, 0x60, 0xff,
    0xf8, 0xa2, 0x60, 0xff, 0xf8, 0xa2, 0x60, 0xff, 0xf8, 0xa2, 0x60, 0xff, 0xf8, 0xa2, 0x60, 0xff,
    0xf8, 0xa2, 0x60, 0xff, 0xf8, 0xa2, 0x60, 0xff, 0xf8, 0xa2, 0x60, 0xff, 0xf8, 0xa2, 0x60, 0xff,
    0xf8, 0xa2, 0x60, 0xff, 0xf8, 0xa2, 0x60, 0xff, 0xf7, 0xa2, 0x60, 0xfe, 0xf7, 0xa1, 0x60, 0xfe,
    0xf7, 0xa2, 0x5f, 0xfd, 0xf7, 0xa2, 0x5f, 0xfd, 0xf7, 0xa1, 0x60, 0xfc, 0xf8, 0xa2, 0x60, 0xfb,
    0xf8, 0xa2, 0x60, 0xff, 0xff, 0xa6, 0x62, 0xff, 0xff, 0xae, 0x67, 0xff, 0xff, 0xaf, 0x67, 0xff,
    0xf7, 0xa2, 0x5f, 0xf0, 0xf7, 0xa2, 0x60, 0xc9, 0xf8, 0xa2, 0x60, 0x97, 0xf4, 0xa2, 0x5f, 0x48,
    0x00, 0x00, 0x00, 0x00, 0x00, 0x00, 0x00, 0x00, 0xff, 0xaa, 0x55, 0x03, 0xff, 0x99, 0x66, 0x05,
    0xff, 0xff, 0x00, 0x01, 0x00, 0x00, 0x00, 0x00, 0x00, 0x00, 0x00, 0x00, 0x00, 0x00, 0x00, 0x00,
    0x00, 0x00, 0x00, 0x00, 0x00, 0x00, 0x00, 0x00, 0x00, 0x00, 0x00, 0x00, 0x00, 0x00, 0x00, 0x00,
    0x00, 0x00, 0x00, 0x00, 0x00, 0x00, 0x00, 0x00, 0x00, 0x00, 0x00, 0x00, 0x00, 0x00, 0x00, 0x00,
    0x00, 0x00, 0x00, 0x00, 0x00, 0x00, 0x00, 0x00, 0x00, 0x00, 0x00, 0x00, 0x00, 0x00, 0x00, 0x00,
    0x00, 0x00, 0x00, 0x00, 0x00, 0x00, 0x00, 0x00, 0x00, 0x00, 0x00, 0x00, 0x00, 0x00, 0x00, 0x00,
    0x00, 0x00, 0x00, 0x00, 0x00, 0x00, 0x00, 0x00, 0x00, 0x00, 0x00, 0x00, 0x00, 0x00, 0x00, 0x00,
    0x00, 0x00, 0x00, 0x00, 0x00, 0x00, 0x00, 0x00, 0x00, 0x00, 0x00, 0x00, 0x00, 0x00, 0x00, 0x00,
    0x00, 0x00, 0x00, 0x00, 0x00, 0x00, 0x00, 0x00, 0x00, 0x00, 0x00, 0x00, 0x00, 0x00, 0x00, 0x00,
    0x00, 0x00, 0x00, 0x00, 0x00, 0x00, 0x00, 0x00, 0x00, 0x00, 0x00, 0x00, 0x00, 0x00, 0x00, 0x00,
    0x00, 0x00, 0x00, 0x00, 0x00, 0x00, 0x00, 0x00, 0xff, 0xaa, 0x55, 0x03, 0xff, 0xff, 0xff, 0x01,
    0x00, 0x00, 0x00, 0x00, 0xaa, 0xaa, 0x55, 0x03, 0xf8, 0xa1, 0x60, 0x4a, 0xf7, 0xa0, 0x60, 0x8a,
    0xf7, 0xa3, 0x60, 0xd1, 0xff, 0xac, 0x66, 0xff, 0xff, 0xad, 0x66, 0xff, 0xfd, 0xa5, 0x62, 0xff,
    0xf7, 0xa2, 0x5f, 0xfa, 0xf6, 0xa1, 0x5f, 0xfb, 0xf8, 0xa1, 0x60, 0xfc, 0xf7, 0xa1, 0x60, 0xfe,
    0xf8, 0xa2, 0x60, 0xff, 0xf8, 0xa2, 0x60, 0xff, 0xf8, 0xa2, 0x60, 0xff, 0xf8, 0xa2, 0x60, 0xff,
    0xf8, 0xa2, 0x60, 0xff, 0xf8, 0xa2, 0x60, 0xff, 0xf8, 0xa2, 0x60, 0xff, 0xf8, 0xa2, 0x60, 0xff,
    0xf8, 0xa2, 0x60, 0xff, 0xf8, 0xa2, 0x60, 0xff, 0xf8, 0xa2, 0x60, 0xff, 0xf8, 0xa2, 0x60, 0xff,
    0xf8, 0xa2, 0x60, 0xff, 0xf8, 0xa2, 0x60, 0xff, 0xf8, 0xa2, 0x60, 0xff, 0xf8, 0xa2, 0x60, 0xff,
    0xf8, 0xa2, 0x60, 0xff, 0xf8, 0xa2, 0x60, 0xff, 0xf8, 0xa2, 0x60, 0xff, 0xf8, 0xa2, 0x60, 0xff,
    0xf8, 0xa2, 0x60, 0xff, 0xf8, 0xa2, 0x60, 0xff, 0xf8, 0xa2, 0x60, 0xff, 0xf8, 0xa2, 0x60, 0xff,
    0xf8, 0xa2, 0x60, 0xff, 0xf8, 0xa2, 0x60, 0xff, 0xf8, 0xa2, 0x60, 0xff, 0xf8, 0xa2, 0x60, 0xff,
    0xf8, 0xa2, 0x60, 0xff, 0xf8, 0xa2, 0x60, 0xff, 0xf8, 0xa2, 0x60, 0xff, 0xf8, 0xa2, 0x60, 0xff,
    0xf8, 0xa2, 0x60, 0xff, 0xf8, 0xa2, 0x60, 0xff, 0xf8, 0xa2, 0x60, 0xff, 0xf8, 0xa2, 0x60, 0xff,
    0xf8, 0xa2, 0x60, 0xff, 0xf8, 0xa2, 0x60, 0xff, 0xf8, 0xa2, 0x60, 0xff, 0xf8, 0xa2, 0x60, 0xff,
    0xf8, 0xa2, 0x60, 0xff, 0xf8, 0xa2, 0x60, 0xff, 0xf8, 0xa2, 0x60, 0xff, 0xf8, 0xa2, 0x60, 0xff,
    0xf8, 0xa2, 0x60, 0xff, 0xf8, 0xa2, 0x60, 0xff, 0xf8, 0xa2, 0x60, 0xff, 0xf8, 0xa2, 0x60, 0xff,
    0xf8, 0xa2, 0x60, 0xff, 0xf8, 0xa2, 0x60, 0xff, 0xf8, 0xa2, 0x60, 0xff, 0xf8, 0xa2, 0x60, 0xff,
    0xf8, 0xa2, 0x60, 0xff, 0xf8, 0xa2, 0x60, 0xff, 0xf8, 0xa2, 0x60, 0xff, 0xf8, 0xa2, 0x60, 0xff,
    0xf8, 0xa2, 0x60, 0xff, 0xf8, 0xa2, 0x60, 0xff, 0xf8, 0xa2, 0x60, 0xff, 0xf8, 0xa2, 0x60, 0xff,
    0xf8, 0xa2, 0x60, 0xff, 0xf8, 0xa2, 0x60, 0xff, 0xf7, 0xa1, 0x60, 0xfe, 0xf8, 0xa1, 0x60, 0xfc,
    0xf6, 0xa1, 0x5f, 0xfb, 0xf7, 0xa2, 0x5f, 0xfa, 0xfd, 0xa5, 0x62, 0xff, 0xff, 0xad, 0x66, 0xff,
    0xff, 0xac, 0x66, 0xff, 0xf7, 0xa3, 0x60, 0xd1, 0xf7, 0xa0, 0x60, 0x8a, 0xf8, 0xa1, 0x60, 0x4a,
    0xaa, 0xaa, 0x55, 0x03, 0x00, 0x00, 0x00, 0x00, 0xff, 0xff, 0xff, 0x01, 0xff, 0xaa, 0x55, 0x03,
    0x00, 0x00, 0x00, 0x00, 0x00, 0x00, 0x00, 0x00, 0x00, 0x00, 0x00, 0x00, 0x00, 0x00, 0x00, 0x00,
    0x00, 0x00, 0x00, 0x00, 0x00, 0x00, 0x00, 0x00, 0x00, 0x00, 0x00, 0x00, 0x00, 0x00, 0x00, 0x00,
    0x00, 0x00, 0x00, 0x00, 0x00, 0x00, 0x00, 0x00, 0x00, 0x00, 0x00, 0x00, 0x00, 0x00, 0x00, 0x00,
    0x00, 0x00, 0x00, 0x00, 0x00, 0x00, 0x00, 0x00, 0x00, 0x00, 0x00, 0x00, 0x00, 0x00, 0x00, 0x00,
    0x00, 0x00, 0x00, 0x00, 0x00, 0x00, 0x00, 0x00, 0x00, 0x00, 0x00, 0x00, 0x00, 0x00, 0x00, 0x00,
    0x00, 0x00, 0x00, 0x00, 0x00, 0x00, 0x00, 0x00, 0x00, 0x00, 0x00, 0x00, 0x00, 0x00, 0x00, 0x00,
    0x00, 0x00, 0x00, 0x00, 0x00, 0x00, 0x00, 0x00, 0x00, 0x00, 0x00, 0x00, 0x00, 0x00, 0x00, 0x00,
    0x00, 0x00, 0x00, 0x00, 0x00, 0x00, 0x00, 0x00, 0x00, 0x00, 0x00, 0x00, 0x00, 0x00, 0x00, 0x00,
    0x00, 0x00, 0x00, 0x00, 0x00, 0x00, 0x00, 0x00, 0xff, 0xff, 0x00, 0x01, 0xff, 0xaa, 0x55, 0x03,
    0x00, 0x00, 0x00, 0x00, 0x00, 0x00, 0x00, 0x00, 0xf1, 0x9f, 0x5f, 0x38, 0xf6, 0xa1, 0x61, 0x7e,
    0xf9, 0xa1, 0x60, 0xdb, 0xff, 0xaf, 0x67, 0xff, 0xff, 0xa8, 0x64, 0xff, 0xf7, 0xa2, 0x5f, 0xfa,
    0xf7, 0xa2, 0x5f, 0xfa, 0xf8, 0xa1, 0x60, 0xfc, 0xf8, 0xa2, 0x60, 0xff, 0xf8, 0xa2, 0x60, 0xff,
    0xf8, 0xa2, 0x60, 0xff, 0xf8, 0xa2, 0x60, 0xff, 0xf8, 0xa2, 0x60, 0xff, 0xf8, 0xa2, 0x60, 0xff,
    0xf8, 0xa2, 0x60, 0xff, 0xf8, 0xa2, 0x60, 0xff, 0xf8, 0xa2, 0x60, 0xff, 0xf8, 0xa2, 0x60, 0xff,
    0xf8, 0xa2, 0x60, 0xff, 0xf8, 0xa2, 0x60, 0xff, 0xf8, 0xa2, 0x60, 0xff, 0xf8, 0xa2, 0x60, 0xff,
    0xf8, 0xa2, 0x60, 0xff, 0xf8, 0xa2, 0x60, 0xff, 0xf8, 0xa2, 0x60, 0xff, 0xf8, 0xa2, 0x60, 0xff,
    0xf8, 0xa2, 0x60, 0xff, 0xf8, 0xa2, 0x60, 0xff, 0xf8, 0xa2, 0x60, 0xff, 0xf8, 0xa2, 0x60, 0xff,
    0xf8, 0xa2, 0x60, 0xff, 0xf8, 0xa2, 0x60, 0xff, 0xf8, 0xa2, 0x60, 0xff, 0xf8, 0xa2, 0x60, 0xff,
    0xf8, 0xa2, 0x60, 0xff, 0xf8, 0xa2, 0x60, 0xff, 0xf8, 0xa2, 0x60, 0xff, 0xf8, 0xa2, 0x60, 0xff,
    0xf8, 0xa2, 0x60, 0xff, 0xf8, 0xa2, 0x60, 0xff, 0xf8, 0xa2, 0x60, 0xff, 0xf8, 0xa2, 0x60, 0xff,
    0xf8, 0xa2, 0x60, 0xff, 0xf8, 0xa2, 0x60, 0xff, 0xf8, 0xa2, 0x60, 0xff, 0xf8, 0xa2, 0x60, 0xff,
    0xf8, 0xa2, 0x60, 0xff, 0xf8, 0xa2, 0x60, 0xff, 0xf8, 0xa2, 0x60, 0xff, 0xf8, 0xa2, 0x60, 0xff,
    0xf8, 0xa2, 0x60, 0xff, 0xf8, 0xa2, 0x60, 0xff, 0xf8, 0xa2, 0x60, 0xff, 0xf8, 0xa2, 0x60, 0xff,
    0xf8, 0xa2, 0x60, 0xff, 0xf8, 0xa2, 0x60, 0xff, 0xf8, 0xa2, 0x60, 0xff, 0xf8, 0xa2, 0x60, 0xff,
    0xf8, 0xa2, 0x60, 0xff, 0xf8, 0xa2, 0x60, 0xff, 0xf8, 0xa2, 0x60, 0xff, 0xf8, 0xa2, 0x60, 0xff,
    0xf8, 0xa2, 0x60, 0xff, 0xf8, 0xa2, 0x60, 0xff, 0xf8, 0xa2, 0x60, 0xff, 0xf8, 0xa2, 0x60, 0xff,
    0xf8, 0xa2, 0x60, 0xff, 0xf8, 0xa2, 0x60, 0xff, 0xf8, 0xa2, 0x60, 0xff, 0xf8, 0xa2, 0x60, 0xff,
    0xf8, 0xa2, 0x60, 0xff, 0xf8, 0xa2, 0x60, 0xff, 0xf8, 0xa2, 0x60, 0xff, 0xf8, 0xa2, 0x60, 0xff,
    0xf8, 0xa2, 0x60, 0xff, 0xf8, 0xa2, 0x60, 0xff, 0xf8, 0xa2, 0x60, 0xff, 0xf8, 0xa2, 0x60, 0xff,
    0xf8, 0xa1, 0x60, 0xfc, 0xf7, 0xa2, 0x5f, 0xfa, 0xf7, 0xa2, 0x5f, 0xfa, 0xff, 0xa8, 0x64, 0xff,
    0xff, 0xaf, 0x67, 0xff, 0xf9, 0xa1, 0x60, 0xdb, 0xf6, 0xa1, 0x61, 0x7e, 0xf1, 0x9f, 0x5f, 0x38,
    0x00, 0x00, 0x00, 0x00, 0x00, 0x00, 0x00, 0x00, 0xff, 0xaa, 0x55, 0x03, 0xff, 0xff, 0x00, 0x01,
    0x00, 0x00, 0x00, 0x00, 0x00, 0x00, 0x00, 0x00, 0x00, 0x00, 0x00, 0x00, 0x00, 0x00, 0x00, 0x00,
    0x00, 0x00, 0x00, 0x00, 0x00, 0x00, 0x00, 0x00, 0x00, 0x00, 0x00, 0x00, 0x00, 0x00, 0x00, 0x00,
    0x00, 0x00, 0x00, 0x00, 0x00, 0x00, 0x00, 0x00, 0x00, 0x00, 0x00, 0x00, 0x00, 0x00, 0x00, 0x00,
    0x00, 0x00, 0x00, 0x00, 0x00, 0x00, 0x00, 0x00, 0x00, 0x00, 0x00, 0x00, 0x00, 0x00, 0x00, 0x00,
    0x00, 0x00, 0x00, 0x00, 0x00, 0x00, 0x00, 0x00, 0x00, 0x00, 0x00, 0x00, 0x00, 0x00, 0x00, 0x00,
    0x00, 0x00, 0x00, 0x00, 0x00, 0x00, 0x00, 0x00, 0x00, 0x00, 0x00, 0x00, 0x00, 0x00, 0x00, 0x00,
    0x00, 0x00, 0x00, 0x00, 0x00, 0x00, 0x00, 0x00, 0x00, 0x00, 0x00, 0x00, 0x00, 0x00, 0x00, 0x00,
    0x00, 0x00, 0x00, 0x00, 0x00, 0x00, 0x00, 0x00, 0x00, 0x00, 0x00, 0x00, 0xff, 0xff, 0x00, 0x01,
    0x00, 0x00, 0x00, 0x00, 0x00, 0x00, 0x00, 0x00, 0xff, 0x9f, 0x5f, 0x18, 0xf9, 0xa2, 0x61, 0x61,
    0xfa, 0xa4, 0x60, 0xd3, 0xff, 0xad, 0x66, 0xff, 0xfe, 0xa6, 0x62, 0xff, 0xf7, 0xa1, 0x5f, 0xf8,
    0xf8, 0xa2, 0x60, 0xfb, 0xf8, 0xa2, 0x60, 0xff, 0xf8, 0xa2, 0x60, 0xff, 0xf8, 0xa2, 0x60, 0xff,
    0xf8, 0xa2, 0x60, 0xff, 0xf8, 0xa2, 0x60, 0xff, 0xf8, 0xa2, 0x60, 0xff, 0xf8, 0xa2, 0x60, 0xff,
    0xf8, 0xa2, 0x60, 0xff, 0xf8, 0xa2, 0x60, 0xff, 0xf8, 0xa2, 0x60, 0xff, 0xf8, 0xa2, 0x60, 0xff,
    0xf8, 0xa2, 0x60, 0xff, 0xf8, 0xa2, 0x60, 0xff, 0xf8, 0xa2, 0x60, 0xff, 0xf8, 0xa2, 0x60, 0xff,
    0xf8, 0xa2, 0x60, 0xff, 0xf8, 0xa2, 0x60, 0xff, 0xf8, 0xa2, 0x60, 0xff, 0xf8, 0xa2, 0x60, 0xff,
    0xf8, 0xa2, 0x60, 0xff, 0xf8, 0xa2, 0x60, 0xff, 0xf8, 0xa2, 0x60, 0xff, 0xf8, 0xa2, 0x60, 0xff,
    0xf8, 0xa2, 0x60, 0xff, 0xf8, 0xa2, 0x60, 0xff, 0xf8, 0xa2, 0x60, 0xff, 0xf8, 0xa2, 0x60, 0xff,
    0xf8, 0xa2, 0x60, 0xff, 0xf8, 0xa2, 0x60, 0xff, 0xf8, 0xa2, 0x60, 0xff, 0xf8, 0xa2, 0x60, 0xff,
    0xf8, 0xa2, 0x60, 0xff, 0xf8, 0xa2, 0x60, 0xff, 0xf8, 0xa2, 0x60, 0xff, 0xf8, 0xa2, 0x60, 0xff,
    0xf8, 0xa2, 0x60, 0xff, 0xf8, 0xa2, 0x60, 0xff, 0xf8, 0xa2, 0x60, 0xff, 0xf8, 0xa2, 0x60, 0xff,
    0xf8, 0xa2, 0x60, 0xff, 0xf8, 0xa2, 0x60, 0xff, 0xf8, 0xa2, 0x60, 0xff, 0xf8, 0xa2, 0x60, 0xff,
    0xf8, 0xa2, 0x60, 0xff, 0xf8, 0xa2, 0x60, 0xff, 0xf8, 0xa2, 0x60, 0xff, 0xf8, 0xa2, 0x60, 0xff,
    0xf8, 0xa2, 0x60, 0xff, 0xf8, 0xa2, 0x60, 0xff, 0xf8, 0xa2, 0x60, 0xff, 0xf8, 0xa2, 0x60, 0xff,
    0xf8, 0xa2, 0x60, 0xff, 0xf8, 0xa2, 0x60, 0xff, 0xf8, 0xa2, 0x60, 0xff, 0xf8, 0xa2, 0x60, 0xff,
    0xf8, 0xa2, 0x60, 0xff, 0xf8, 0xa2, 0x60, 0xff, 0xf8, 0xa2, 0x60, 0xff, 0xf8, 0xa2, 0x60, 0xff,
    0xf8, 0xa2, 0x60, 0xff, 0xf8, 0xa2, 0x60, 0xff, 0xf8, 0xa2, 0x60, 0xff, 0xf8, 0xa2, 0x60, 0xff,
    0xf8, 0xa2, 0x60, 0xff, 0xf8, 0xa2, 0x60, 0xff, 0xf8, 0xa2, 0x60, 0xff, 0xf8, 0xa2, 0x60, 0xff,
    0xf8, 0xa2, 0x60, 0xff, 0xf8, 0xa2, 0x60, 0xff, 0xf8, 0xa2, 0x60, 0xff, 0xf8, 0xa2, 0x60, 0xff,
    0xf8, 0xa2, 0x60, 0xff, 0xf8, 0xa2, 0x60, 0xff, 0xf8, 0xa2, 0x60, 0xff, 0xf8, 0xa2, 0x60, 0xff,
    0xf8, 0xa2, 0x60, 0xff, 0xf8, 0xa2, 0x60, 0xfb, 0xf7, 0xa1, 0x5f, 0xf8, 0xfe, 0xa6, 0x62, 0xff,
    0xff, 0xad, 0x66, 0xff, 0xfa, 0xa4, 0x60, 0xd3, 0xf9, 0xa2, 0x61, 0x61, 0xff, 0x9f, 0x5f, 0x18,
    0x00, 0x00, 0x00, 0x00, 0x00, 0x00, 0x00, 0x00, 0xff, 0xff, 0x00, 0x01, 0x00, 0x00, 0x00, 0x00,
    0x00, 0x00, 0x00, 0x00, 0x00, 0x00, 0x00, 0x00, 0x00, 0x00, 0x00, 0x00, 0x00, 0x00, 0x00, 0x00,
    0x00, 0x00, 0x00, 0x00, 0x00, 0x00, 0x00, 0x00, 0x00, 0x00, 0x00, 0x00, 0x00, 0x00, 0x00, 0x00,
    0x00, 0x00, 0x00, 0x00, 0x00, 0x00, 0x00, 0x00, 0x00, 0x00, 0x00, 0x00, 0x00, 0x00, 0x00, 0x00,
    0x00, 0x00, 0x00, 0x00, 0x00, 0x00, 0x00, 0x00, 0x00, 0x00, 0x00, 0x00, 0x00, 0x00, 0x00, 0x00,
    0x00, 0x00, 0x00, 0x00, 0x00, 0x00, 0x00, 0x00, 0x00, 0x00, 0x00, 0x00, 0x00, 0x00, 0x00, 0x00,
    0x00, 0x00, 0x00, 0x00, 0x00, 0x00, 0x00, 0x00, 0x00, 0x00, 0x00, 0x00, 0x00, 0x00, 0x00, 0x00,
    0x00, 0x00, 0x00, 0x00, 0x00, 0x00, 0x00, 0x00, 0x00, 0x00, 0x00, 0x00, 0x00, 0x00, 0x00, 0x00,
    0x00, 0x00, 0x00, 0x00, 0x00, 0x00, 0x00, 0x00, 0xff, 0x7f, 0x7f, 0x02, 0xf6, 0xa1, 0x66, 0x1e,
    0xf8, 0xa1, 0x60, 0xa1, 0xff, 0xa6, 0x63, 0xff, 0xff, 0xa7, 0x63, 0xff, 0xf8, 0xa2, 0x5f, 0xf8,
    0xf7, 0xa2, 0x5f, 0xfd, 0xf8, 0xa2, 0x60, 0xff, 0xf8, 0xa2, 0x60, 0xff, 0xf8, 0xa2, 0x60, 0xff,
    0xf8, 0xa2, 0x60, 0xff, 0xf8, 0xa2, 0x60, 0xff, 0xf8, 0xa2, 0x60, 0xff, 0xf8, 0xa2, 0x60, 0xff,
    0xf8, 0xa2, 0x60, 0xff, 0xf8, 0xa2, 0x60, 0xff, 0xf8, 0xa2, 0x60, 0xff, 0xf8, 0xa2, 0x60, 0xff,
    0xf8, 0xa2, 0x60, 0xff, 0xf8, 0xa2, 0x60, 0xff, 0xf8, 0xa2, 0x60, 0xff, 0xf8, 0xa2, 0x60, 0xff,
    0xf8, 0xa2, 0x60, 0xff, 0xf8, 0xa2, 0x60, 0xff, 0xf8, 0xa2, 0x60, 0xff, 0xf8, 0xa2, 0x60, 0xff,
    0xf8, 0xa2, 0x60, 0xff, 0xf8, 0xa2, 0x60, 0xff, 0xf8, 0xa2, 0x60, 0xff, 0xf8, 0xa2, 0x60, 0xff,
    0xf8, 0xa2, 0x60, 0xff, 0xf8, 0xa2, 0x60, 0xff, 0xf8, 0xa2, 0x60, 0xff, 0xf8, 0xa2, 0x60, 0xff,
    0xf8, 0xa2, 0x60, 0xff, 0xf8, 0xa2, 0x60, 0xff, 0xf8, 0xa2, 0x60, 0xff, 0xf8, 0xa2, 0x60, 0xff,
    0xf8, 0xa2, 0x60, 0xff, 0xf8, 0xa2, 0x60, 0xff, 0xf8, 0xa2, 0x60, 0xff, 0xf8, 0xa2, 0x60, 0xff,
    0xf8, 0xa2, 0x60, 0xff, 0xf8, 0xa2, 0x60, 0xff, 0xf8, 0xa2, 0x60, 0xff, 0xf8, 0xa2, 0x60, 0xff,
    0xf8, 0xa2, 0x60, 0xff, 0xf8, 0xa2, 0x60, 0xff, 0xf8, 0xa2, 0x60, 0xff, 0xf8, 0xa2, 0x60, 0xff,
    0xf8, 0xa2, 0x60, 0xff, 0xf8, 0xa2, 0x60, 0xff, 0xf8, 0xa2, 0x60, 0xff, 0xf8, 0xa2, 0x60, 0xff,
    0xf8, 0xa2, 0x60, 0xff, 0xf8, 0xa2, 0x60, 0xff, 0xf8, 0xa2, 0x60, 0xff, 0xf8, 0xa2, 0x60, 0xff,
    0xf8, 0xa2, 0x60, 0xff, 0xf8, 0xa2, 0x60, 0xff, 0xf8, 0xa2, 0x60, 0xff, 0xf8, 0xa2, 0x60, 0xff,
    0xf8, 0xa2, 0x60, 0xff, 0xf8, 0xa2, 0x60, 0xff, 0xf8, 0xa2, 0x60, 0xff, 0xf8, 0xa2, 0x60, 0xff,
    0xf8, 0xa2, 0x60, 0xff, 0xf8, 0xa2, 0x60, 0xff, 0xf8, 0xa2, 0x60, 0xff, 0xf8, 0xa2, 0x60, 0xff,
    0xf8, 0xa2, 0x60, 0xff, 0xf8, 0xa2, 0x60, 0xff, 0xf8, 0xa2, 0x60, 0xff, 0xf8, 0xa2, 0x60, 0xff,
    0xf8, 0xa2, 0x60, 0xff, 0xf8, 0xa2, 0x60, 0xff, 0xf8, 0xa2, 0x60, 0xff, 0xf8, 0xa2, 0x60, 0xff,
    0xf8, 0xa2, 0x60, 0xff, 0xf8, 0xa2, 0x60, 0xff, 0xf8, 0xa2, 0x60, 0xff, 0xf8, 0xa2, 0x60, 0xff,
    0xf8, 0xa2, 0x60, 0xff, 0xf8, 0xa2, 0x60, 0xff, 0xf8, 0xa2, 0x60, 0xff, 0xf8, 0xa2, 0x60, 0xff,
    0xf8, 0xa2, 0x60, 0xff, 0xf7, 0xa2, 0x5f, 0xfd, 0xf8, 0xa2, 0x5f, 0xf8, 0xff, 0xa7, 0x63, 0xff,
    0xff, 0xa6, 0x63, 0xff, 0xf8, 0xa1, 0x60, 0xa1, 0xf6, 0xa1, 0x66, 0x1e, 0xff, 0x7f, 0x7f, 0x02,
    0x00, 0x00, 0x00, 0x00, 0x00, 0x00, 0x00, 0x00, 0x00, 0x00, 0x00, 0x00, 0x00, 0x00, 0x00, 0x00,
    0x00, 0x00, 0x00, 0x00, 0x00, 0x00, 0x00, 0x00, 0x00, 0x00, 0x00, 0x00, 0x00, 0x00, 0x00, 0x00,
    0x00, 0x00, 0x00, 0x00, 0x00, 0x00, 0x00, 0x00, 0x00, 0x00, 0x00, 0x00, 0x00, 0x00, 0x00, 0x00,
    0x00, 0x00, 0x00, 0x00, 0x00, 0x00, 0x00, 0x00, 0x00, 0x00, 0x00, 0x00, 0x00, 0x00, 0x00, 0x00,
    0x00, 0x00, 0x00, 0x00, 0x00, 0x00, 0x00, 0x00, 0x00, 0x00, 0x00, 0x00, 0x00, 0x00, 0x00, 0x00,
    0x00, 0x00, 0x00, 0x00, 0x00, 0x00, 0x00, 0x00, 0x00, 0x00, 0x00, 0x00, 0x00, 0x00, 0x00, 0x00,
    0x00, 0x00, 0x00, 0x00, 0x00, 0x00, 0x00, 0x00, 0x00, 0x00, 0x00, 0x00, 0x00, 0x00, 0x00, 0x00,
    0x00, 0x00, 0x00, 0x00, 0xff, 0xff, 0x00, 0x01, 0x00, 0x00, 0x00, 0x00, 0xff, 0xbf, 0x3f, 0x04,
    0xf8, 0x9f, 0x5c, 0x50, 0xf8, 0xa1, 0x5f, 0xde, 0xfa, 0xa4, 0x61, 0xff, 0xf8, 0xa3, 0x60, 0xfd,
    0xf7, 0xa1, 0x60, 0xfe, 0xf8, 0xa2, 0x60, 0xff, 0xf8, 0xa2, 0x60, 0xff, 0xf8, 0xa2, 0x60, 0xff,
    0xf8, 0xa2, 0x60, 0xff, 0xf8, 0xa2, 0x60, 0xff, 0xf8, 0xa2, 0x60, 0xff, 0xf8, 0xa2, 0x60, 0xff,
    0xf8, 0xa2, 0x60, 0xff, 0xf8, 0xa2, 0x60, 0xff, 0xf8, 0xa2, 0x60, 0xff, 0xf8, 0xa2, 0x60, 0xff,
    0xf8, 0xa2, 0x60, 0xff, 0xf8, 0xa2, 0x60, 0xff, 0xf8, 0xa2, 0x60, 0xff, 0xf8, 0xa2, 0x60, 0xff,
    0xf8, 0xa2, 0x60, 0xff, 0xf8, 0xa2, 0x60, 0xff, 0xf8, 0xa2, 0x60, 0xff, 0xf8, 0xa2, 0x60, 0xff,
    0xf8, 0xa2, 0x60, 0xff, 0xf8, 0xa2, 0x60, 0xff, 0xf8, 0xa2, 0x60, 0xff, 0xf8, 0xa2, 0x60, 0xff,
    0xf8, 0xa2, 0x60, 0xff, 0xf8, 0xa2, 0x60, 0xff, 0xf8, 0xa2, 0x60, 0xff, 0xf8, 0xa2, 0x60, 0xff,
    0xf8, 0xa2, 0x60, 0xff, 0xf8, 0xa2, 0x60, 0xff, 0xf8, 0xa2, 0x60, 0xff, 0xf8, 0xa2, 0x60, 0xff,
    0xf8, 0xa2, 0x60, 0xff, 0xf8, 0xa2, 0x60, 0xff, 0xf8, 0xa2, 0x60, 0xff, 0xf8, 0xa2, 0x60, 0xff,
    0xf8, 0xa2, 0x60, 0xff, 0xf8, 0xa2, 0x60, 0xff, 0xf8, 0xa2, 0x60, 0xff, 0xf8, 0xa2, 0x60, 0xff,
    0xf8, 0xa2, 0x60, 0xff, 0xf8, 0xa2, 0x60, 0xff, 0xf8, 0xa2, 0x60, 0xff, 0xf8, 0xa2, 0x60, 0xff,
    0xf8, 0xa2, 0x60, 0xff, 0xf8, 0xa2, 0x60, 0xff, 0xf8, 0xa2, 0x60, 0xff, 0xf8, 0xa2, 0x60, 0xff,
    0xf8, 0xa2, 0x60, 0xff, 0xf8, 0xa2, 0x60, 0xff, 0xf8, 0xa2, 0x60, 0xff, 0xf8, 0xa2, 0x60, 0xff,
    0xf8, 0xa2, 0x60, 0xff, 0xf8, 0xa2, 0x60, 0xff, 0xf8, 0xa2, 0x60, 0xff, 0xf8, 0xa2, 0x60, 0xff,
    0xf8, 0xa2, 0x60, 0xff, 0xf8, 0xa2, 0x60, 0xff, 0xf8, 0xa2, 0x60, 0xff, 0xf8, 0xa2, 0x60, 0xff,
    0xf8, 0xa2, 0x60, 0xff, 0xf8, 0xa2, 0x60, 0xff, 0xf8, 0xa2, 0x60, 0xff, 0xf8, 0xa2, 0x60, 0xff,
    0xf8, 0xa2, 0x60, 0xff, 0xf8, 0xa2, 0x60, 0xff, 0xf8, 0xa2, 0x60, 0xff, 0xf8, 0xa2, 0x60, 0xff,
    0xf8, 0xa2, 0x60, 0xff, 0xf8, 0xa2, 0x60, 0xff, 0xf8, 0xa2, 0x60, 0xff, 0xf8, 0xa2, 0x60, 0xff,
    0xf8, 0xa2, 0x60, 0xff, 0xf8, 0xa2, 0x60, 0xff, 0xf8, 0xa2, 0x60, 0xff, 0xf8, 0xa2, 0x60, 0xff,
    0xf8, 0xa2, 0x60, 0xff, 0xf8, 0xa2, 0x60, 0xff, 0xf8, 0xa2, 0x60, 0xff, 0xf8, 0xa2, 0x60, 0xff,
    0xf8, 0xa2, 0x60, 0xff, 0xf8, 0xa2, 0x60, 0xff, 0xf8, 0xa2, 0x60, 0xff, 0xf8, 0xa2, 0x60, 0xff,
    0xf8, 0xa2, 0x60, 0xff, 0xf7, 0xa1, 0x60, 0xfe, 0xf8, 0xa3, 0x60, 0xfd, 0xfa, 0xa4, 0x61, 0xff,
    0xf8, 0xa1, 0x5f, 0xde, 0xf8, 0x9f, 0x5c, 0x50, 0xff, 0xbf, 0x3f, 0x04, 0x00, 0x00, 0x00, 0x00,
    0xff, 0xff, 0x00, 0x01, 0x00, 0x00, 0x00, 0x00, 0x00, 0x00, 0x00, 0x00, 0x00, 0x00, 0x00, 0x00,
    0x00, 0x00, 0x00, 0x00, 0x00, 0x00, 0x00, 0x00, 0x00, 0x00, 0x00, 0x00, 0x00, 0x00, 0x00, 0x00,
    0x00, 0x00, 0x00, 0x00, 0x00, 0x00, 0x00, 0x00, 0x00, 0x00, 0x00, 0x00, 0x00, 0x00, 0x00, 0x00,
    0x00, 0x00, 0x00, 0x00, 0x00, 0x00, 0x00, 0x00, 0x00, 0x00, 0x00, 0x00, 0x00, 0x00, 0x00, 0x00,
    0x00, 0x00, 0x00, 0x00, 0x00, 0x00, 0x00, 0x00, 0x00, 0x00, 0x00, 0x00, 0x00, 0x00, 0x00, 0x00,
    0x00, 0x00, 0x00, 0x00, 0x00, 0x00, 0x00, 0x00, 0x00, 0x00, 0x00, 0x00, 0x00, 0x00, 0x00, 0x00,
    0x00, 0x00, 0x00, 0x00, 0x00, 0x00, 0x00, 0x00, 0xff, 0xff, 0x7f, 0x02, 0xff, 0x00, 0x00, 0x01,
    0xe7, 0x8b, 0x45, 0x0b, 0xf8, 0xa1, 0x5d, 0x75, 0xf6, 0xa1, 0x60, 0xf7, 0xf8, 0xa2, 0x60, 0xff,
    0xf9, 0xa3, 0x61, 0xff, 0xf8, 0xa2, 0x60, 0xff, 0xf8, 0xa2, 0x60, 0xff, 0xf8, 0xa2, 0x60, 0xff,
    0xf8, 0xa2, 0x60, 0xff, 0xf8, 0xa2, 0x60, 0xff, 0xf8, 0xa2, 0x60, 0xff, 0xf8, 0xa2, 0x60, 0xff,
    0xf8, 0xa2, 0x60, 0xff, 0xf8, 0xa2, 0x60, 0xff, 0xf8, 0xa2, 0x60, 0xff, 0xf8, 0xa2, 0x60, 0xff,
    0xf8, 0xa2, 0x60, 0xff, 0xf8, 0xa2, 0x60, 0xff, 0xf8, 0xa2, 0x60, 0xff, 0xf8, 0xa2, 0x60, 0xff,
    0xf8, 0xa2, 0x60, 0xff, 0xf8, 0xa2, 0x60, 0xff, 0xf8, 0xa2, 0x60, 0xff, 0xf8, 0xa2, 0x60, 0xff,
    0xf8, 0xa2, 0x60, 0xff, 0xf8, 0xa2, 0x60, 0xff, 0xf8, 0xa2, 0x60, 0xff, 0xf8, 0xa2, 0x60, 0xff,
    0xf8, 0xa2, 0x60, 0xff, 0xf8, 0xa2, 0x60, 0xff, 0xf8, 0xa2, 0x60, 0xff, 0xf8, 0xa2, 0x60, 0xff,
    0xf8, 0xa2, 0x60, 0xff, 0xf8, 0xa2, 0x60, 0xff, 0xf8, 0xa2, 0x60, 0xff, 0xf8, 0xa2, 0x60, 0xff,
    0xf8, 0xa2, 0x60, 0xff, 0xf8, 0xa2, 0x60, 0xff, 0xf8, 0xa2, 0x60, 0xff, 0xf8, 0xa2, 0x60, 0xff,
    0xf8, 0xa2, 0x60, 0xff, 0xf8, 0xa2, 0x60, 0xff, 0xf8, 0xa2, 0x60, 0xff, 0xf8, 0xa2, 0x60, 0xff,
    0xf8, 0xa2, 0x60, 0xff, 0xf8, 0xa2, 0x60, 0xff, 0xf8, 0xa2, 0x60, 0xff, 0xf8, 0xa2, 0x60, 0xff,
    0xf8, 0xa2, 0x60, 0xff, 0xf8, 0xa2, 0x60, 0xff, 0xf8, 0xa2, 0x60, 0xff, 0xf8, 0xa2, 0x60, 0xff,
    0xf8, 0xa2, 0x60, 0xff, 0xf8, 0xa2, 0x60, 0xff, 0xf8, 0xa2, 0x60, 0xff, 0xf8, 0xa2, 0x60, 0xff,
    0xf8, 0xa2, 0x60, 0xff, 0xf8, 0xa2, 0x60, 0xff, 0xf8, 0xa2, 0x60, 0xff, 0xf8, 0xa2, 0x60, 0xff,
    0xf8, 0xa2, 0x60, 0xff, 0xf8, 0xa2, 0x60, 0xff, 0xf8, 0xa2, 0x60, 0xff, 0xf8, 0xa2, 0x60, 0xff,
    0xf8, 0xa2, 0x60, 0xff, 0xf8, 0xa2, 0x60, 0xff, 0xf8, 0xa2, 0x60, 0xff, 0xf8, 0xa2, 0x60, 0xff,
    0xf8, 0xa2, 0x60, 0xff, 0xf8, 0xa2, 0x60, 0xff, 0xf8, 0xa2, 0x60, 0xff, 0xf8, 0xa2, 0x60, 0xff,
    0xf8, 0xa2, 0x60, 0xff, 0xf8, 0xa2, 0x60, 0xff, 0xf8, 0xa2, 0x60, 0xff, 0xf8, 0xa2, 0x60, 0xff,
    0xf8, 0xa2, 0x60, 0xff, 0xf8, 0xa2, 0x60, 0xff, 0xf8, 0xa2, 0x60, 0xff, 0xf8, 0xa2, 0x60, 0xff,
    0xf8, 0xa2, 0x60, 0xff, 0xf8, 0xa2, 0x60, 0xff, 0xf8, 0xa2, 0x60, 0xff, 0xf8, 0xa2, 0x60, 0xff,
    0xf8, 0xa2, 0x60, 0xff, 0xf8, 0xa2, 0x60, 0xff, 0xf8, 0xa2, 0x60, 0xff, 0xf8, 0xa2, 0x60, 0xff,
    0xf8, 0xa2, 0x60, 0xff, 0xf8, 0xa2, 0x60, 0xff, 0xf8, 0xa2, 0x60, 0xff, 0xf8, 0xa2, 0x60, 0xff,
    0xf8, 0xa2, 0x60, 0xff, 0xf9, 0xa3, 0x61, 0xff, 0xf8, 0xa2, 0x60, 0xff, 0xf6, 0xa1, 0x60, 0xf7,
    0xf8, 0xa1, 0x5d, 0x75, 0xe7, 0x8b, 0x45, 0x0b, 0xff, 0x00, 0x00, 0x01, 0xff, 0xff, 0x7f, 0x02,
    0x00, 0x00, 0x00, 0x00, 0x00, 0x00, 0x00, 0x00, 0x00, 0x00, 0x00, 0x00, 0x00, 0x00, 0x00, 0x00,
    0x00, 0x00, 0x00, 0x00, 0x00, 0x00, 0x00, 0x00, 0x00, 0x00, 0x00, 0x00, 0x00, 0x00, 0x00, 0x00,
    0x00, 0x00, 0x00, 0x00, 0x00, 0x00, 0x00, 0x00, 0x00, 0x00, 0x00, 0x00, 0x00, 0x00, 0x00, 0x00,
    0x00, 0x00, 0x00, 0x00, 0x00, 0x00, 0x00, 0x00, 0x00, 0x00, 0x00, 0x00, 0x00, 0x00, 0x00, 0x00,
    0x00, 0x00, 0x00, 0x00, 0x00, 0x00, 0x00, 0x00, 0x00, 0x00, 0x00, 0x00, 0x00, 0x00, 0x00, 0x00,
    0x00, 0x00, 0x00, 0x00, 0x00, 0x00, 0x00, 0x00, 0x00, 0x00, 0x00, 0x00, 0xff, 0xbf, 0x3f, 0x04,
    0xff, 0xff, 0x00, 0x01, 0xff, 0xaa, 0x66, 0x0f, 0xf7, 0x9f, 0x5d, 0x8b, 0xff, 0xaa, 0x65, 0xf4,
    0xfa, 0xa3, 0x62, 0xff, 0xf9, 0xa2, 0x60, 0xff, 0xf8, 0xa2, 0x60, 0xff, 0xf8, 0xa2, 0x60, 0xff,
    0xf8, 0xa2, 0x60, 0xff, 0xf8, 0xa2, 0x60, 0xff, 0xf8, 0xa2, 0x60, 0xff, 0xf8, 0xa2, 0x60, 0xff,
    0xf8, 0xa2, 0x60, 0xff, 0xf8, 0xa2, 0x60, 0xff, 0xf8, 0xa2, 0x60, 0xff, 0xf8, 0xa2, 0x60, 0xff,
    0xf8, 0xa2, 0x60, 0xff, 0xf8, 0xa2, 0x60, 0xff, 0xf8, 0xa2, 0x60, 0xff, 0xf8, 0xa2, 0x60, 0xff,
    0xf8, 0xa2, 0x60, 0xff, 0xf8, 0xa2, 0x60, 0xff, 0xf8, 0xa2, 0x60, 0xff, 0xf8, 0xa2, 0x60, 0xff,
    0xf8, 0xa2, 0x60, 0xff, 0xf8, 0xa2, 0x60, 0xff, 0xf8, 0xa2, 0x60, 0xff, 0xf8, 0xa2, 0x60, 0xff,
    0xf8, 0xa2, 0x60, 0xff, 0xf8, 0xa2, 0x60, 0xff, 0xf8, 0xa2, 0x60, 0xff, 0xf8, 0xa2, 0x60, 0xff,
    0xf8, 0xa2, 0x60, 0xff, 0xf8, 0xa2, 0x60, 0xff, 0xf8, 0xa2, 0x60, 0xff, 0xf8, 0xa2, 0x60, 0xff,
    0xf8, 0xa2, 0x60, 0xff, 0xf8, 0xa2, 0x60, 0xff, 0xf8, 0xa2, 0x60, 0xff, 0xf8, 0xa2, 0x60, 0xff,
    0xf8, 0xa2, 0x60, 0xff, 0xf8, 0xa2, 0x60, 0xff, 0xf8, 0xa2, 0x60, 0xff, 0xf8, 0xa2, 0x60, 0xff,
    0xf8, 0xa2, 0x60, 0xff, 0xf8, 0xa2, 0x60, 0xff, 0xf8, 0xa2, 0x60, 0xff, 0xf8, 0xa2, 0x60, 0xff,
    0xf8, 0xa2, 0x60, 0xff, 0xf8, 0xa2, 0x60, 0xff, 0xf8, 0xa2, 0x60, 0xff, 0xf8, 0xa2, 0x60, 0xff,
    0xf8, 0xa2, 0x60, 0xff, 0xf8, 0xa2, 0x60, 0xff, 0xf8, 0xa2, 0x60, 0xff, 0xf8, 0xa2, 0x60, 0xff,
    0xf8, 0xa2, 0x60, 0xff, 0xf8, 0xa2, 0x60, 0xff, 0xf8, 0xa2, 0x60, 0xff, 0xf8, 0xa2, 0x60, 0xff,
    0xf8, 0xa2, 0x60, 0xff, 0xf8, 0xa2, 0x60, 0xff, 0xf8, 0xa2, 0x60, 0xff, 0xf8, 0xa2, 0x60, 0xff,
    0xf8, 0xa2, 0x60, 0xff, 0xf8, 0xa2, 0x60, 0xff, 0xf8, 0xa2, 0x60, 0xff, 0xf8, 0xa2, 0x60, 0xff,
    0xf8, 0xa2, 0x60, 0xff, 0xf8, 0xa2, 0x60, 0xff, 0xf8, 0xa2, 0x60, 0xff, 0xf8, 0xa2, 0x60, 0xff,
    0xf8, 0xa2, 0x60, 0xff, 0xf8, 0xa2, 0x60, 0xff, 0xf8, 0xa2, 0x60, 0xff, 0xf8, 0xa2, 0x60, 0xff,
    0xf8, 0xa2, 0x60, 0xff, 0xf8, 0xa2, 0x60, 0xff, 0xf8, 0xa2, 0x60, 0xff, 0xf8, 0xa2, 0x60, 0xff,
    0xf8, 0xa2, 0x60, 0xff, 0xf8, 0xa2, 0x60, 0xff, 0xf8, 0xa2, 0x60, 0xff, 0xf8, 0xa2, 0x60, 0xff,
    0xf8, 0xa2, 0x60, 0xff, 0xf8, 0xa2, 0x60, 0xff, 0xf8, 0xa2, 0x60, 0xff, 0xf8, 0xa2, 0x60, 0xff,
    0xf8, 0xa2, 0x60, 0xff, 0xf8, 0xa2, 0x60, 0xff, 0xf8, 0xa2, 0x60, 0xff, 0xf8, 0xa2, 0x60, 0xff,
    0xf8, 0xa2, 0x60, 0xff, 0xf8, 0xa2, 0x60, 0xff, 0xf8, 0xa2, 0x60, 0xff, 0xf8, 0xa2, 0x60, 0xff,
    0xf9, 0xa2, 0x60, 0xff, 0xfa, 0xa3, 0x62, 0xff, 0xff, 0xaa, 0x65, 0xf4, 0xf7, 0x9f, 0x5d, 0x8b,
    0xff, 0xaa, 0x66, 0x0f, 0xff, 0xff, 0x00, 0x01, 0xff, 0xbf, 0x3f, 0x04, 0x00, 0x00, 0x00, 0x00,
    0x00, 0x00, 0x00, 0x00, 0x00, 0x00, 0x00, 0x00, 0x00, 0x00, 0x00, 0x00, 0x00, 0x00, 0x00, 0x00,
    0x00, 0x00, 0x00, 0x00, 0x00, 0x00, 0x00, 0x00, 0x00, 0x00, 0x00, 0x00, 0x00, 0x00, 0x00, 0x00,
    0x00, 0x00, 0x00, 0x00, 0x00, 0x00, 0x00, 0x00, 0x00, 0x00, 0x00, 0x00, 0x00, 0x00, 0x00, 0x00,
    0x00, 0x00, 0x00, 0x00, 0x00, 0x00, 0x00, 0x00, 0x00, 0x00, 0x00, 0x00, 0x00, 0x00, 0x00, 0x00,
    0x00, 0x00, 0x00, 0x00, 0x00, 0x00, 0x00, 0x00, 0x00, 0x00, 0x00, 0x00, 0x00, 0x00, 0x00, 0x00,
    0xff, 0xbf, 0x7f, 0x04, 0x00, 0x00, 0x00, 0x00, 0xef, 0x9f, 0x5f, 0x10, 0xf6, 0x9e, 0x5e, 0x8f,
    0xff, 0xab, 0x65, 0xf4, 0xfd, 0xa7, 0x63, 0xff, 0xf7, 0xa1, 0x60, 0xfc, 0xf8, 0xa2, 0x60, 0xff,
    0xf8, 0xa2, 0x60, 0xff, 0xf8, 0xa2, 0x60, 0xff, 0xf8, 0xa2, 0x60, 0xff, 0xf8, 0xa2, 0x60, 0xff,
    0xf8, 0xa2, 0x60, 0xff, 0xf8, 0xa2, 0x60, 0xff, 0xf8, 0xa2, 0x60, 0xff, 0xf8, 0xa2, 0x60, 0xff,
    0xf8, 0xa2, 0x60, 0xff, 0xf8, 0xa2, 0x60, 0xff, 0xf8, 0xa2, 0x60, 0xff, 0xf8, 0xa2, 0x60, 0xff,
    0xf8, 0xa2, 0x60, 0xff, 0xf8, 0xa2, 0x60, 0xff, 0xf8, 0xa2, 0x60, 0xff, 0xf8, 0xa2, 0x60, 0xff,
    0xf8, 0xa2, 0x60, 0xff, 0xf8, 0xa2, 0x60, 0xff, 0xf8, 0xa2, 0x60, 0xff, 0xf8, 0xa2, 0x60, 0xff,
    0xf8, 0xa2, 0x60, 0xff, 0xf8, 0xa2, 0x60, 0xff, 0xf8, 0xa2, 0x60, 0xff, 0xf8, 0xa2, 0x60, 0xff,
    0xf8, 0xa2, 0x60, 0xff, 0xf8, 0xa2, 0x60, 0xff, 0xf8, 0xa2, 0x60, 0xff, 0xf8, 0xa2, 0x60, 0xff,
    0xf8, 0xa2, 0x60, 0xff, 0xf8, 0xa2, 0x60, 0xff, 0xf8, 0xa2, 0x60, 0xff, 0xf8, 0xa2, 0x60, 0xff,
    0xf8, 0xa2, 0x60, 0xff, 0xf8, 0xa2, 0x60, 0xff, 0xf8, 0xa2, 0x60, 0xff, 0xf8, 0xa2, 0x60, 0xff,
    0xf8, 0xa2, 0x60, 0xff, 0xf8, 0xa2, 0x60, 0xff, 0xf8, 0xa2, 0x60, 0xff, 0xf8, 0xa2, 0x60, 0xff,
    0xf8, 0xa2, 0x60, 0xff, 0xf8, 0xa2, 0x60, 0xff, 0xf8, 0xa2, 0x60, 0xff, 0xf8, 0xa2, 0x60, 0xff,
    0xf8, 0xa2, 0x60, 0xff, 0xf8, 0xa2, 0x60, 0xff, 0xf8, 0xa2, 0x60, 0xff, 0xf8, 0xa2, 0x60, 0xff,
    0xf8, 0xa2, 0x60, 0xff, 0xf8, 0xa2, 0x60, 0xff, 0xf8, 0xa2, 0x60, 0xff, 0xf8, 0xa2, 0x60, 0xff,
    0xf8, 0xa2, 0x60, 0xff, 0xf8, 0xa2, 0x60, 0xff, 0xf8, 0xa2, 0x60, 0xff, 0xf8, 0xa2, 0x60, 0xff,
    0xf8, 0xa2, 0x60, 0xff, 0xf8, 0xa2, 0x60, 0xff, 0xf8, 0xa2, 0x60, 0xff, 0xf8, 0xa2, 0x60, 0xff,
    0xf8, 0xa2, 0x60, 0xff, 0xf8, 0xa2, 0x60, 0xff, 0xf8, 0xa2, 0x60, 0xff, 0xf8, 0xa2, 0x60, 0xff,
    0xf8, 0xa2, 0x60, 0xff, 0xf8, 0xa2, 0x60, 0xff, 0xf8, 0xa2, 0x60, 0xff, 0xf8, 0xa2, 0x60, 0xff,
    0xf8, 0xa2, 0x60, 0xff, 0xf8, 0xa2, 0x60, 0xff, 0xf8, 0xa2, 0x60, 0xff, 0xf8, 0xa2, 0x60, 0xff,
    0xf8, 0xa2, 0x60, 0xff, 0xf8, 0xa2, 0x60, 0xff, 0xf8, 0xa2, 0x60, 0xff, 0xf8, 0xa2, 0x60, 0xff,
    0xf8, 0xa2, 0x60, 0xff, 0xf8, 0xa2, 0x60, 0xff, 0xf8, 0xa2, 0x60, 0xff, 0xf8, 0xa2, 0x60, 0xff,
    0xf8, 0xa2, 0x60, 0xff, 0xf8, 0xa2, 0x60, 0xff, 0xf8, 0xa2, 0x60, 0xff, 0xf8, 0xa2, 0x60, 0xff,
    0xf8, 0xa2, 0x60, 0xff, 0xf8, 0xa2, 0x60, 0xff, 0xf8, 0xa2, 0x60, 0xff, 0xf8, 0xa2, 0x60, 0xff,
    0xf8, 0xa2, 0x60, 0xff, 0xf8, 0xa2, 0x60, 0xff, 0xf8, 0xa2, 0x60, 0xff, 0xf7, 0xa1, 0x60, 0xfc,
    0xfd, 0xa7, 0x63, 0xff, 0xff, 0xab, 0x65, 0xf4, 0xf6, 0x9e, 0x5e, 0x8f, 0xef, 0x9f, 0x5f, 0x10,
    0x00, 0x00, 0x00, 0x00, 0xff, 0xbf, 0x7f, 0x04, 0x00, 0x00, 0x00, 0x00, 0x00, 0x00, 0x00, 0x00,
    0x00, 0x00, 0x00, 0x00, 0x00, 0x00, 0x00, 0x00, 0x00, 0x00, 0x00, 0x00, 0x00, 0x00, 0x00, 0x00,
    0x00, 0x00, 0x00, 0x00, 0x00, 0x00, 0x00, 0x00, 0x00, 0x00, 0x00, 0x00, 0x00, 0x00, 0x00, 0x00,
    0x00, 0x00, 0x00, 0x00, 0x00, 0x00, 0x00, 0x00, 0x00, 0x00, 0x00, 0x00, 0x00, 0x00, 0x00, 0x00,
    0x00, 0x00, 0x00, 0x00, 0x00, 0x00, 0x00, 0x00, 0x00, 0x00, 0x00, 0x00, 0x00, 0x00, 0x00, 0x00,
    0x00, 0x00, 0x00, 0x00, 0xff, 0xaa, 0x55, 0x03, 0x00, 0x00, 0x00, 0x00, 0xff, 0x9f, 0x5f, 0x10,
    0xf6, 0xa1, 0x5d, 0x90, 0xfd, 0xaa, 0x64, 0xf4, 0xfd, 0xa8, 0x63, 0xff, 0xf6, 0xa0, 0x5f, 0xfb,
    0xf8, 0xa2, 0x60, 0xff, 0xf8, 0xa2, 0x60, 0xff, 0xf8, 0xa2, 0x60, 0xff, 0xf8, 0xa2, 0x60, 0xff,
    0xf8, 0xa2, 0x60, 0xff, 0xf8, 0xa2, 0x60, 0xff, 0xf8, 0xa2, 0x60, 0xff, 0xf8, 0xa2, 0x60, 0xff,
    0xf8, 0xa2, 0x60, 0xff, 0xf8, 0xa2, 0x60, 0xff, 0xf8, 0xa2, 0x60, 0xff, 0xf8, 0xa2, 0x60, 0xff,
    0xf8, 0xa2, 0x60, 0xff, 0xf8, 0xa2, 0x60, 0xff, 0xf8, 0xa2, 0x60, 0xff, 0xf8, 0xa2, 0x60, 0xff,
    0xf8, 0xa2, 0x60, 0xff, 0xf8, 0xa2, 0x60, 0xff, 0xf8, 0xa2, 0x60, 0xff, 0xf8, 0xa2, 0x60, 0xff,
    0xf8, 0xa2, 0x60, 0xff, 0xf8, 0xa2, 0x60, 0xff, 0xf8, 0xa2, 0x60, 0xff, 0xf8, 0xa2, 0x60, 0xff,
    0xf8, 0xa2, 0x60, 0xff, 0xf8, 0xa2, 0x60, 0xff, 0xf8, 0xa2, 0x60, 0xff, 0xf8, 0xa2, 0x60, 0xff,
    0xf8, 0xa2, 0x60, 0xff, 0xf8, 0xa2, 0x60, 0xff, 0xf8, 0xa2, 0x60, 0xff, 0xf8, 0xa2, 0x60, 0xff,
    0xf8, 0xa2, 0x60, 0xff, 0xf8, 0xa2, 0x60, 0xff, 0xf8, 0xa2, 0x60, 0xff, 0xf8, 0xa2, 0x60, 0xff,
    0xf8, 0xa2, 0x60, 0xff, 0xf8, 0xa2, 0x60, 0xff, 0xf8, 0xa2, 0x60, 0xff, 0xf8, 0xa2, 0x60, 0xff,
    0xf8, 0xa2, 0x60, 0xff, 0xf8, 0xa2, 0x60, 0xff, 0xf8, 0xa2, 0x60, 0xff, 0xf8, 0xa2, 0x60, 0xff,
    0xf8, 0xa2, 0x60, 0xff, 0xf8, 0xa2, 0x60, 0xff, 0xf8, 0xa2, 0x60, 0xff, 0xf8, 0xa2, 0x60, 0xff,
    0xf8, 0xa2, 0x60, 0xff, 0xf8, 0xa2, 0x60, 0xff, 0xf8, 0xa2, 0x60, 0xff, 0xf8, 0xa2, 0x60, 0xff,
    0xf8, 0xa2, 0x60, 0xff, 0xf8, 0xa2, 0x60, 0xff, 0xf8, 0xa2, 0x60, 0xff, 0xf8, 0xa2, 0x60, 0xff,
    0xf8, 0xa2, 0x60, 0xff, 0xf8, 0xa2, 0x60, 0xff, 0xf8, 0xa2, 0x60, 0xff, 0xf8, 0xa2, 0x60, 0xff,
    0xf8, 0xa2, 0x60, 0xff, 0xf8, 0xa2, 0x60, 0xff, 0xf8, 0xa2, 0x60, 0xff, 0xf8, 0xa2, 0x60, 0xff,
    0xf8, 0xa2, 0x60, 0xff, 0xf8, 0xa2, 0x60, 0xff, 0xf8, 0xa2, 0x60, 0xff, 0xf8, 0xa2, 0x60, 0xff,
    0xf8, 0xa2, 0x60, 0xff, 0xf8, 0xa2, 0x60, 0xff, 0xf8, 0xa2, 0x60, 0xff, 0xf8, 0xa2, 0x60, 0xff,
    0xf8, 0xa2, 0x60, 0xff, 0xf8, 0xa2, 0x60, 0xff, 0xf8, 0xa2, 0x60, 0xff, 0xf8, 0xa2, 0x60, 0xff,
    0xf8, 0xa2, 0x60, 0xff, 0xf8, 0xa2, 0x60, 0xff, 0xf8, 0xa2, 0x60, 0xff, 0xf8, 0xa2, 0x60, 0xff,
    0xf8, 0xa2, 0x60, 0xff, 0xf8, 0xa2, 0x60, 0xff, 0xf8, 0xa2, 0x60, 0xff, 0xf8, 0xa2, 0x60, 0xff,
    0xf8, 0xa2, 0x60, 0xff, 0xf8, 0xa2, 0x60, 0xff, 0xf8, 0xa2, 0x60, 0xff, 0xf8, 0xa2, 0x60, 0xff,
    0xf8, 0xa2, 0x60, 0xff, 0xf8, 0xa2, 0x60, 0xff, 0xf8, 0xa2, 0x60, 0xff, 0xf8, 0xa2, 0x60, 0xff,
    0xf8, 0xa2, 0x60, 0xff, 0xf8, 0xa2, 0x60, 0xff, 0xf6, 0xa0, 0x5f, 0xfb, 0xfd, 0xa8, 0x63, 0xff,
    0xfd, 0xaa, 0x64, 0xf4, 0xf6, 0xa1, 0x5d, 0x90, 0xff, 0x9f, 0x5f, 0x10, 0x00, 0x00, 0x00, 0x00,
    0xff, 0xaa, 0x55, 0x03, 0x00, 0x00, 0x00, 0x00, 0x00, 0x00, 0x00, 0x00, 0x00, 0x00, 0x00, 0x00,
    0x00, 0x00, 0x00, 0x00, 0x00, 0x00, 0x00, 0x00, 0x00, 0x00, 0x00, 0x00, 0x00, 0x00, 0x00, 0x00,
    0x00, 0x00, 0x00, 0x00, 0x00, 0x00, 0x00, 0x00, 0x00, 0x00, 0x00, 0x00, 0x00, 0x00, 0x00, 0x00,
    0x00, 0x00, 0x00, 0x00, 0x00, 0x00, 0x00, 0x00, 0x00, 0x00, 0x00, 0x00, 0x00, 0x00, 0x00, 0x00,
    0x00, 0x00, 0x00, 0x00, 0x00, 0x00, 0x00, 0x00, 0xff, 0xff, 0xff, 0x01, 0x00, 0x00, 0x00, 0x00,
    0xff, 0xa5, 0x69, 0x11, 0xf6, 0x9f, 0x5f, 0x8e, 0xfb, 0xa7, 0x62, 0xf8, 0xfe, 0xa9, 0x65, 0xff,
    0xf6, 0xa0, 0x5e, 0xfa, 0xf9, 0xa3, 0x60, 0xff, 0xf8, 0xa2, 0x60, 0xff, 0xf8, 0xa2, 0x60, 0xff,
    0xf8, 0xa2, 0x60, 0xff, 0xf8, 0xa2, 0x60, 0xff, 0xf8, 0xa2, 0x60, 0xff, 0xf8, 0xa2, 0x60, 0xff,
    0xf8, 0xa2, 0x60, 0xff, 0xf8, 0xa2, 0x60, 0xff, 0xf8, 0xa2, 0x60, 0xff, 0xf8, 0xa2, 0x60, 0xff,
    0xf8, 0xa2, 0x60, 0xff, 0xf8, 0xa2, 0x60, 0xff, 0xf8, 0xa2, 0x60, 0xff, 0xf8, 0xa2, 0x60, 0xff,
    0xf8, 0xa2, 0x60, 0xff, 0xf8, 0xa2, 0x60, 0xff, 0xf8, 0xa2, 0x60, 0xff, 0xf8, 0xa2, 0x60, 0xff,
    0xf8, 0xa2, 0x60, 0xff, 0xf8, 0xa2, 0x60, 0xff, 0xf8, 0xa2, 0x60, 0xff, 0xf8, 0xa2, 0x60, 0xff,
    0xf8, 0xa2, 0x60, 0xff, 0xf8, 0xa2, 0x60, 0xff, 0xf8, 0xa2, 0x60, 0xff, 0xf8, 0xa2, 0x60, 0xff,
    0xf8, 0xa2, 0x60, 0xff, 0xf8, 0xa2, 0x60, 0xff, 0xf8, 0xa2, 0x60, 0xff, 0xf8, 0xa2, 0x60, 0xff,
    0xf8, 0xa2, 0x60, 0xff, 0xf8, 0xa2, 0x60, 0xff, 0xf8, 0xa2, 0x60, 0xff, 0xf8, 0xa2, 0x60, 0xff,
    0xf8, 0xa2, 0x60, 0xff, 0xf8, 0xa2, 0x60, 0xff, 0xf8, 0xa2, 0x60, 0xff, 0xf8, 0xa2, 0x60, 0xff,
    0xf8, 0xa2, 0x60, 0xff, 0xf8, 0xa2, 0x60, 0xff, 0xf8, 0xa2, 0x60, 0xff, 0xf8, 0xa2, 0x60, 0xff,
    0xf8, 0xa2, 0x60, 0xff, 0xf8, 0xa2, 0x60, 0xff, 0xf8, 0xa2, 0x60, 0xff, 0xf8, 0xa2, 0x60, 0xff,
    0xf8, 0xa2, 0x60, 0xff, 0xf8, 0xa2, 0x60, 0xff, 0xf8, 0xa2, 0x60, 0xff, 0xf8, 0xa2, 0x60, 0xff,
    0xf8, 0xa2, 0x60, 0xff, 0xf8, 0xa2, 0x60, 0xff, 0xf8, 0xa2, 0x60, 0xff, 0xf8, 0xa2, 0x60, 0xff,
    0xf8, 0xa2, 0x60, 0xff, 0xf8, 0xa2, 0x60, 0xff, 0xf8, 0xa2, 0x60, 0xff, 0xf8, 0xa2, 0x60, 0xff,
    0xf8, 0xa2, 0x60, 0xff, 0xf8, 0xa2, 0x60, 0xff, 0xf8, 0xa2, 0x60, 0xff, 0xf8, 0xa2, 0x60, 0xff,
    0xf8, 0xa2, 0x60, 0xff, 0xf8, 0xa2, 0x60, 0xff, 0xf8, 0xa2, 0x60, 0xff, 0xf8, 0xa2, 0x60, 0xff,
    0xf8, 0xa2, 0x60, 0xff, 0xf8, 0xa2, 0x60, 0xff, 0xf8, 0xa2, 0x60, 0xff, 0xf8, 0xa2, 0x60, 0xff,
    0xf8, 0xa2, 0x60, 0xff, 0xf8, 0xa2, 0x60, 0xff, 0xf8, 0xa2, 0x60, 0xff, 0xf8, 0xa2, 0x60, 0xff,
    0xf8, 0xa2, 0x60, 0xff, 0xf8, 0xa2, 0x60, 0xff, 0xf8, 0xa2, 0x60, 0xff, 0xf8, 0xa2, 0x60, 0xff,
    0xf8, 0xa2, 0x60, 0xff, 0xf8, 0xa2, 0x60, 0xff, 0xf8, 0xa2, 0x60, 0xff, 0xf8, 0xa2, 0x60, 0xff,
    0xf8, 0xa2, 0x60, 0xff, 0xf8, 0xa2, 0x60, 0xff, 0xf8, 0xa2, 0x60, 0xff, 0xf8, 0xa2, 0x60, 0xff,
    0xf8, 0xa2, 0x60, 0xff, 0xf8, 0xa2, 0x60, 0xff, 0xf8, 0xa2, 0x60, 0xff, 0xf8, 0xa2, 0x60, 0xff,
    0xf8, 0xa2, 0x60, 0xff, 0xf8, 0xa2, 0x60, 0xff, 0xf8, 0xa2, 0x60, 0xff, 0xf8, 0xa2, 0x60, 0xff,
    0xf9, 0xa3, 0x60, 0xff, 0xf6, 0xa0, 0x5e, 0xfa, 0xfe, 0xa9, 0x65, 0xff, 0xfb, 0xa7, 0x62, 0xf8,
    0xf6, 0x9f, 0x5f, 0x8e, 0xff, 0xa5, 0x69, 0x11, 0x00, 0x00, 0x00, 0x00, 0xff, 0xff, 0xff, 0x01,
    0x00, 0x00, 0x00, 0x00, 0x00, 0x00, 0x00, 0x00, 0x00, 0x00, 0x00, 0x00, 0x00, 0x00, 0x00, 0x00,
    0x00, 0x00, 0x00, 0x00, 0x00, 0x00, 0x00, 0x00, 0x00, 0x00, 0x00, 0x00, 0x00, 0x00, 0x00, 0x00,
    0x00, 0x00, 0x00, 0x00, 0x00, 0x00, 0x00, 0x00, 0x00, 0x00, 0x00, 0x00, 0x00, 0x00, 0x00, 0x00,
    0x00, 0x00, 0x00, 0x00, 0x00, 0x00, 0x00, 0x00, 0x00, 0x00, 0x00, 0x00, 0x00, 0x00, 0x00, 0x00,
    0x00, 0x00, 0x00, 0x00, 0xff, 0xb9, 0x5c, 0x0b, 0xf5, 0xa0, 0x60, 0x8a, 0xfa, 0xa5, 0x61, 0xfd,
    0xfd, 0xa8, 0x64, 0xfe, 0xf6, 0xa1, 0x5f, 0xfa, 0xf9, 0xa3, 0x60, 0xff, 0xf8, 0xa2, 0x60, 0xff,
    0xf8, 0xa2, 0x60, 0xff, 0xf8, 0xa2, 0x60, 0xff, 0xf8, 0xa2, 0x60, 0xff, 0xf8, 0xa2, 0x60, 0xff,
    0xf8, 0xa2, 0x60, 0xff, 0xf8, 0xa2, 0x60, 0xff, 0xf8, 0xa2, 0x60, 0xff, 0xf8, 0xa2, 0x60, 0xff,
    0xf8, 0xa2, 0x60, 0xff, 0xf8, 0xa2, 0x60, 0xff, 0xf8, 0xa2, 0x60, 0xff, 0xf8, 0xa2, 0x60, 0xff,
    0xf8, 0xa2, 0x60, 0xff, 0xf8, 0xa2, 0x60, 0xff, 0xf8, 0xa2, 0x60, 0xff, 0xf8, 0xa2, 0x60, 0xff,
    0xf8, 0xa2, 0x60, 0xff, 0xf8, 0xa2, 0x60, 0xff, 0xf8, 0xa2, 0x60, 0xff, 0xf8, 0xa2, 0x60, 0xff,
    0xf8, 0xa2, 0x60, 0xff, 0xf8, 0xa2, 0x60, 0xff, 0xf8, 0xa2, 0x60, 0xff, 0xf8, 0xa2, 0x60, 0xff,
    0xf8, 0xa2, 0x60, 0xff, 0xf8, 0xa2, 0x60, 0xff, 0xf8, 0xa2, 0x60, 0xff, 0xf8, 0xa2, 0x60, 0xff,
    0xf8, 0xa2, 0x60, 0xff, 0xf8, 0xa2, 0x60, 0xff, 0xf8, 0xa2, 0x60, 0xff, 0xf8, 0xa2, 0x60, 0xff,
    0xf8, 0xa2, 0x60, 0xff, 0xf8, 0xa2, 0x60, 0xff, 0xf8, 0xa2, 0x60, 0xff, 0xf8, 0xa2, 0x60, 0xff,
    0xf8, 0xa2, 0x60, 0xff, 0xf8, 0xa2, 0x60, 0xff, 0xf8, 0xa2, 0x60, 0xff, 0xf8, 0xa2, 0x60, 0xff,
    0xf8, 0xa2, 0x60, 0xff, 0xf8, 0xa2, 0x60, 0xff, 0xf8, 0xa2, 0x60, 0xff, 0xf8, 0xa2, 0x60, 0xff,
    0xf8, 0xa2, 0x60, 0xff, 0xf8, 0xa2, 0x60, 0xff, 0xf8, 0xa2, 0x60, 0xff, 0xf8, 0xa2, 0x60, 0xff,
    0xf8, 0xa2, 0x60, 0xff, 0xf8, 0xa2, 0x60, 0xff, 0xf8, 0xa2, 0x60, 0xff, 0xf8, 0xa2, 0x60, 0xff,
    0xf8, 0xa2, 0x60, 0xff, 0xf8, 0xa2, 0x60, 0xff, 0xf8, 0xa2, 0x60, 0xff, 0xf8, 0xa2, 0x60, 0xff,
    0xf8, 0xa2, 0x60, 0xff, 0xf8, 0xa2, 0x60, 0xff, 0xf8, 0xa2, 0x60, 0xff, 0xf8, 0xa2, 0x60, 0xff,
    0xf8, 0xa2, 0x60, 0xff, 0xf8, 0xa2, 0x60, 0xff, 0xf8, 0xa2, 0x60, 0xff, 0xf8, 0xa2, 0x60, 0xff,
    0xf8, 0xa2, 0x60, 0xff, 0xf8, 0xa2, 0x60, 0xff, 0xf8, 0xa2, 0x60, 0xff, 0xf8, 0xa2, 0x60, 0xff,
    0xf8, 0xa2, 0x60, 0xff, 0xf8, 0xa2, 0x60, 0xff, 0xf8, 0xa2, 0x60, 0xff, 0xf8, 0xa2, 0x60, 0xff,
    0xf8, 0xa2, 0x60, 0xff, 0xf8, 0xa2, 0x60, 0xff, 0xf8, 0xa2, 0x60, 0xff, 0xf8, 0xa2, 0x60, 0xff,
    0xf8, 0xa2, 0x60, 0xff, 0xf8, 0xa2, 0x60, 0xff, 0xf8, 0xa2, 0x60, 0xff, 0xf8, 0xa2, 0x60, 0xff,
    0xf8, 0xa2, 0x60, 0xff, 0xf8, 0xa2, 0x60, 0xff, 0xf8, 0xa2, 0x60, 0xff, 0xf8, 0xa2, 0x60, 0xff,
    0xf8, 0xa2, 0x60, 0xff, 0xf8, 0xa2, 0x60, 0xff, 0xf8, 0xa2, 0x60, 0xff, 0xf8, 0xa2, 0x60, 0xff,
    0xf8, 0xa2, 0x60, 0xff, 0xf8, 0xa2, 0x60, 0xff, 0xf8, 0xa2, 0x60, 0xff, 0xf8, 0xa2, 0x60, 0xff,
    0xf8, 0xa2, 0x60, 0xff, 0xf8, 0xa2, 0x60, 0xff, 0xf8, 0xa2, 0x60, 0xff, 0xf9, 0xa3, 0x60, 0xff,
    0xf6, 0xa1, 0x5f, 0xfa, 0xfd, 0xa8, 0x64, 0xfe, 0xfa, 0xa5, 0x61, 0xfd, 0xf5, 0xa0, 0x60, 0x8a,
    0xff, 0xb9, 0x5c, 0x0b, 0x00, 0x00, 0x00, 0x00, 0x00, 0x00, 0x00, 0x00, 0x00, 0x00, 0x00, 0x00,
    0x00, 0x00, 0x00, 0x00, 0x00, 0x00, 0x00, 0x00, 0x00, 0x00, 0x00, 0x00, 0x00, 0x00, 0x00, 0x00,
    0x00, 0x00, 0x00, 0x00, 0x00, 0x00, 0x00, 0x00, 0x00, 0x00, 0x00, 0x00, 0x00, 0x00, 0x00, 0x00,
    0x00, 0x00, 0x00, 0x00, 0x00, 0x00, 0x00, 0x00, 0x00, 0x00, 0x00, 0x00, 0x00, 0x00, 0x00, 0x00,
    0xff, 0x00, 0x00, 0x01, 0x00, 0x00, 0x00, 0x00, 0xff, 0xbf, 0x3f, 0x04, 0xf8, 0xa2, 0x60, 0x74,
    0xfa, 0xa4, 0x61, 0xff, 0xfd, 0xa8, 0x63, 0xfd, 0xf6, 0xa0, 0x5f, 0xfb, 0xf9, 0xa3, 0x60, 0xff,
    0xf8, 0xa2, 0x60, 0xff, 0xf8, 0xa2, 0x60, 0xff, 0xf8, 0xa2, 0x60, 0xff, 0xf8, 0xa2, 0x60, 0xff,
    0xf8, 0xa2, 0x60, 0xff, 0xf8, 0xa2, 0x60, 0xff, 0xf8, 0xa2, 0x60, 0xff, 0xf8, 0xa2, 0x60, 0xff,
    0xf8, 0xa2, 0x60, 0xff, 0xf8, 0xa2, 0x60, 0xff, 0xf8, 0xa2, 0x60, 0xff, 0xf8, 0xa2, 0x60, 0xff,
    0xf8, 0xa2, 0x60, 0xff, 0xf8, 0xa2, 0x60, 0xff, 0xf8, 0xa2, 0x60, 0xff, 0xf8, 0xa2, 0x60, 0xff,
    0xf8, 0xa2, 0x60, 0xff, 0xf8, 0xa2, 0x60, 0xff, 0xf8, 0xa2, 0x60, 0xff, 0xf8, 0xa2, 0x60, 0xff,
    0xf8, 0xa2, 0x60, 0xff, 0xf8, 0xa2, 0x60, 0xff, 0xf8, 0xa2, 0x60, 0xff, 0xf8, 0xa2, 0x60, 0xff,
    0xf8, 0xa2, 0x60, 0xff, 0xf8, 0xa2, 0x60, 0xff, 0xf8, 0xa2, 0x60, 0xff, 0xf8, 0xa2, 0x60, 0xff,
    0xf8, 0xa2, 0x60, 0xff, 0xf8, 0xa2, 0x60, 0xff, 0xf8, 0xa2, 0x60, 0xff, 0xf8, 0xa2, 0x60, 0xff,
    0xf8, 0xa2, 0x60, 0xff, 0xf8, 0xa2, 0x60, 0xff, 0xf8, 0xa2, 0x60, 0xff, 0xf8, 0xa2, 0x60, 0xff,
    0xf8, 0xa2, 0x60, 0xff, 0xf8, 0xa2, 0x60, 0xff, 0xf8, 0xa2, 0x60, 0xff, 0xf8, 0xa2, 0x60, 0xff,
    0xf8, 0xa2, 0x60, 0xff, 0xf8, 0xa2, 0x60, 0xff, 0xf8, 0xa2, 0x60, 0xff, 0xf8, 0xa2, 0x60, 0xff,
    0xf8, 0xa2, 0x60, 0xff, 0xf8, 0xa2, 0x60, 0xff, 0xf8, 0xa2, 0x60, 0xff, 0xf8, 0xa2, 0x60, 0xff,
    0xf8, 0xa2, 0x60, 0xff, 0xf8, 0xa2, 0x60, 0xff, 0xf8, 0xa2, 0x60, 0xff, 0xf8, 0xa2, 0x60, 0xff,
    0xf8, 0xa2, 0x60, 0xff, 0xf8, 0xa2, 0x60, 0xff, 0xf8, 0xa2, 0x60, 0xff, 0xf8, 0xa2, 0x60, 0xff,
    0xf8, 0xa2, 0x60, 0xff, 0xf8, 0xa2, 0x60, 0xff, 0xf8, 0xa2, 0x60, 0xff, 0xf8, 0xa2, 0x60, 0xff,
    0xf8, 0xa2, 0x60, 0xff, 0xf8, 0xa2, 0x60, 0xff, 0xf8, 0xa2, 0x60, 0xff, 0xf8, 0xa2, 0x60, 0xff,
    0xf8, 0xa2, 0x60, 0xff, 0xf8, 0xa2, 0x60, 0xff, 0xf8, 0xa2, 0x60, 0xff, 0xf8, 0xa2, 0x60, 0xff,
    0xf8, 0xa2, 0x60, 0xff, 0xf8, 0xa2, 0x60, 0xff, 0xf8, 0xa2, 0x60, 0xff, 0xf8, 0xa2, 0x60, 0xff,
    0xf8, 0xa2, 0x60, 0xff, 0xf8, 0xa2, 0x60, 0xff, 0xf8, 0xa2, 0x60, 0xff, 0xf8, 0xa2, 0x60, 0xff,
    0xf8, 0xa2, 0x60, 0xff, 0xf8, 0xa2, 0x60, 0xff, 0xf8, 0xa2, 0x60, 0xff, 0xf8, 0xa2, 0x60, 0xff,
    0xf8, 0xa2, 0x60, 0xff, 0xf8, 0xa2, 0x60, 0xff, 0xf8, 0xa2, 0x60, 0xff, 0xf8, 0xa2, 0x60, 0xff,
    0xf8, 0xa2, 0x60, 0xff, 0xf8, 0xa2, 0x60, 0xff, 0xf8, 0xa2, 0x60, 0xff, 0xf8, 0xa2, 0x60, 0xff,
    0xf8, 0xa2, 0x60, 0xff, 0xf8, 0xa2, 0x60, 0xff, 0xf8, 0xa2, 0x60, 0xff, 0xf8, 0xa2, 0x60, 0xff,
    0xf8, 0xa2, 0x60, 0xff, 0xf8, 0xa2, 0x60, 0xff, 0xf8, 0xa2, 0x60, 0xff, 0xf8, 0xa2, 0x60, 0xff,
    0xf8, 0xa2, 0x60, 0xff, 0xf8, 0xa2, 0x60, 0xff, 0xf9, 0xa3, 0x60, 0xff, 0xf6, 0xa0, 0x5f, 0xfb,
    0xfd, 0xa8, 0x63, 0xfd, 0xfa, 0xa4, 0x61, 0xff, 0xf8, 0xa2, 0x60, 0x74, 0xff, 0xbf, 0x3f, 0x04,
    0x00, 0x00, 0x00, 0x00, 0xff, 0x00, 0x00, 0x01, 0x00, 0x00, 0x00, 0x00, 0x00, 0x00, 0x00, 0x00,
    0x00, 0x00, 0x00, 0x00, 0x00, 0x00, 0x00, 0x00, 0x00, 0x00, 0x00, 0x00, 0x00, 0x00, 0x00, 0x00,
    0x00, 0x00, 0x00, 0x00, 0x00, 0x00, 0x00, 0x00, 0x00, 0x00, 0x00, 0x00, 0x00, 0x00, 0x00, 0x00,
    0x00, 0x00, 0x00, 0x00, 0xff, 0xff, 0x00, 0x01, 0x00, 0x00, 0x00, 0x00, 0x00, 0x00, 0x00, 0x00,
    0xf8, 0x9f, 0x5f, 0x50, 0xf7, 0xa1, 0x5e, 0xf7, 0xfc, 0xa4, 0x62, 0xfc, 0xf7, 0xa2, 0x5f, 0xfd,
    0xf8, 0xa2, 0x60, 0xff, 0xf8, 0xa2, 0x60, 0xff, 0xf8, 0xa2, 0x60, 0xff, 0xf8, 0xa2, 0x60, 0xff,
    0xf8, 0xa2, 0x60, 0xff, 0xf8, 0xa2, 0x60, 0xff, 0xf8, 0xa2, 0x60, 0xff, 0xf8, 0xa2, 0x60, 0xff,
    0xf8, 0xa2, 0x60, 0xff, 0xf8, 0xa2, 0x60, 0xff, 0xf8, 0xa2, 0x60, 0xff, 0xf8, 0xa2, 0x60, 0xff,
    0xf8, 0xa2, 0x60, 0xff, 0xf8, 0xa2, 0x60, 0xff, 0xf8, 0xa2, 0x60, 0xff, 0xf8, 0xa2, 0x60, 0xff,
    0xf8, 0xa2, 0x60, 0xff, 0xf8, 0xa2, 0x60, 0xff, 0xf8, 0xa2, 0x60, 0xff, 0xf8, 0xa2, 0x60, 0xff,
    0xf8, 0xa2, 0x60, 0xff, 0xf8, 0xa2, 0x60, 0xff, 0xf8, 0xa2, 0x60, 0xff, 0xf8, 0xa2, 0x60, 0xff,
    0xf8, 0xa2, 0x60, 0xff, 0xf8, 0xa2, 0x60, 0xff, 0xf8, 0xa2, 0x60, 0xff, 0xf8, 0xa2, 0x60, 0xff,
    0xf8, 0xa2, 0x60, 0xff, 0xf8, 0xa2, 0x60, 0xff, 0xf8, 0xa2, 0x60, 0xff, 0xf8, 0xa2, 0x60, 0xff,
    0xf8, 0xa2, 0x60, 0xff, 0xf8, 0xa2, 0x60, 0xff, 0xf8, 0xa2, 0x60, 0xff, 0xf8, 0xa2, 0x60, 0xff,
    0xf8, 0xa2, 0x60, 0xff, 0xf8, 0xa2, 0x60, 0xff, 0xf8, 0xa2, 0x60, 0xff, 0xf8, 0xa2, 0x60, 0xff,
    0xf8, 0xa2, 0x60, 0xff, 0xf8, 0xa2, 0x60, 0xff, 0xf8, 0xa2, 0x60, 0xff, 0xf8, 0xa2, 0x60, 0xff,
    0xf8, 0xa2, 0x60, 0xff, 0xf8, 0xa2, 0x60, 0xff, 0xf8, 0xa2, 0x60, 0xff, 0xf8, 0xa2, 0x60, 0xff,
    0xf8, 0xa2, 0x60, 0xff, 0xf8, 0xa2, 0x60, 0xff, 0xf8, 0xa2, 0x60, 0xff, 0xf8, 0xa2, 0x60, 0xff,
    0xf8, 0xa2, 0x60, 0xff, 0xf8, 0xa2, 0x60, 0xff, 0xf8, 0xa2, 0x60, 0xff, 0xf8, 0xa2, 0x60, 0xff,
    0xf8, 0xa2, 0x60, 0xff, 0xf8, 0xa2, 0x60, 0xff, 0xf8, 0xa2, 0x60, 0xff, 0xf8, 0xa2, 0x60, 0xff,
    0xf8, 0xa2, 0x60, 0xff, 0xf8, 0xa2, 0x60, 0xff, 0xf8, 0xa2, 0x60, 0xff, 0xf8, 0xa2, 0x60, 0xff,
    0xf8, 0xa2, 0x60, 0xff, 0xf8, 0xa2, 0x60, 0xff, 0xf8, 0xa2, 0x60, 0xff, 0xf8, 0xa2, 0x60, 0xff,
    0xf8, 0xa2, 0x60, 0xff, 0xf8, 0xa2, 0x60, 0xff, 0xf8, 0xa2, 0x60, 0xff, 0xf8, 0xa2, 0x60, 0xff,
    0xf8, 0xa2, 0x60, 0xff, 0xf8, 0xa2, 0x60, 0xff, 0xf8, 0xa2, 0x60, 0xff, 0xf8, 0xa2, 0x60, 0xff,
    0xf8, 0xa2, 0x60, 0xff, 0xf8, 0xa2, 0x60, 0xff, 0xf8, 0xa2, 0x60, 0xff, 0xf8, 0xa2, 0x60, 0xff,
    0xf8, 0xa2, 0x60, 0xff, 0xf8, 0xa2, 0x60, 0xff, 0xf8, 0xa2, 0x60, 0xff, 0xf8, 0xa2, 0x60, 0xff,
    0xf8, 0xa2, 0x60, 0xff, 0xf8, 0xa2, 0x60, 0xff, 0xf8, 0xa2, 0x60, 0xff, 0xf8, 0xa2, 0x60, 0xff,
    0xf8, 0xa2, 0x60, 0xff, 0xf8, 0xa2, 0x60, 0xff, 0xf8, 0xa2, 0x60, 0xff, 0xf8, 0xa2, 0x60, 0xff,
    0xf8, 0xa2, 0x60, 0xff, 0xf8, 0xa2, 0x60, 0xff, 0xf8, 0xa2, 0x60, 0xff, 0xf8, 0xa2, 0x60, 0xff,
    0xf8, 0xa2, 0x60, 0xff, 0xf8, 0xa2, 0x60, 0xff, 0xf8, 0xa2, 0x60, 0xff, 0xf8, 0xa2, 0x60, 0xff,
    0xf8, 0xa2, 0x60, 0xff, 0xf8, 0xa2, 0x60, 0xff, 0xf7, 0xa2, 0x5f, 0xfd, 0xfc, 0xa4, 0x62, 0xfc,
    0xf7, 0xa1, 0x5e, 0xf7, 0xf8, 0x9f, 0x5f, 0x50, 0x00, 0x00, 0x00, 0x00, 0x00, 0x00, 0x00, 0x00,
    0xff, 0xff, 0x00, 0x01, 0x00, 0x00, 0x00, 0x00, 0x00, 0x00, 0x00, 0x00, 0x00, 0x00, 0x00, 0x00,
    0x00, 0x00, 0x00, 0x00, 0x00, 0x00, 0x00, 0x00, 0x00, 0x00, 0x00, 0x00, 0x00, 0x00, 0x00, 0x00,
    0x00, 0x00, 0x00, 0x00, 0x00, 0x00, 0x00, 0x00, 0x00, 0x00, 0x00, 0x00, 0xff, 0xaa, 0x55, 0x03,
    0x00, 0x00, 0x00, 0x00, 0xf6, 0xa1, 0x5d, 0x1e, 0xf8, 0xa1, 0x5f, 0xde, 0xf8, 0xa1, 0x60, 0xfe,
    0xf9, 0xa3, 0x60, 0xff, 0xf8, 0xa2, 0x60, 0xff, 0xf8, 0xa2, 0x60, 0xff, 0xf8, 0xa2, 0x60, 0xff,
    0xf8, 0xa2, 0x60, 0xff, 0xf8, 0xa2, 0x60, 0xff, 0xf8, 0xa2, 0x60, 0xff, 0xf8, 0xa2, 0x60, 0xff,
    0xf8, 0xa2, 0x60, 0xff, 0xf8, 0xa2, 0x60, 0xff, 0xf8, 0xa2, 0x60, 0xff, 0xf8, 0xa2, 0x60, 0xff,
    0xf8, 0xa2, 0x60, 0xff, 0xf8, 0xa2, 0x60, 0xff, 0xf8, 0xa2, 0x60, 0xff, 0xf8, 0xa2, 0x60, 0xff,
    0xf8, 0xa2, 0x60, 0xff, 0xf8, 0xa2, 0x60, 0xff, 0xf8, 0xa2, 0x60, 0xff, 0xf8, 0xa2, 0x60, 0xff,
    0xf8, 0xa2, 0x60, 0xff, 0xf8, 0xa2, 0x60, 0xff, 0xf8, 0xa2, 0x60, 0xff, 0xf8, 0xa2, 0x60, 0xff,
    0xf8, 0xa2, 0x60, 0xff, 0xf8, 0xa2, 0x60, 0xff, 0xf8, 0xa2, 0x60, 0xff, 0xf8, 0xa2, 0x60, 0xff,
    0xf8, 0xa2, 0x60, 0xff, 0xf8, 0xa2, 0x60, 0xff, 0xf8, 0xa2, 0x60, 0xff, 0xf8, 0xa2, 0x60, 0xff,
    0xf8, 0xa2, 0x60, 0xff, 0xf8, 0xa2, 0x60, 0xff, 0xf8, 0xa2, 0x60, 0xff, 0xf8, 0xa2, 0x60, 0xff,
    0xf8, 0xa2, 0x60, 0xff, 0xf8, 0xa2, 0x60, 0xff, 0xf8, 0xa2, 0x60, 0xff, 0xf8, 0xa2, 0x60, 0xff,
    0xf8, 0xa2, 0x60, 0xff, 0xf8, 0xa2, 0x60, 0xff, 0xf8, 0xa2, 0x60, 0xff, 0xf8, 0xa2, 0x60, 0xff,
    0xf8, 0xa2, 0x60, 0xff, 0xf8, 0xa2, 0x60, 0xff, 0xf8, 0xa2, 0x60, 0xff, 0xf8, 0xa2, 0x60, 0xff,
    0xf8, 0xa2, 0x60, 0xff, 0xf8, 0xa2, 0x60, 0xff, 0xf8, 0xa2, 0x60, 0xff, 0xf8, 0xa2, 0x60, 0xff,
    0xf8, 0xa2, 0x60, 0xff, 0xf8, 0xa2, 0x60, 0xff, 0xf8, 0xa2, 0x60, 0xff, 0xf8, 0xa2, 0x60, 0xff,
    0xf8, 0xa2, 0x60, 0xff, 0xf8, 0xa2, 0x60, 0xff, 0xf8, 0xa2, 0x60, 0xff, 0xf8, 0xa2, 0x60, 0xff,
    0xf8, 0xa2, 0x60, 0xff, 0xf8, 0xa2, 0x60, 0xff, 0xf8, 0xa2, 0x60, 0xff, 0xf8, 0xa2, 0x60, 0xff,
    0xf8, 0xa2, 0x60, 0xff, 0xf8, 0xa2, 0x60, 0xff, 0xf8, 0xa2, 0x60, 0xff, 0xf8, 0xa2, 0x60, 0xff,
    0xf8, 0xa2, 0x60, 0xff, 0xf8, 0xa2, 0x60, 0xff, 0xf8, 0xa2, 0x60, 0xff, 0xf8, 0xa2, 0x60, 0xff,
    0xf8, 0xa2, 0x60, 0xff, 0xf8, 0xa2, 0x60, 0xff, 0xf8, 0xa2, 0x60, 0xff, 0xf8, 0xa2, 0x60, 0xff,
    0xf8, 0xa2, 0x60, 0xff, 0xf8, 0xa2, 0x60, 0xff, 0xf8, 0xa2, 0x60, 0xff, 0xf8, 0xa2, 0x60, 0xff,
    0xf8, 0xa2, 0x60, 0xff, 0xf8, 0xa2, 0x60, 0xff, 0xf8, 0xa2, 0x60, 0xff, 0xf8, 0xa2, 0x60, 0xff,
    0xf8, 0xa2, 0x60, 0xff, 0xf8, 0xa2, 0x60, 0xff, 0xf8, 0xa2, 0x60, 0xff, 0xf8, 0xa2, 0x60, 0xff,
    0xf8, 0xa2, 0x60, 0xff, 0xf8, 0xa2, 0x60, 0xff, 0xf8, 0xa2, 0x60, 0xff, 0xf8, 0xa2, 0x60, 0xff,
    0xf8, 0xa2, 0x60, 0xff, 0xf8, 0xa2, 0x60, 0xff, 0xf8, 0xa2, 0x60, 0xff, 0xf8, 0xa2, 0x60, 0xff,
    0xf8, 0xa2, 0x60, 0xff, 0xf8, 0xa2, 0x60, 0xff, 0xf8, 0xa2, 0x60, 0xff, 0xf8, 0xa2, 0x60, 0xff,
    0xf8, 0xa2, 0x60, 0xff, 0xf8, 0xa2, 0x60, 0xff, 0xf8, 0xa2, 0x60, 0xff, 0xf8, 0xa2, 0x60, 0xff,
    0xf8, 0xa2, 0x60, 0xff, 0xf9, 0xa3, 0x60, 0xff, 0xf8, 0xa1, 0x60, 0xfe, 0xf8, 0xa1, 0x5f, 0xde,
    0xf6, 0xa1, 0x5d, 0x1e, 0x00, 0x00, 0x00, 0x00, 0xff, 0xaa, 0x55, 0x03, 0x00, 0x00, 0x00, 0x00,
    0x00, 0x00, 0x00, 0x00, 0x00, 0x00, 0x00, 0x00, 0x00, 0x00, 0x00, 0x00, 0x00, 0x00, 0x00, 0x00,
    0x00, 0x00, 0x00, 0x00, 0x00, 0x00, 0x00, 0x00, 0x00, 0x00, 0x00, 0x00, 0x00, 0x00, 0x00, 0x00,
    0xbf, 0x7f, 0x3f, 0x04, 0xff, 0x00, 0x00, 0x01, 0xff, 0x9f, 0x5f, 0x18, 0xf7, 0xa0, 0x60, 0xa2,
    0xfb, 0xa3, 0x61, 0xff, 0xf9, 0xa3, 0x60, 0xff, 0xf8, 0xa2, 0x60, 0xff, 0xf8, 0xa2, 0x60, 0xff,
    0xf8, 0xa2, 0x60, 0xff, 0xf8, 0xa2, 0x60, 0xff, 0xf8, 0xa2, 0x60, 0xff, 0xf8, 0xa2, 0x60, 0xff,
    0xf8, 0xa2, 0x60, 0xff, 0xf8, 0xa2, 0x60, 0xff, 0xf8, 0xa2, 0x60, 0xff, 0xf8, 0xa2, 0x60, 0xff,
    0xf8, 0xa2, 0x60, 0xff, 0xf8, 0xa2, 0x60, 0xff, 0xf8, 0xa2, 0x60, 0xff, 0xf8, 0xa2, 0x60, 0xff,
    0xf8, 0xa2, 0x60, 0xff, 0xf8, 0xa2, 0x60, 0xff, 0xf8, 0xa2, 0x60, 0xff, 0xf8, 0xa2, 0x60, 0xff,
    0xf8, 0xa2, 0x60, 0xff, 0xf8, 0xa2, 0x60, 0xff, 0xf8, 0xa2, 0x60, 0xff, 0xf8, 0xa2, 0x60, 0xff,
    0xf8, 0xa2, 0x60, 0xff, 0xf8, 0xa2, 0x60, 0xff, 0xf8, 0xa2, 0x60, 0xff, 0xf8, 0xa2, 0x60, 0xff,
    0xf8, 0xa2, 0x60, 0xff, 0xf8, 0xa2, 0x60, 0xff, 0xf8, 0xa2, 0x60, 0xff, 0xf8, 0xa2, 0x60, 0xff,
    0xf8, 0xa2, 0x60, 0xff, 0xf8, 0xa2, 0x60, 0xff, 0xf8, 0xa2, 0x60, 0xff, 0xf8, 0xa2, 0x60, 0xff,
    0xf8, 0xa2, 0x60, 0xff, 0xf8, 0xa2, 0x60, 0xff, 0xf8, 0xa2, 0x60, 0xff, 0xf8, 0xa2, 0x60, 0xff,
    0xf8, 0xa2, 0x60, 0xff, 0xf8, 0xa2, 0x60, 0xff, 0xf8, 0xa2, 0x60, 0xff, 0xf8, 0xa2, 0x60, 0xff,
    0xf8, 0xa2, 0x60, 0xff, 0xf8, 0xa2, 0x60, 0xff, 0xf8, 0xa2, 0x60, 0xff, 0xf8, 0xa2, 0x60, 0xff,
    0xf8, 0xa2, 0x60, 0xff, 0xf8, 0xa2, 0x60, 0xff, 0xf8, 0xa2, 0x60, 0xff, 0xf8, 0xa2, 0x60, 0xff,
    0xf8, 0xa2, 0x60, 0xff, 0xf8, 0xa2, 0x60, 0xff, 0xf8, 0xa2, 0x60, 0xff, 0xf8, 0xa2, 0x60, 0xff,
    0xf8, 0xa2, 0x60, 0xff, 0xf8, 0xa2, 0x60, 0xff, 0xf8, 0xa2, 0x60, 0xff, 0xf8, 0xa2, 0x60, 0xff,
    0xf8, 0xa2, 0x60, 0xff, 0xf8, 0xa2, 0x60, 0xff, 0xf8, 0xa2, 0x60, 0xff, 0xf8, 0xa2, 0x60, 0xff,
    0xf8, 0xa2, 0x60, 0xff, 0xf8, 0xa2, 0x60, 0xff, 0xf8, 0xa2, 0x60, 0xff, 0xf8, 0xa2, 0x60, 0xff,
    0xf8, 0xa2, 0x60, 0xff, 0xf8, 0xa2, 0x60, 0xff, 0xf8, 0xa2, 0x60, 0xff, 0xf8, 0xa2, 0x60, 0xff,
    0xf8, 0xa2, 0x60, 0xff, 0xf8, 0xa2, 0x60, 0xff, 0xf8, 0xa2, 0x60, 0xff, 0xf8, 0xa2, 0x60, 0xff,
    0xf8, 0xa2, 0x60, 0xff, 0xf8, 0xa2, 0x60, 0xff, 0xf8, 0xa2, 0x60, 0xff, 0xf8, 0xa2, 0x60, 0xff,
    0xf8, 0xa2, 0x60, 0xff, 0xf8, 0xa2, 0x60, 0xff, 0xf8, 0xa2, 0x60, 0xff, 0xf8, 0xa2, 0x60, 0xff,
    0xf8, 0xa2, 0x60, 0xff, 0xf8, 0xa2, 0x60, 0xff, 0xf8, 0xa2, 0x60, 0xff, 0xf8, 0xa2, 0x60, 0xff,
    0xf8, 0xa2, 0x60, 0xff, 0xf8, 0xa2, 0x60, 0xff, 0xf8, 0xa2, 0x60, 0xff, 0xf8, 0xa2, 0x60, 0xff,
    0xf8, 0xa2, 0x60, 0xff, 0xf8, 0xa2, 0x60, 0xff, 0xf8, 0xa2, 0x60, 0xff, 0xf8, 0xa2, 0x60, 0xff,
    0xf8, 0xa2, 0x60, 0xff, 0xf8, 0xa2, 0x60, 0xff, 0xf8, 0xa2, 0x60, 0xff, 0xf8, 0xa2, 0x60, 0xff,
    0xf8, 0xa2, 0x60, 0xff, 0xf8, 0xa2, 0x60, 0xff, 0xf8, 0xa2, 0x60, 0xff, 0xf8, 0xa2, 0x60, 0xff,
    0xf8, 0xa2, 0x60, 0xff, 0xf8, 0xa2, 0x60, 0xff, 0xf8, 0xa2, 0x60, 0xff, 0xf8, 0xa2, 0x60, 0xff,
    0xf9, 0xa3, 0x60, 0xff, 0xfb, 0xa3, 0x61, 0xff, 0xf7, 0xa0, 0x60, 0xa2, 0xff, 0x9f, 0x5f, 0x18,
    0xff, 0x00, 0x00, 0x01, 0xbf, 0x7f, 0x3f, 0x04, 0x00, 0x00, 0x00, 0x00, 0x00, 0x00, 0x00, 0x00,
    0x00, 0x00, 0x00, 0x00, 0x00, 0x00, 0x00, 0x00, 0x00, 0x00, 0x00, 0x00, 0x00, 0x00, 0x00, 0x00,
    0x00, 0x00, 0x00, 0x00, 0xff, 0xff, 0xff, 0x01, 0xff, 0xff, 0x00, 0x01, 0x7f, 0x7f, 0x7f, 0x02,
    0xf7, 0xa0, 0x5e, 0x61, 0xfd, 0xaa, 0x64, 0xfa, 0xf7, 0xa2, 0x60, 0xfe, 0xf8, 0xa2, 0x60, 0xff,
    0xf8, 0xa2, 0x60, 0xff, 0xf8, 0xa2, 0x60, 0xff, 0xf8, 0xa2, 0x60, 0xff, 0xf8, 0xa2, 0x60, 0xff,
    0xf8, 0xa2, 0x60, 0xff, 0xf8, 0xa2, 0x60, 0xff, 0xf8, 0xa2, 0x60, 0xff, 0xf8, 0xa2, 0x60, 0xff,
    0xf8, 0xa2, 0x60, 0xff, 0xf8, 0xa2, 0x60, 0xff, 0xf8, 0xa2, 0x60, 0xff, 0xf8, 0xa2, 0x60, 0xff,
    0xf8, 0xa2, 0x60, 0xff, 0xf8, 0xa2, 0x60, 0xff, 0xf8, 0xa2, 0x60, 0xff, 0xf8, 0xa2, 0x60, 0xff,
    0xf8, 0xa2, 0x60, 0xff, 0xf8, 0xa2, 0x60, 0xff, 0xf8, 0xa2, 0x60, 0xff, 0xf8, 0xa2, 0x60, 0xff,
    0xf8, 0xa2, 0x60, 0xff, 0xf8, 0xa2, 0x60, 0xff, 0xf8, 0xa2, 0x60, 0xff, 0xf8, 0xa2, 0x60, 0xff,
    0xf8, 0xa2, 0x60, 0xff, 0xf8, 0xa2, 0x60, 0xff, 0xf8, 0xa2, 0x60, 0xff, 0xf8, 0xa2, 0x60, 0xff,
    0xf8, 0xa2, 0x60, 0xff, 0xf8, 0xa2, 0x60, 0xff, 0xf8, 0xa2, 0x60, 0xff, 0xf8, 0xa2, 0x60, 0xff,
    0xf8, 0xa2, 0x60, 0xff, 0xf8, 0xa2, 0x60, 0xff, 0xf8, 0xa2, 0x60, 0xff, 0xf8, 0xa2, 0x60, 0xff,
    0xf8, 0xa2, 0x60, 0xff, 0xf8, 0xa2, 0x60, 0xff, 0xf8, 0xa2, 0x60, 0xff, 0xf8, 0xa2, 0x60, 0xff,
    0xf8, 0xa2, 0x60, 0xff, 0xf8, 0xa2, 0x60, 0xff, 0xf8, 0xa2, 0x60, 0xff, 0xf8, 0xa2, 0x60, 0xff,
    0xf8, 0xa2, 0x60, 0xff, 0xf8, 0xa2, 0x60, 0xff, 0xf8, 0xa2, 0x60, 0xff, 0xf8, 0xa2, 0x60, 0xff,
    0xf8, 0xa2, 0x60, 0xff, 0xf8, 0xa2, 0x60, 0xff, 0xf8, 0xa2, 0x60, 0xff, 0xf8, 0xa2, 0x60, 0xff,
    0xf8, 0xa2, 0x60, 0xff, 0xf8, 0xa2, 0x60, 0xff, 0xf8, 0xa2, 0x60, 0xff, 0xf8, 0xa2, 0x60, 0xff,
    0xf8, 0xa2, 0x60, 0xff, 0xf8, 0xa2, 0x60, 0xff, 0xf8, 0xa2, 0x60, 0xff, 0xf8, 0xa2, 0x60, 0xff,
    0xf8, 0xa2, 0x60, 0xff, 0xf8, 0xa2, 0x60, 0xff, 0xf8, 0xa2, 0x60, 0xff, 0xf8, 0xa2, 0x60, 0xff,
    0xf8, 0xa2, 0x60, 0xff, 0xf8, 0xa2, 0x60, 0xff, 0xf8, 0xa2, 0x60, 0xff, 0xf8, 0xa2, 0x60, 0xff,
    0xf8, 0xa2, 0x60, 0xff, 0xf8, 0xa2, 0x60, 0xff, 0xf8, 0xa2, 0x60, 0xff, 0xf8, 0xa2, 0x60, 0xff,
    0xf8, 0xa2, 0x60, 0xff, 0xf8, 0xa2, 0x60, 0xff, 0xf8, 0xa2, 0x60, 0xff, 0xf8, 0xa2, 0x60, 0xff,
    0xf8, 0xa2, 0x60, 0xff, 0xf8, 0xa2, 0x60, 0xff, 0xf8, 0xa2, 0x60, 0xff, 0xf8, 0xa2, 0x60, 0xff,
    0xf8, 0xa2, 0x60, 0xff, 0xf8, 0xa2, 0x60, 0xff, 0xf8, 0xa2, 0x60, 0xff, 0xf8, 0xa2, 0x60, 0xff,
    0xf8, 0xa2, 0x60, 0xff, 0xf8, 0xa2, 0x60, 0xff, 0xf8, 0xa2, 0x60, 0xff, 0xf8, 0xa2, 0x60, 0xff,
    0xf8, 0xa2, 0x60, 0xff, 0xf8, 0xa2, 0x60, 0xff, 0xf8, 0xa2, 0x60, 0xff, 0xf8, 0xa2, 0x60, 0xff,
    0xf8, 0xa2, 0x60, 0xff, 0xf8, 0xa2, 0x60, 0xff, 0xf8, 0xa2, 0x60, 0xff, 0xf8, 0xa2, 0x60, 0xff,
    0xf8, 0xa2, 0x60, 0xff, 0xf8, 0xa2, 0x60, 0xff, 0xf8, 0xa2, 0x60, 0xff, 0xf8, 0xa2, 0x60, 0xff,
    0xf8, 0xa2, 0x60, 0xff, 0xf8, 0xa2, 0x60, 0xff, 0xf8, 0xa2, 0x60, 0xff, 0xf8, 0xa2, 0x60, 0xff,
    0xf8, 0xa2, 0x60, 0xff, 0xf8, 0xa2, 0x60, 0xff, 0xf8, 0xa2, 0x60, 0xff, 0xf7, 0xa2, 0x60, 0xfe,
    0xfd, 0xaa, 0x64, 0xfa, 0xf7, 0xa0, 0x5e, 0x61, 0x7f, 0x7f, 0x7f, 0x02, 0xff, 0xff, 0x00, 0x01,
    0xff, 0xff, 0xff, 0x01, 0x00, 0x00, 0x00, 0x00, 0x00, 0x00, 0x00, 0x00, 0x00, 0x00, 0x00, 0x00,
    0x00, 0x00, 0x00, 0x00, 0x00, 0x00, 0x00, 0x00, 0x00, 0x00, 0x00, 0x00, 0xff, 0xaa, 0x55, 0x06,
    0x00, 0x00, 0x00, 0x00, 0xf9, 0xa6, 0x5d, 0x31, 0xf6, 0x9f, 0x5f, 0xd8, 0xfe, 0xa7, 0x63, 0xff,
    0xf7, 0xa1, 0x5f, 0xfe, 0xf8, 0xa2, 0x60, 0xff, 0xf8, 0xa2, 0x60, 0xff, 0xf8, 0xa2, 0x60, 0xff,
    0xf8, 0xa2, 0x60, 0xff, 0xf8, 0xa2, 0x60, 0xff, 0xf8, 0xa2, 0x60, 0xff, 0xf8, 0xa2, 0x60, 0xff,
    0xf8, 0xa2, 0x60, 0xff, 0xf8, 0xa2, 0x60, 0xff, 0xf8, 0xa2, 0x60, 0xff, 0xf8, 0xa2, 0x60, 0xff,
    0xf8, 0xa2, 0x60, 0xff, 0xf8, 0xa2, 0x60, 0xff, 0xf8, 0xa2, 0x60, 0xff, 0xf8, 0xa2, 0x60, 0xff,
    0xf8, 0xa2, 0x60, 0xff, 0xf8, 0xa2, 0x60, 0xff, 0xf8, 0xa2, 0x60, 0xff, 0xf8, 0xa2, 0x60, 0xff,
    0xf8, 0xa2, 0x60, 0xff, 0xf8, 0xa2, 0x60, 0xff, 0xf8, 0xa2, 0x60, 0xff, 0xf8, 0xa2, 0x60, 0xff,
    0xf8, 0xa2, 0x60, 0xff, 0xf8, 0xa2, 0x60, 0xff, 0xf8, 0xa2, 0x60, 0xff, 0xf8, 0xa2, 0x60, 0xff,
    0xf8, 0xa2, 0x60, 0xff, 0xf8, 0xa2, 0x60, 0xff, 0xf8, 0xa2, 0x60, 0xff, 0xf8, 0xa2, 0x60, 0xff,
    0xf8, 0xa2, 0x60, 0xff, 0xf8, 0xa2, 0x60, 0xff, 0xf8, 0xa2, 0x60, 0xff, 0xf8, 0xa2, 0x60, 0xff,
    0xf8, 0xa2, 0x60, 0xff, 0xf8, 0xa2, 0x60, 0xff, 0xf8, 0xa2, 0x60, 0xff, 0xf8, 0xa2, 0x60, 0xff,
    0xf8, 0xa2, 0x60, 0xff, 0xf8, 0xa2, 0x60, 0xff, 0xf8, 0xa2, 0x60, 0xff, 0xf8, 0xa2, 0x60, 0xff,
    0xf8, 0xa2, 0x60, 0xff, 0xf8, 0xa2, 0x60, 0xff, 0xf8, 0xa2, 0x60, 0xff, 0xf8, 0xa2, 0x60, 0xff,
    0xf8, 0xa2, 0x60, 0xff, 0xf8, 0xa2, 0x60, 0xff, 0xf8, 0xa2, 0x60, 0xff, 0xf8, 0xa2, 0x60, 0xff,
    0xf8, 0xa2, 0x60, 0xff, 0xf8, 0xa2, 0x60, 0xff, 0xf8, 0xa2, 0x60, 0xff, 0xf8, 0xa2, 0x60, 0xff,
    0xf8, 0xa2, 0x60, 0xff, 0xf8, 0xa2, 0x60, 0xff, 0xf8, 0xa2, 0x60, 0xff, 0xf8, 0xa2, 0x60, 0xff,
    0xf8, 0xa2, 0x60, 0xff, 0xf8, 0xa2, 0x60, 0xff, 0xf8, 0xa2, 0x60, 0xff, 0xf8, 0xa2, 0x60, 0xff,
    0xf8, 0xa2, 0x60, 0xff, 0xf8, 0xa2, 0x60, 0xff, 0xf8, 0xa2, 0x60, 0xff, 0xf8, 0xa2, 0x60, 0xff,
    0xf8, 0xa2, 0x60, 0xff, 0xf8, 0xa2, 0x60, 0xff, 0xf8, 0xa2, 0x60, 0xff, 0xf8, 0xa2, 0x60, 0xff,
    0xf8, 0xa2, 0x60, 0xff, 0xf8, 0xa2, 0x60, 0xff, 0xf8, 0xa2, 0x60, 0xff, 0xf8, 0xa2, 0x60, 0xff,
    0xf8, 0xa2, 0x60, 0xff, 0xf8, 0xa2, 0x60, 0xff, 0xf8, 0xa2, 0x60, 0xff, 0xf8, 0xa2, 0x60, 0xff,
    0xf8, 0xa2, 0x60, 0xff, 0xf8, 0xa2, 0x60, 0xff, 0xf8, 0xa2, 0x60, 0xff, 0xf8, 0xa2, 0x60, 0xff,
    0xf8, 0xa2, 0x60, 0xff, 0xf8, 0xa2, 0x60, 0xff, 0xf8, 0xa2, 0x60, 0xff, 0xf8, 0xa2, 0x60, 0xff,
    0xf8, 0xa2, 0x60, 0xff, 0xf8, 0xa2, 0x60, 0xff, 0xf8, 0xa2, 0x60, 0xff, 0xf8, 0xa2, 0x60, 0xff,
    0xf8, 0xa2, 0x60, 0xff, 0xf8, 0xa2, 0x60, 0xff, 0xf8, 0xa2, 0x60, 0xff, 0xf8, 0xa2, 0x60, 0xff,
    0xf8, 0xa2, 0x60, 0xff, 0xf8, 0xa2, 0x60, 0xff, 0xf8, 0xa2, 0x60, 0xff, 0xf8, 0xa2, 0x60, 0xff,
    0xf8, 0xa2, 0x60, 0xff, 0xf8, 0xa2, 0x60, 0xff, 0xf8, 0xa2, 0x60, 0xff, 0xf8, 0xa2, 0x60, 0xff,
    0xf8, 0xa2, 0x60, 0xff, 0xf8, 0xa2, 0x60, 0xff, 0xf8, 0xa2, 0x60, 0xff, 0xf8, 0xa2, 0x60, 0xff,
    0xf8, 0xa2, 0x60, 0xff, 0xf7, 0xa1, 0x5f, 0xfe, 0xfe, 0xa7, 0x63, 0xff, 0xf6, 0x9f, 0x5f, 0xd8,
    0xf9, 0xa6, 0x5d, 0x31, 0x00, 0x00, 0x00, 0x00, 0xff, 0xaa, 0x55, 0x06, 0x00, 0x00, 0x00, 0x00,
    0x00, 0x00, 0x00, 0x00, 0x00, 0x00, 0x00, 0x00, 0x00, 0x00, 0x00, 0x00, 0x00, 0x00, 0x00, 0x00,
    0xff, 0xff, 0x00, 0x01, 0xff, 0xbf, 0x3f, 0x04, 0xff, 0xaa, 0x55, 0x0c, 0xf8, 0xa1, 0x5f, 0x7e,
    0xff, 0xac, 0x66, 0xff, 0xf7, 0xa0, 0x5f, 0xfa, 0xf8, 0xa2, 0x60, 0xff, 0xf8, 0xa2, 0x60, 0xff,
    0xf8, 0xa2, 0x60, 0xff, 0xf8, 0xa2, 0x60, 0xff, 0xf8, 0xa2, 0x60, 0xff, 0xf8, 0xa2, 0x60, 0xff,
    0xf8, 0xa2, 0x60, 0xff, 0xf8, 0xa2, 0x60, 0xff, 0xf8, 0xa2, 0x60, 0xff, 0xf8, 0xa2, 0x60, 0xff,
    0xf8, 0xa2, 0x60, 0xff, 0xf8, 0xa2, 0x60, 0xff, 0xf8, 0xa2, 0x60, 0xff, 0xf8, 0xa2, 0x60, 0xff,
    0xf8, 0xa2, 0x60, 0xff, 0xf8, 0xa2, 0x60, 0xff, 0xf8, 0xa2, 0x60, 0xff, 0xf8, 0xa2, 0x60, 0xff,
    0xf8, 0xa2, 0x60, 0xff, 0xf8, 0xa2, 0x60, 0xff, 0xf8, 0xa2, 0x60, 0xff, 0xf8, 0xa2, 0x60, 0xff,
    0xf8, 0xa2, 0x60, 0xff, 0xf8, 0xa2, 0x60, 0xff, 0xf8, 0xa2, 0x60, 0xff, 0xf8, 0xa2, 0x60, 0xff,
    0xf8, 0xa2, 0x60, 0xff, 0xf8, 0xa2, 0x60, 0xff, 0xf8, 0xa2, 0x60, 0xff, 0xf8, 0xa2, 0x60, 0xff,
    0xf8, 0xa2, 0x60, 0xff, 0xf8, 0xa2, 0x60, 0xff, 0xf8, 0xa2, 0x60, 0xff, 0xf8, 0xa2, 0x60, 0xff,
    0xf8, 0xa2, 0x60, 0xff, 0xf8, 0xa2, 0x60, 0xff, 0xf8, 0xa2, 0x60, 0xff, 0xf8, 0xa2, 0x60, 0xff,
    0xf8, 0xa2, 0x60, 0xff, 0xf8, 0xa2, 0x60, 0xff, 0xf8, 0xa2, 0x60, 0xff, 0xf8, 0xa2, 0x60, 0xff,
    0xf8, 0xa2, 0x60, 0xff, 0xf8, 0xa2, 0x60, 0xff, 0xf8, 0xa2, 0x60, 0xff, 0xf8, 0xa2, 0x60, 0xff,
    0xf8, 0xa2, 0x60, 0xff, 0xf8, 0xa2, 0x60, 0xff, 0xf8, 0xa2, 0x60, 0xff, 0xf8, 0xa2, 0x60, 0xff,
    0xf8, 0xa2, 0x60, 0xff, 0xf8, 0xa2, 0x60, 0xff, 0xf8, 0xa2, 0x60, 0xff, 0xf8, 0xa2, 0x60, 0xff,
    0xf8, 0xa2, 0x60, 0xff, 0xf8, 0xa2, 0x60, 0xff, 0xf8, 0xa2, 0x60, 0xff, 0xf8, 0xa2, 0x60, 0xff,
    0xf8, 0xa2, 0x60, 0xff, 0xf8, 0xa2, 0x60, 0xff, 0xf8, 0xa2, 0x60, 0xff, 0xf8, 0xa2, 0x60, 0xff,
    0xf8, 0xa2, 0x60, 0xff, 0xf8, 0xa2, 0x60, 0xff, 0xf8, 0xa2, 0x60, 0xff, 0xf8, 0xa2, 0x60, 0xff,
    0xf8, 0xa2, 0x60, 0xff, 0xf8, 0xa2, 0x60, 0xff, 0xf8, 0xa2, 0x60, 0xff, 0xf8, 0xa2, 0x60, 0xff,
    0xf8, 0xa2, 0x60, 0xff, 0xf8, 0xa2, 0x60, 0xff, 0xf8, 0xa2, 0x60, 0xff, 0xf8, 0xa2, 0x60, 0xff,
    0xf8, 0xa2, 0x60, 0xff, 0xf8, 0xa2, 0x60, 0xff, 0xf8, 0xa3, 0x61, 0xff, 0xf8, 0xa3, 0x61, 0xff,
    0xf8, 0xa3, 0x61, 0xff, 0xf8, 0xa3, 0x61, 0xff, 0xf8, 0xa3, 0x61, 0xff, 0xf8, 0xa3, 0x61, 0xff,
    0xf8, 0xa3, 0x61, 0xff, 0xf8, 0xa2, 0x60, 0xff, 0xf8, 0xa2, 0x60, 0xff, 0xf8, 0xa2, 0x60, 0xff,
    0xf8, 0xa2, 0x60, 0xff, 0xf8, 0xa2, 0x60, 0xff, 0xf8, 0xa2, 0x60, 0xff, 0xf8, 0xa2, 0x60, 0xff,
    0xf8, 0xa2, 0x60, 0xff, 0xf8, 0xa2, 0x60, 0xff, 0xf8, 0xa2, 0x60, 0xff, 0xf8, 0xa2, 0x60, 0xff,
    0xf8, 0xa2, 0x60, 0xff, 0xf8, 0xa2, 0x60, 0xff, 0xf8, 0xa2, 0x60, 0xff, 0xf8, 0xa2, 0x60, 0xff,
    0xf8, 0xa2, 0x60, 0xff, 0xf8, 0xa2, 0x60, 0xff, 0xf8, 0xa2, 0x60, 0xff, 0xf8, 0xa2, 0x60, 0xff,
    0xf8, 0xa2, 0x60, 0xff, 0xf8, 0xa2, 0x60, 0xff, 0xf8, 0xa2, 0x60, 0xff, 0xf8, 0xa2, 0x60, 0xff,
    0xf8, 0xa2, 0x60, 0xff, 0xf8, 0xa2, 0x60, 0xff, 0xf8, 0xa2, 0x60, 0xff, 0xf8, 0xa2, 0x60, 0xff,
    0xf7, 0xa0, 0x5f, 0xfa, 0xff, 0xac, 0x66, 0xff, 0xf8, 0xa1, 0x5f, 0x7e, 0xff, 0xaa, 0x55, 0x0c,
    0xff, 0xbf, 0x3f, 0x04, 0xff, 0xff, 0x00, 0x01, 0x00, 0x00, 0x00, 0x00, 0x00, 0x00, 0x00, 0x00,
    0x00, 0x00, 0x00, 0x00, 0x00, 0x00, 0x00, 0x00, 0xff, 0xaa, 0x55, 0x06, 0x00, 0x00, 0x00, 0x00,
    0xf7, 0xa2, 0x60, 0x42, 0xfb, 0xa3, 0x60, 0xdb, 0xfc, 0xa7, 0x63, 0xfc, 0xf7, 0xa2, 0x61, 0xfc,
    0xf8, 0xa2, 0x60, 0xff, 0xf8, 0xa2, 0x60, 0xff, 0xf8, 0xa2, 0x60, 0xff, 0xf8, 0xa2, 0x60, 0xff,
    0xf8, 0xa2, 0x60, 0xff, 0xf8, 0xa2, 0x60, 0xff, 0xf8, 0xa2, 0x60, 0xff, 0xf8, 0xa2, 0x60, 0xff,
    0xf8, 0xa2, 0x60, 0xff, 0xf8, 0xa2, 0x60, 0xff, 0xf8, 0xa2, 0x60, 0xff, 0xf8, 0xa2, 0x60, 0xff,
    0xf8, 0xa2, 0x60, 0xff, 0xf8, 0xa2, 0x60, 0xff, 0xf8, 0xa2, 0x60, 0xff, 0xf8, 0xa2, 0x60, 0xff,
    0xf8, 0xa2, 0x60, 0xff, 0xf8, 0xa2, 0x60, 0xff, 0xf8, 0xa2, 0x60, 0xff, 0xf8, 0xa2, 0x60, 0xff,
    0xf8, 0xa2, 0x60, 0xff, 0xf8, 0xa2, 0x60, 0xff, 0xf8, 0xa2, 0x60, 0xff, 0xf8, 0xa2, 0x60, 0xff,
    0xf8, 0xa2, 0x60, 0xff, 0xf8, 0xa2, 0x60, 0xff, 0xf8, 0xa2, 0x60, 0xff, 0xf8, 0xa2, 0x60, 0xff,
    0xf8, 0xa2, 0x60, 0xff, 0xf8, 0xa2, 0x60, 0xff, 0xf8, 0xa2, 0x60, 0xff, 0xf8, 0xa2, 0x60, 0xff,
    0xf8, 0xa2, 0x60, 0xff, 0xf8, 0xa2, 0x60, 0xff, 0xf8, 0xa2, 0x60, 0xff, 0xf8, 0xa2, 0x60, 0xff,
    0xf8, 0xa2, 0x60, 0xff, 0xf8, 0xa2, 0x60, 0xff, 0xf8, 0xa2, 0x60, 0xff, 0xf8, 0xa2, 0x60, 0xff,
    0xf8, 0xa2, 0x60, 0xff, 0xf8, 0xa2, 0x60, 0xff, 0xf8, 0xa2, 0x60, 0xff, 0xf8, 0xa2, 0x60, 0xff,
    0xf8, 0xa2, 0x60, 0xff, 0xf8, 0xa2, 0x60, 0xff, 0xf8, 0xa2, 0x60, 0xff, 0xf8, 0xa2, 0x60, 0xff,
    0xf8, 0xa2, 0x60, 0xff, 0xf8, 0xa2, 0x60, 0xff, 0xf8, 0xa2, 0x60, 0xff, 0xf8, 0xa2, 0x60, 0xff,
    0xf8, 0xa2, 0x60, 0xff, 0xf8, 0xa2, 0x60, 0xff, 0xf8, 0xa2, 0x60, 0xff, 0xf8, 0xa2, 0x60, 0xff,
    0xf8, 0xa2, 0x60, 0xff, 0xf8, 0xa2, 0x60, 0xff, 0xf8, 0xa2, 0x60, 0xff, 0xf8, 0xa2, 0x60, 0xff,
    0xf8, 0xa2, 0x60, 0xff, 0xf8, 0xa2, 0x60, 0xff, 0xf8, 0xa2, 0x60, 0xff, 0xf8, 0xa2, 0x60, 0xff,
    0xf8, 0xa2, 0x60, 0xff, 0xf8, 0xa2, 0x60, 0xff, 0xf8, 0xa2, 0x60, 0xff, 0xf8, 0xa2, 0x60, 0xff,
    0xf8, 0xa2, 0x60, 0xff, 0xf8, 0xa2, 0x60, 0xff, 0xf8, 0xa2, 0x60, 0xff, 0xf8, 0xa2, 0x60, 0xff,
    0xf8, 0xa2, 0x60, 0xff, 0xf8, 0xa2, 0x60, 0xff, 0xf8, 0xa2, 0x60, 0xff, 0xf8, 0xa2, 0x60, 0xff,
    0xf8, 0xa0, 0x5d, 0xff, 0xf8, 0x9f, 0x5b, 0xff, 0xf8, 0x9f, 0x5b, 0xff, 0xf8, 0x9f, 0x5b, 0xff,
    0xf8, 0x9f, 0x5b, 0xff, 0xf8, 0x9f, 0x5b, 0xff, 0xf8, 0xa0, 0x5d, 0xff, 0xf8, 0xa2, 0x60, 0xff,
    0xf8, 0xa2, 0x60, 0xff, 0xf8, 0xa2, 0x60, 0xff, 0xf8, 0xa2, 0x60, 0xff, 0xf8, 0xa2, 0x60, 0xff,
    0xf8, 0xa2, 0x60, 0xff, 0xf8, 0xa2, 0x60, 0xff, 0xf8, 0xa2, 0x60, 0xff, 0xf8, 0xa2, 0x60, 0xff,
    0xf8, 0xa2, 0x60, 0xff, 0xf8, 0xa2, 0x60, 0xff, 0xf8, 0xa2, 0x60, 0xff, 0xf8, 0xa2, 0x60, 0xff,
    0xf8, 0xa2, 0x60, 0xff, 0xf8, 0xa2, 0x60, 0xff, 0xf8, 0xa2, 0x60, 0xff, 0xf8, 0xa2, 0x60, 0xff,
    0xf8, 0xa2, 0x60, 0xff, 0xf8, 0xa2, 0x60, 0xff, 0xf8, 0xa2, 0x60, 0xff, 0xf8, 0xa2, 0x60, 0xff,
    0xf8, 0xa2, 0x60, 0xff, 0xf8, 0xa2, 0x60, 0xff, 0xf8, 0xa2, 0x60, 0xff, 0xf8, 0xa2, 0x60, 0xff,
    0xf8, 0xa2, 0x60, 0xff, 0xf8, 0xa2, 0x60, 0xff, 0xf7, 0xa2, 0x61, 0xfc, 0xfc, 0xa7, 0x63, 0xfc,
    0xfb, 0xa3, 0x60, 0xdb, 0xf7, 0xa2, 0x60, 0x42, 0x00, 0x00, 0x00, 0x00, 0xff, 0xaa, 0x55, 0x06,
    0x00, 0x00, 0x00, 0x00, 0x00, 0x00, 0x00, 0x00, 0x00, 0x00, 0x00, 0x00, 0x00, 0x00, 0x00, 0x00,
    0xff, 0x7f, 0x55, 0x06, 0xdf, 0x9f, 0x5f, 0x08, 0xf7, 0xa1, 0x5f, 0x8b, 0xff, 0xaf, 0x67, 0xff,
    0xf7, 0xa1, 0x5f, 0xf9, 0xf8, 0xa2, 0x60, 0xff, 0xf8, 0xa2, 0x60, 0xff, 0xf8, 0xa2, 0x60, 0xff,
    0xf8, 0xa2, 0x60, 0xff, 0xf8, 0xa2, 0x60, 0xff, 0xf8, 0xa2, 0x60, 0xff, 0xf8, 0xa2, 0x60, 0xff,
    0xf8, 0xa2, 0x60, 0xff, 0xf8, 0xa2, 0x60, 0xff, 0xf8, 0xa2, 0x60, 0xff, 0xf8, 0xa2, 0x60, 0xff,
    0xf8, 0xa2, 0x60, 0xff, 0xf8, 0xa2, 0x60, 0xff, 0xf8, 0xa2, 0x60, 0xff, 0xf8, 0xa2, 0x60, 0xff,
    0xf8, 0xa2, 0x60, 0xff, 0xf8, 0xa2, 0x60, 0xff, 0xf8, 0xa2, 0x60, 0xff, 0xf8, 0xa2, 0x60, 0xff,
    0xf8, 0xa2, 0x60, 0xff, 0xf8, 0xa2, 0x60, 0xff, 0xf8, 0xa2, 0x60, 0xff, 0xf8, 0xa2, 0x60, 0xff,
    0xf8, 0xa2, 0x60, 0xff, 0xf8, 0xa2, 0x60, 0xff, 0xf8, 0xa2, 0x60, 0xff, 0xf8, 0xa2, 0x60, 0xff,
    0xf8, 0xa2, 0x60, 0xff, 0xf8, 0xa2, 0x60, 0xff, 0xf8, 0xa2, 0x60, 0xff, 0xf8, 0xa2, 0x60, 0xff,
    0xf8, 0xa2, 0x60, 0xff, 0xf8, 0xa2, 0x60, 0xff, 0xf8, 0xa2, 0x60, 0xff, 0xf8, 0xa2, 0x60, 0xff,
    0xf8, 0xa2, 0x60, 0xff, 0xf8, 0xa2, 0x60, 0xff, 0xf8, 0xa2, 0x60, 0xff, 0xf8, 0xa2, 0x60, 0xff,
    0xf8, 0xa2, 0x60, 0xff, 0xf8, 0xa2, 0x60, 0xff, 0xf8, 0xa2, 0x60, 0xff, 0xf8, 0xa2, 0x60, 0xff,
    0xf8, 0xa2, 0x60, 0xff, 0xf8, 0xa2, 0x60, 0xff, 0xf8, 0xa2, 0x60, 0xff, 0xf8, 0xa2, 0x60, 0xff,
    0xf8, 0xa2, 0x60, 0xff, 0xf8, 0xa2, 0x60, 0xff, 0xf8, 0xa2, 0x60, 0xff, 0xf8, 0xa2, 0x60, 0xff,
    0xf8, 0xa2, 0x60, 0xff, 0xf8, 0xa2, 0x60, 0xff, 0xf8, 0xa2, 0x60, 0xff, 0xf8, 0xa2, 0x60, 0xff,
    0xf8, 0xa2, 0x60, 0xff, 0xf8, 0xa2, 0x60, 0xff, 0xf8, 0xa2, 0x60, 0xff, 0xf8, 0xa2, 0x60, 0xff,
    0xf8, 0xa2, 0x60, 0xff, 0xf8, 0xa2, 0x60, 0xff, 0xf8, 0xa2, 0x60, 0xff, 0xf8, 0xa2, 0x60, 0xff,
    0xf8, 0xa2, 0x60, 0xff, 0xf8, 0xa2, 0x60, 0xff, 0xf8, 0xa2, 0x60, 0xff, 0xf8, 0xa2, 0x60, 0xff,
    0xf8, 0xa2, 0x60, 0xff, 0xf8, 0xa2, 0x60, 0xff, 0xf8, 0xa2, 0x60, 0xff, 0xf8, 0xa2, 0x60, 0xff,
    0xf8, 0xa2, 0x60, 0xff, 0xf8, 0xa2, 0x60, 0xff, 0xf8, 0xa2, 0x60, 0xff, 0xf8, 0xa2, 0x60, 0xff,
    0xf8, 0xa2, 0x60, 0xff, 0xf8, 0xa2, 0x60, 0xff, 0xf8, 0xa8, 0x6a, 0xff, 0xf9, 0xab, 0x70, 0xff,
    0xf9, 0xab, 0x70, 0xff, 0xf9, 0xab, 0x70, 0xff, 0xf9, 0xab, 0x71, 0xff, 0xf9, 0xab, 0x70, 0xff,
    0xf8, 0xa8, 0x69, 0xff, 0xf8, 0xa2, 0x60, 0xff, 0xf8, 0xa2, 0x5f, 0xff, 0xf8, 0xa2, 0x60, 0xff,
    0xf8, 0xa2, 0x60, 0xff, 0xf8, 0xa2, 0x60, 0xff, 0xf8, 0xa2, 0x60, 0xff, 0xf8, 0xa2, 0x60, 0xff,
    0xf8, 0xa2, 0x60, 0xff, 0xf8, 0xa2, 0x60, 0xff, 0xf8, 0xa2, 0x60, 0xff, 0xf8, 0xa2, 0x60, 0xff,
    0xf8, 0xa2, 0x60, 0xff, 0xf8, 0xa2, 0x60, 0xff, 0xf8, 0xa2, 0x60, 0xff, 0xf8, 0xa2, 0x60, 0xff,
    0xf8, 0xa2, 0x60, 0xff, 0xf8, 0xa2, 0x60, 0xff, 0xf8, 0xa2, 0x60, 0xff, 0xf8, 0xa2, 0x60, 0xff,
    0xf8, 0xa2, 0x60, 0xff, 0xf8, 0xa2, 0x60, 0xff, 0xf8, 0xa2, 0x60, 0xff, 0xf8, 0xa2, 0x60, 0xff,
    0xf8, 0xa2, 0x60, 0xff, 0xf8, 0xa2, 0x60, 0xff, 0xf8, 0xa2, 0x60, 0xff, 0xf8, 0xa2, 0x60, 0xff,
    0xf8, 0xa2, 0x60, 0xff, 0xf7, 0xa1, 0x5f, 0xf9, 0xff, 0xaf, 0x67, 0xff, 0xf7, 0xa1, 0x5f, 0x8b,
    0xdf, 0x9f, 0x5f, 0x08, 0xff, 0x7f, 0x55, 0x06, 0x00, 0x00, 0x00, 0x00, 0x00, 0x00, 0x00, 0x00,
    0x00, 0x00, 0x00, 0x00, 0xff, 0xaa, 0x55, 0x03, 0x00, 0x00, 0x00, 0x00, 0xf7, 0xa2, 0x60, 0x42,
    0xfa, 0xa3, 0x60, 0xd0, 0xfc, 0xaa, 0x65, 0xfc, 0xf7, 0xa2, 0x60, 0xfb, 0xf8, 0xa2, 0x60, 0xff,
    0xf8, 0xa2, 0x60, 0xff, 0xf8, 0xa2, 0x60, 0xff, 0xf8, 0xa2, 0x60, 0xff, 0xf8, 0xa2, 0x60, 0xff,
    0xf8, 0xa2, 0x60, 0xff, 0xf8, 0xa2, 0x60, 0xff, 0xf8, 0xa2, 0x60, 0xff, 0xf8, 0xa2, 0x60, 0xff,
    0xf8, 0xa2, 0x60, 0xff, 0xf8, 0xa2, 0x60, 0xff, 0xf8, 0xa2, 0x60, 0xff, 0xf8, 0xa2, 0x60, 0xff,
    0xf8, 0xa2, 0x60, 0xff, 0xf8, 0xa2, 0x60, 0xff, 0xf8, 0xa2, 0x60, 0xff, 0xf8, 0xa2, 0x60, 0xff,
    0xf8, 0xa2, 0x60, 0xff, 0xf8, 0xa2, 0x60, 0xff, 0xf8, 0xa2, 0x60, 0xff, 0xf8, 0xa2, 0x60, 0xff,
    0xf8, 0xa2, 0x60, 0xff, 0xf8, 0xa2, 0x60, 0xff, 0xf8, 0xa2, 0x60, 0xff, 0xf8, 0xa2, 0x60, 0xff,
    0xf8, 0xa2, 0x60, 0xff, 0xf8, 0xa2, 0x60, 0xff, 0xf8, 0xa2, 0x60, 0xff, 0xf8, 0xa2, 0x60, 0xff,
    0xf8, 0xa2, 0x60, 0xff, 0xf8, 0xa2, 0x60, 0xff, 0xf8, 0xa2, 0x60, 0xff, 0xf8, 0xa2, 0x60, 0xff,
    0xf8, 0xa2, 0x60, 0xff, 0xf8, 0xa2, 0x60, 0xff, 0xf8, 0xa2, 0x60, 0xff, 0xf8, 0xa2, 0x60, 0xff,
    0xf8, 0xa2, 0x60, 0xff, 0xf8, 0xa2, 0x60, 0xff, 0xf8, 0xa2, 0x60, 0xff, 0xf8, 0xa2, 0x60, 0xff,
    0xf8, 0xa2, 0x60, 0xff, 0xf8, 0xa2, 0x60, 0xff, 0xf8, 0xa2, 0x60, 0xff, 0xf8, 0xa2, 0x60, 0xff,
    0xf8, 0xa2, 0x60, 0xff, 0xf8, 0xa2, 0x60, 0xff, 0xf8, 0xa2, 0x60, 0xff, 0xf8, 0xa2, 0x60, 0xff,
    0xf8, 0xa2, 0x60, 0xff, 0xf8, 0xa2, 0x60, 0xff, 0xf8, 0xa2, 0x60, 0xff, 0xf8, 0xa2, 0x60, 0xff,
    0xf8, 0xa2, 0x60, 0xff, 0xf8, 0xa2, 0x60, 0xff, 0xf8, 0xa2, 0x60, 0xff, 0xf8, 0xa2, 0x60, 0xff,
    0xf8, 0xa2, 0x60, 0xff, 0xf8, 0xa2, 0x60, 0xff, 0xf8, 0xa2, 0x60, 0xff, 0xf8, 0xa2, 0x60, 0xff,
    0xf8, 0xa2, 0x60, 0xff, 0xf8, 0xa2, 0x60, 0xff, 0xf8, 0xa2, 0x60, 0xff, 0xf8, 0xa2, 0x60, 0xff,
    0xf8, 0xa2, 0x60, 0xff, 0xf8, 0xa2, 0x60, 0xff, 0xf8, 0xa2, 0x60, 0xff, 0xf8, 0xa2, 0x60, 0xff,
    0xf8, 0xa2, 0x60, 0xff, 0xf8, 0xa2, 0x60, 0xff, 0xf8, 0xa2, 0x60, 0xff, 0xf8, 0xa2, 0x60, 0xff,
    0xf8, 0xa2, 0x60, 0xff, 0xf8, 0xa2, 0x60, 0xff, 0xf8, 0xa2, 0x5f, 0xff, 0xf8, 0xa8, 0x6c, 0xff,
    0xfa, 0xbb, 0x8b, 0xff, 0xfa, 0xc3, 0x9a, 0xff, 0xfa, 0xc3, 0x99, 0xff, 0xfa, 0xc3, 0x99, 0xff,
    0xfa, 0xc3, 0x9a, 0xff, 0xfa, 0xc3, 0x99, 0xff, 0xfa, 0xbc, 0x8d, 0xff, 0xf8, 0xa6, 0x66, 0xff,
    0xf8, 0xa1, 0x5e, 0xff, 0xf8, 0xa2, 0x61, 0xff, 0xf8, 0xa2, 0x60, 0xff, 0xf8, 0xa2, 0x60, 0xff,
    0xf8, 0xa2, 0x60, 0xff, 0xf8, 0xa2, 0x60, 0xff, 0xf8, 0xa2, 0x60, 0xff, 0xf8, 0xa2, 0x60, 0xff,
    0xf8, 0xa2, 0x60, 0xff, 0xf8, 0xa2, 0x60, 0xff, 0xf8, 0xa2, 0x60, 0xff, 0xf8, 0xa2, 0x60, 0xff,
    0xf8, 0xa2, 0x60, 0xff, 0xf8, 0xa2, 0x60, 0xff, 0xf8, 0xa2, 0x60, 0xff, 0xf8, 0xa2, 0x60, 0xff,
    0xf8, 0xa2, 0x60, 0xff, 0xf8, 0xa2, 0x60, 0xff, 0xf8, 0xa2, 0x60, 0xff, 0xf8, 0xa2, 0x60, 0xff,
    0xf8, 0xa2, 0x60, 0xff, 0xf8, 0xa2, 0x60, 0xff, 0xf8, 0xa2, 0x60, 0xff, 0xf8, 0xa2, 0x60, 0xff,
    0xf8, 0xa2, 0x60, 0xff, 0xf8, 0xa2, 0x60, 0xff, 0xf8, 0xa2, 0x60, 0xff, 0xf7, 0xa2, 0x60, 0xfb,
    0xfc, 0xaa, 0x65, 0xfc, 0xfa, 0xa3, 0x60, 0xd0, 0xf7, 0xa2, 0x60, 0x42, 0x00, 0x00, 0x00, 0x00,
    0xff, 0xaa, 0x55, 0x03, 0x00, 0x00, 0x00, 0x00, 0x00, 0x00, 0x00, 0x00, 0xff, 0x99, 0x66, 0x05,
    0xaa, 0xaa, 0x55, 0x03, 0xf8, 0xa2, 0x60, 0x97, 0xff, 0xac, 0x65, 0xff, 0xf7, 0xa1, 0x5f, 0xfb,
    0xf7, 0xa1, 0x60, 0xfe, 0xf8, 0xa2, 0x60, 0xff, 0xf8, 0xa2, 0x60, 0xff, 0xf8, 0xa2, 0x60, 0xff,
    0xf8, 0xa2, 0x60, 0xff, 0xf8, 0xa2, 0x60, 0xff, 0xf8, 0xa2, 0x60, 0xff, 0xf8, 0xa2, 0x60, 0xff,
    0xf8, 0xa2, 0x60, 0xff, 0xf8, 0xa2, 0x60, 0xff, 0xf8, 0xa2, 0x60, 0xff, 0xf8, 0xa2, 0x60, 0xff,
    0xf8, 0xa2, 0x60, 0xff, 0xf8, 0xa2, 0x60, 0xff, 0xf8, 0xa2, 0x60, 0xff, 0xf8, 0xa2, 0x60, 0xff,
    0xf8, 0xa2, 0x60, 0xff, 0xf8, 0xa2, 0x60, 0xff, 0xf8, 0xa2, 0x60, 0xff, 0xf8, 0xa2, 0x60, 0xff,
    0xf8, 0xa2, 0x60, 0xff, 0xf8, 0xa2, 0x60, 0xff, 0xf8, 0xa2, 0x60, 0xff, 0xf8, 0xa2, 0x60, 0xff,
    0xf8, 0xa2, 0x60, 0xff, 0xf8, 0xa2, 0x60, 0xff, 0xf8, 0xa2, 0x60, 0xff, 0xf8, 0xa2, 0x60, 0xff,
    0xf8, 0xa2, 0x60, 0xff, 0xf8, 0xa2, 0x60, 0xff, 0xf8, 0xa2, 0x60, 0xff, 0xf8, 0xa2, 0x60, 0xff,
    0xf8, 0xa2, 0x60, 0xff, 0xf8, 0xa2, 0x60, 0xff, 0xf8, 0xa2, 0x60, 0xff, 0xf8, 0xa2, 0x60, 0xff,
    0xf8, 0xa2, 0x60, 0xff, 0xf8, 0xa2, 0x60, 0xff, 0xf8, 0xa2, 0x60, 0xff, 0xf8, 0xa2, 0x60, 0xff,
    0xf8, 0xa2, 0x60, 0xff, 0xf8, 0xa2, 0x60, 0xff, 0xf8, 0xa2, 0x60, 0xff, 0xf8, 0xa2, 0x60, 0xff,
    0xf8, 0xa2, 0x60, 0xff, 0xf8, 0xa2, 0x60, 0xff, 0xf8, 0xa2, 0x60, 0xff, 0xf8, 0xa2, 0x60, 0xff,
    0xf8, 0xa2, 0x60, 0xff, 0xf8, 0xa2, 0x60, 0xff, 0xf8, 0xa2, 0x60, 0xff, 0xf8, 0xa2, 0x60, 0xff,
    0xf8, 0xa2, 0x60, 0xff, 0xf8, 0xa2, 0x60, 0xff, 0xf8, 0xa2, 0x60, 0xff, 0xf8, 0xa2, 0x60, 0xff,
    0xf8, 0xa2, 0x60, 0xff, 0xf8, 0xa2, 0x60, 0xff, 0xf8, 0xa2, 0x60, 0xff, 0xf8, 0xa2, 0x60, 0xff,
    0xf8, 0xa2, 0x60, 0xff, 0xf8, 0xa2, 0x60, 0xff, 0xf8, 0xa2, 0x60, 0xff, 0xf8, 0xa2, 0x60, 0xff,
    0xf8, 0xa2, 0x60, 0xff, 0xf8, 0xa2, 0x60, 0xff, 0xf8, 0xa2, 0x60, 0xff, 0xf8, 0xa2, 0x60, 0xff,
    0xf8, 0xa2, 0x60, 0xff, 0xf8, 0xa2, 0x60, 0xff, 0xf8, 0xa2, 0x60, 0xff, 0xf8, 0xa2, 0x60, 0xff,
    0xf8, 0xa2, 0x60, 0xff, 0xf8, 0xa2, 0x60, 0xff, 0xf8, 0xa2, 0x60, 0xff, 0xf8, 0xa2, 0x60, 0xff,
    0xf8, 0xa1, 0x5d, 0xff, 0xf9, 0xb3, 0x7e, 0xff, 0xfb, 0xc5, 0x9d, 0xff, 0xfb, 0xc8, 0xa2, 0xff,
    0xfb, 0xc7, 0x9f, 0xff, 0xfb, 0xc7, 0xa0, 0xff, 0xfb, 0xc7, 0xa0, 0xff, 0xfb, 0xc7, 0xa1, 0xff,
    0xfb, 0xc9, 0xa4, 0xff, 0xf8, 0xad, 0x72, 0xff, 0xf8, 0xa1, 0x5e, 0xff, 0xf8, 0xa2, 0x60, 0xff,
    0xf8, 0xa2, 0x60, 0xff, 0xf8, 0xa2, 0x60, 0xff, 0xf8, 0xa2, 0x60, 0xff, 0xf8, 0xa2, 0x60, 0xff,
    0xf8, 0xa2, 0x60, 0xff, 0xf8, 0xa2, 0x60, 0xff, 0xf8, 0xa2, 0x60, 0xff, 0xf8, 0xa2, 0x60, 0xff,
    0xf8, 0xa2, 0x60, 0xff, 0xf8, 0xa2, 0x60, 0xff, 0xf8, 0xa2, 0x60, 0xff, 0xf8, 0xa2, 0x60, 0xff,
    0xf8, 0xa2, 0x60, 0xff, 0xf8, 0xa2, 0x60, 0xff, 0xf8, 0xa2, 0x60, 0xff, 0xf8, 0xa2, 0x60, 0xff,
    0xf8, 0xa2, 0x60, 0xff, 0xf8, 0xa2, 0x60, 0xff, 0xf8, 0xa2, 0x60, 0xff, 0xf8, 0xa2, 0x60, 0xff,
    0xf8, 0xa2, 0x60, 0xff, 0xf8, 0xa2, 0x60, 0xff, 0xf8, 0xa2, 0x60, 0xff, 0xf8, 0xa2, 0x60, 0xff,
    0xf8, 0xa2, 0x60, 0xff, 0xf7, 0xa1, 0x60, 0xfe, 0xf7, 0xa1, 0x5f, 0xfb, 0xff, 0xac, 0x65, 0xff,
    0xf8, 0xa2, 0x60, 0x97, 0xaa, 0xaa, 0x55, 0x03, 0xff, 0x99, 0x66, 0x05, 0x00, 0x00, 0x00, 0x00,
    0xff, 0xff, 0x00, 0x01, 0x00, 0x00, 0x00, 0x00, 0xf9, 0xa0, 0x5e, 0x2e, 0xf8, 0xa1, 0x60, 0xc8,
    0xff, 0xac, 0x67, 0xfe, 0xf7, 0xa2, 0x5f, 0xfa, 0xf8, 0xa2, 0x60, 0xff, 0xf8, 0xa2, 0x60, 0xff,
    0xf8, 0xa2, 0x60, 0xff, 0xf8, 0xa2, 0x60, 0xff, 0xf8, 0xa2, 0x60, 0xff, 0xf8, 0xa2, 0x60, 0xff,
    0xf8, 0xa2, 0x60, 0xff, 0xf8, 0xa2, 0x60, 0xff, 0xf8, 0xa2, 0x60, 0xff, 0xf8, 0xa2, 0x60, 0xff,
    0xf8, 0xa2, 0x60, 0xff, 0xf8, 0xa2, 0x60, 0xff, 0xf8, 0xa2, 0x60, 0xff, 0xf8, 0xa2, 0x60, 0xff,
    0xf8, 0xa2, 0x60, 0xff, 0xf8, 0xa2, 0x60, 0xff, 0xf8, 0xa2, 0x60, 0xff, 0xf8, 0xa2, 0x60, 0xff,
    0xf8, 0xa2, 0x60, 0xff, 0xf8, 0xa2, 0x60, 0xff, 0xf8, 0xa2, 0x60, 0xff, 0xf8, 0xa2, 0x60, 0xff,
    0xf8, 0xa2, 0x60, 0xff, 0xf8, 0xa2, 0x60, 0xff, 0xf8, 0xa2, 0x60, 0xff, 0xf8, 0xa2, 0x60, 0xff,
    0xf8, 0xa2, 0x60, 0xff, 0xf8, 0xa2, 0x60, 0xff, 0xf8, 0xa2, 0x60, 0xff, 0xf8, 0xa2, 0x60, 0xff,
    0xf8, 0xa2, 0x60, 0xff, 0xf8, 0xa2, 0x60, 0xff, 0xf8, 0xa2, 0x60, 0xff, 0xf8, 0xa2, 0x60, 0xff,
    0xf8, 0xa2, 0x60, 0xff, 0xf8, 0xa2, 0x60, 0xff, 0xf8, 0xa2, 0x60, 0xff, 0xf8, 0xa2, 0x60, 0xff,
    0xf8, 0xa2, 0x60, 0xff, 0xf8, 0xa2, 0x60, 0xff, 0xf8, 0xa2, 0x60, 0xff, 0xf8, 0xa2, 0x60, 0xff,
    0xf8, 0xa2, 0x60, 0xff, 0xf8, 0xa2, 0x60, 0xff, 0xf8, 0xa2, 0x60, 0xff, 0xf8, 0xa2, 0x60, 0xff,
    0xf8, 0xa2, 0x60, 0xff, 0xf8, 0xa2, 0x60, 0xff, 0xf8, 0xa2, 0x60, 0xff, 0xf8, 0xa2, 0x60, 0xff,
    0xf8, 0xa2, 0x60, 0xff, 0xf8, 0xa2, 0x60, 0xff, 0xf8, 0xa2, 0x60, 0xff, 0xf8, 0xa2, 0x60, 0xff,
    0xf8, 0xa2, 0x60, 0xff, 0xf8, 0xa2, 0x60, 0xff, 0xf8, 0xa2, 0x60, 0xff, 0xf8, 0xa2, 0x60, 0xff,
    0xf8, 0xa2, 0x60, 0xff, 0xf8, 0xa2, 0x60, 0xff, 0xf8, 0xa2, 0x60, 0xff, 0xf8, 0xa2, 0x60, 0xff,
    0xf8, 0xa2, 0x60, 0xff, 0xf8, 0xa2, 0x60, 0xff, 0xf8, 0xa2, 0x60, 0xff, 0xf8, 0xa2, 0x60, 0xff,
    0xf8, 0xa2, 0x60, 0xff, 0xf8, 0xa2, 0x60, 0xff, 0xf8, 0xa2, 0x60, 0xff, 0xf8, 0xa2, 0x60, 0xff,
    0xf8, 0xa2, 0x60, 0xff, 0xf8, 0xa2, 0x60, 0xff, 0xf8, 0xa2, 0x60, 0xff, 0xf8, 0xa2, 0x60, 0xff,
    0xf8, 0xa2, 0x60, 0xff, 0xf8, 0xa2, 0x61, 0xff, 0xf8, 0xa0, 0x5d, 0xff, 0xf9, 0xb6, 0x83, 0xff,
    0xfb, 0xc6, 0x9f, 0xff, 0xfb, 0xc7, 0xa1, 0xff, 0xfb, 0xc7, 0xa0, 0xff, 0xfb, 0xc7, 0xa0, 0xff,
    0xfb, 0xc7, 0xa0, 0xff, 0xfb, 0xc7, 0xa1, 0xff, 0xfb, 0xc8, 0xa1, 0xff, 0xf9, 0xaf, 0x77, 0xff,
    0xf8, 0xa2, 0x61, 0xff, 0xf8, 0xa2, 0x5f, 0xff, 0xf8, 0xa2, 0x60, 0xff, 0xf8, 0xa2, 0x60, 0xff,
    0xf8, 0xa2, 0x60, 0xff, 0xf8, 0xa2, 0x60, 0xff, 0xf8, 0xa2, 0x60, 0xff, 0xf8, 0xa2, 0x60, 0xff,
    0xf8, 0xa2, 0x60, 0xff, 0xf8, 0xa2, 0x60, 0xff, 0xf8, 0xa2, 0x60, 0xff, 0xf8, 0xa2, 0x60, 0xff,
    0xf8, 0xa2, 0x60, 0xff, 0xf8, 0xa2, 0x60, 0xff, 0xf8, 0xa2, 0x60, 0xff, 0xf8, 0xa2, 0x60, 0xff,
    0xf8, 0xa2, 0x60, 0xff, 0xf8, 0xa2, 0x60, 0xff, 0xf8, 0xa2, 0x60, 0xff, 0xf8, 0xa2, 0x60, 0xff,
    0xf8, 0xa2, 0x60, 0xff, 0xf8, 0xa2, 0x60, 0xff, 0xf8, 0xa2, 0x60, 0xff, 0xf8, 0xa2, 0x60, 0xff,
    0xf8, 0xa2, 0x60, 0xff, 0xf8, 0xa2, 0x60, 0xff, 0xf8, 0xa2, 0x60, 0xff, 0xf8, 0xa2, 0x60, 0xff,
    0xf7, 0xa2, 0x5f, 0xfa, 0xff, 0xac, 0x67, 0xfe, 0xf8, 0xa1, 0x60, 0xc8, 0xf9, 0xa0, 0x5e, 0x2e,
    0x00, 0x00, 0x00, 0x00, 0xff, 0xff, 0x00, 0x01, 0xff, 0x7f, 0x7f, 0x02, 0xff, 0x00, 0x00, 0x01,
    0xf8, 0xa2, 0x5e, 0x79, 0xf7, 0xa1, 0x5f, 0xf1, 0xfc, 0xa6, 0x62, 0xff, 0xf7, 0xa1, 0x5f, 0xfd,
    0xf8, 0xa2, 0x60, 0xff, 0xf8, 0xa2, 0x60, 0xff, 0xf8, 0xa2, 0x60, 0xff, 0xf8, 0xa2, 0x60, 0xff,
    0xf8, 0xa2, 0x60, 0xff, 0xf8, 0xa2, 0x60, 0xff, 0xf8, 0xa2, 0x60, 0xff, 0xf8, 0xa2, 0x60, 0xff,
    0xf8, 0xa2, 0x60, 0xff, 0xf8, 0xa2, 0x60, 0xff, 0xf8, 0xa2, 0x60, 0xff, 0xf8, 0xa2, 0x60, 0xff,
    0xf8, 0xa2, 0x60, 0xff, 0xf8, 0xa2, 0x60, 0xff, 0xf8, 0xa2, 0x60, 0xff, 0xf8, 0xa2, 0x60, 0xff,
    0xf8, 0xa2, 0x60, 0xff, 0xf8, 0xa2, 0x60, 0xff, 0xf8, 0xa2, 0x60, 0xff, 0xf8, 0xa2, 0x60, 0xff,
    0xf8, 0xa2, 0x60, 0xff, 0xf8, 0xa2, 0x60, 0xff, 0xf8, 0xa2, 0x60, 0xff, 0xf8, 0xa2, 0x60, 0xff,
    0xf8, 0xa2, 0x60, 0xff, 0xf8, 0xa2, 0x60, 0xff, 0xf8, 0xa2, 0x60, 0xff, 0xf8, 0xa2, 0x60, 0xff,
    0xf8, 0xa2, 0x60, 0xff, 0xf8, 0xa2, 0x60, 0xff, 0xf8, 0xa2, 0x60, 0xff, 0xf8, 0xa2, 0x60, 0xff,
    0xf8, 0xa2, 0x60, 0xff, 0xf8, 0xa2, 0x60, 0xff, 0xf8, 0xa2, 0x60, 0xff, 0xf8, 0xa2, 0x60, 0xff,
    0xf8, 0xa2, 0x60, 0xff, 0xf8, 0xa2, 0x60, 0xff, 0xf8, 0xa2, 0x60, 0xff, 0xf8, 0xa2, 0x60, 0xff,
    0xf8, 0xa2, 0x60, 0xff, 0xf8, 0xa2, 0x60, 0xff, 0xf8, 0xa2, 0x60, 0xff, 0xf8, 0xa2, 0x60, 0xff,
    0xf8, 0xa2, 0x60, 0xff, 0xf8, 0xa2, 0x60, 0xff, 0xf8, 0xa2, 0x60, 0xff, 0xf8, 0xa2, 0x60, 0xff,
    0xf8, 0xa2, 0x60, 0xff, 0xf8, 0xa2, 0x60, 0xff, 0xf8, 0xa2, 0x60, 0xff, 0xf8, 0xa2, 0x60, 0xff,
    0xf8, 0xa2, 0x60, 0xff, 0xf8, 0xa2, 0x60, 0xff, 0xf8, 0xa2, 0x60, 0xff, 0xf8, 0xa2, 0x60, 0xff,
    0xf8, 0xa2, 0x60, 0xff, 0xf8, 0xa2, 0x60, 0xff, 0xf8, 0xa2, 0x60, 0xff, 0xf8, 0xa2, 0x60, 0xff,
    0xf8, 0xa2, 0x60, 0xff, 0xf8, 0xa2, 0x60, 0xff, 0xf8, 0xa2, 0x60, 0xff, 0xf8, 0xa2, 0x60, 0xff,
    0xf8, 0xa2, 0x60, 0xff, 0xf8, 0xa2, 0x60, 0xff, 0xf8, 0xa2, 0x60, 0xff, 0xf8, 0xa2, 0x60, 0xff,
    0xf8, 0xa2, 0x60, 0xff, 0xf8, 0xa2, 0x61, 0xff, 0xf8, 0xa2, 0x61, 0xff, 0xf8, 0xa2, 0x60, 0xff,
    0xf8, 0xa2, 0x60, 0xff, 0xf8, 0xa2, 0x60, 0xff, 0xf8, 0xa2, 0x60, 0xff, 0xf8, 0xa2, 0x61, 0xff,
    0xf8, 0x9e, 0x5b, 0xff, 0xf9, 0xbb, 0x89, 0xff, 0xfb, 0xc9, 0xa2, 0xff, 0xfb, 0xc7, 0xa0, 0xff,
    0xfb, 0xc7, 0xa0, 0xff, 0xfb, 0xc7, 0xa0, 0xff, 0xfb, 0xc7, 0xa0, 0xff, 0xfb, 0xc7, 0xa0, 0xff,
    0xfb, 0xc8, 0xa1, 0xff, 0xf9, 0xb3, 0x7e, 0xff, 0xf8, 0xa3, 0x62, 0xff, 0xf8, 0xa1, 0x5e, 0xff,
    0xf8, 0xa2, 0x61, 0xff, 0xf8, 0xa2, 0x60, 0xff, 0xf8, 0xa2, 0x60, 0xff, 0xf8, 0xa2, 0x60, 0xff,
    0xf8, 0xa2, 0x61, 0xff, 0xf8, 0xa2, 0x61, 0xff, 0xf8, 0xa2, 0x60, 0xff, 0xf8, 0xa2, 0x60, 0xff,
    0xf8, 0xa2, 0x60, 0xff, 0xf8, 0xa2, 0x60, 0xff, 0xf8, 0xa2, 0x60, 0xff, 0xf8, 0xa2, 0x60, 0xff,
    0xf8, 0xa2, 0x60, 0xff, 0xf8, 0xa2, 0x60, 0xff, 0xf8, 0xa2, 0x60, 0xff, 0xf8, 0xa2, 0x60, 0xff,
    0xf8, 0xa2, 0x60, 0xff, 0xf8, 0xa2, 0x60, 0xff, 0xf8, 0xa2, 0x60, 0xff, 0xf8, 0xa2, 0x60, 0xff,
    0xf8, 0xa2, 0x60, 0xff, 0xf8, 0xa2, 0x60, 0xff, 0xf8, 0xa2, 0x60, 0xff, 0xf8, 0xa2, 0x60, 0xff,
    0xf8, 0xa2, 0x60, 0xff, 0xf8, 0xa2, 0x60, 0xff, 0xf7, 0xa1, 0x5f, 0xfd, 0xfc, 0xa6, 0x62, 0xff,
    0xf7, 0xa1, 0x5f, 0xf1, 0xf8, 0xa2, 0x5e, 0x79, 0xff, 0x00, 0x00, 0x01, 0xff, 0x7f, 0x7f, 0x02,
    0xff, 0x7f, 0x7f, 0x02, 0x00, 0x00, 0x00, 0x00, 0xf7, 0xa1, 0x60, 0xc1, 0xfe, 0xaf, 0x67, 0xff,
    0xf7, 0xa1, 0x5f, 0xfa, 0xf8, 0xa2, 0x60, 0xff, 0xf8, 0xa2, 0x60, 0xff, 0xf8, 0xa2, 0x60, 0xff,
    0xf8, 0xa2, 0x60, 0xff, 0xf8, 0xa2, 0x60, 0xff, 0xf8, 0xa2, 0x60, 0xff, 0xf8, 0xa2, 0x60, 0xff,
    0xf8, 0xa2, 0x60, 0xff, 0xf8, 0xa2, 0x60, 0xff, 0xf8, 0xa2, 0x60, 0xff, 0xf8, 0xa2, 0x60, 0xff,
    0xf8, 0xa2, 0x60, 0xff, 0xf8, 0xa2, 0x60, 0xff, 0xf8, 0xa2, 0x60, 0xff, 0xf8, 0xa2, 0x60, 0xff,
    0xf8, 0xa2, 0x60, 0xff, 0xf8, 0xa2, 0x60, 0xff, 0xf8, 0xa2, 0x60, 0xff, 0xf8, 0xa2, 0x60, 0xff,
    0xf8, 0xa2, 0x60, 0xff, 0xf8, 0xa2, 0x60, 0xff, 0xf8, 0xa2, 0x60, 0xff, 0xf8, 0xa2, 0x60, 0xff,
    0xf8, 0xa2, 0x60, 0xff, 0xf8, 0xa2, 0x60, 0xff, 0xf8, 0xa2, 0x60, 0xff, 0xf8, 0xa2, 0x60, 0xff,
    0xf8, 0xa2, 0x60, 0xff, 0xf8, 0xa2, 0x60, 0xff, 0xf8, 0xa2, 0x60, 0xff, 0xf8, 0xa2, 0x60, 0xff,
    0xf8, 0xa2, 0x60, 0xff, 0xf8, 0xa2, 0x60, 0xff, 0xf8, 0xa2, 0x60, 0xff, 0xf8, 0xa2, 0x60, 0xff,
    0xf8, 0xa2, 0x60, 0xff, 0xf8, 0xa2, 0x60, 0xff, 0xf8, 0xa2, 0x60, 0xff, 0xf8, 0xa2, 0x60, 0xff,
    0xf8, 0xa2, 0x60, 0xff, 0xf8, 0xa2, 0x60, 0xff, 0xf8, 0xa2, 0x60, 0xff, 0xf8, 0xa2, 0x60, 0xff,
    0xf8, 0xa2, 0x60, 0xff, 0xf8, 0xa2, 0x60, 0xff, 0xf8, 0xa2, 0x60, 0xff, 0xf8, 0xa2, 0x60, 0xff,
    0xf8, 0xa2, 0x60, 0xff, 0xf8, 0xa2, 0x60, 0xff, 0xf8, 0xa2, 0x60, 0xff, 0xf8, 0xa2, 0x60, 0xff,
    0xf8, 0xa2, 0x60, 0xff, 0xf8, 0xa2, 0x60, 0xff, 0xf8, 0xa2, 0x60, 0xff, 0xf8, 0xa2, 0x60, 0xff,
    0xf8, 0xa2, 0x60, 0xff, 0xf8, 0xa2, 0x60, 0xff, 0xf8, 0xa2, 0x60, 0xff, 0xf8, 0xa2, 0x60, 0xff,
    0xf8, 0xa2, 0x60, 0xff, 0xf8, 0xa2, 0x60, 0xff, 0xf8, 0xa2, 0x60, 0xff, 0xf8, 0xa2, 0x60, 0xff,
    0xf8, 0xa2, 0x60, 0xff, 0xf8, 0xa2, 0x60, 0xff, 0xf8, 0xa2, 0x60, 0xff, 0xf8, 0xa2, 0x60, 0xff,
    0xf8, 0xa2, 0x60, 0xff, 0xf8, 0xa2, 0x61, 0xff, 0xf8, 0xa1, 0x5f, 0xff, 0xf8, 0x9f, 0x5b, 0xff,
    0xf8, 0x9f, 0x5b, 0xff, 0xf8, 0xa1, 0x5e, 0xff, 0xf8, 0xa2, 0x60, 0xff, 0xf8, 0xa3, 0x61, 0xff,
    0xf8, 0xa1, 0x5e, 0xff, 0xf8, 0xa3, 0x62, 0xff, 0xfa, 0xb2, 0x7b, 0xff, 0xfb, 0xc4, 0x9a, 0xff,
    0xfb, 0xc8, 0xa2, 0xff, 0xfb, 0xc7, 0x9f, 0xff, 0xfb, 0xc7, 0xa0, 0xff, 0xfb, 0xc7, 0xa0, 0xff,
    0xfb, 0xc7, 0xa0, 0xff, 0xfb, 0xc7, 0xa0, 0xff, 0xfb, 0xc7, 0xa0, 0xff, 0xfa, 0xc2, 0x97, 0xff,
    0xf9, 0xb4, 0x7f, 0xff, 0xf8, 0xa3, 0x62, 0xff, 0xf8, 0xa0, 0x5c, 0xff, 0xf8, 0xa3, 0x62, 0xff,
    0xf8, 0xa2, 0x60, 0xff, 0xf8, 0xa0, 0x5d, 0xff, 0xf8, 0x9f, 0x5b, 0xff, 0xf8, 0x9f, 0x5b, 0xff,
    0xf8, 0xa1, 0x5f, 0xff, 0xf8, 0xa2, 0x60, 0xff, 0xf8, 0xa2, 0x60, 0xff, 0xf8, 0xa2, 0x60, 0xff,
    0xf8, 0xa2, 0x60, 0xff, 0xf8, 0xa2, 0x60, 0xff, 0xf8, 0xa2, 0x60, 0xff, 0xf8, 0xa2, 0x60, 0xff,
    0xf8, 0xa2, 0x60, 0xff, 0xf8, 0xa2, 0x60, 0xff, 0xf8, 0xa2, 0x60, 0xff, 0xf8, 0xa2, 0x60, 0xff,
    0xf8, 0xa2, 0x60, 0xff, 0xf8, 0xa2, 0x60, 0xff, 0xf8, 0xa2, 0x60, 0xff, 0xf8, 0xa2, 0x60, 0xff,
    0xf8, 0xa2, 0x60, 0xff, 0xf8, 0xa2, 0x60, 0xff, 0xf8, 0xa2, 0x60, 0xff, 0xf8, 0xa2, 0x60, 0xff,
    0xf8, 0xa2, 0x60, 0xff, 0xf7, 0xa1, 0x5f, 0xfa, 0xfe, 0xaf, 0x67, 0xff, 0xf7, 0xa1, 0x60, 0xc1,
    0x00, 0x00, 0x00, 0x00, 0xff, 0x7f, 0x7f, 0x02, 0x00, 0x00, 0x00, 0x00, 0xf3, 0xa0, 0x63, 0x2e,
    0xf8, 0xa1, 0x60, 0xdd, 0xff, 0xad, 0x67, 0xff, 0xf7, 0xa2, 0x60, 0xfa, 0xf8, 0xa2, 0x60, 0xff,
    0xf8, 0xa2, 0x60, 0xff, 0xf8, 0xa2, 0x60, 0xff, 0xf8, 0xa2, 0x60, 0xff, 0xf8, 0xa2, 0x60, 0xff,
    0xf8, 0xa2, 0x60, 0xff, 0xf8, 0xa2, 0x60, 0xff, 0xf8, 0xa2, 0x60, 0xff, 0xf8, 0xa2, 0x60, 0xff,
    0xf8, 0xa2, 0x60, 0xff, 0xf8, 0xa2, 0x60, 0xff, 0xf8, 0xa2, 0x60, 0xff, 0xf8, 0xa2, 0x60, 0xff,
    0xf8, 0xa2, 0x60, 0xff, 0xf8, 0xa2, 0x60, 0xff, 0xf8, 0xa2, 0x60, 0xff, 0xf8, 0xa2, 0x60, 0xff,
    0xf8, 0xa2, 0x60, 0xff, 0xf8, 0xa2, 0x60, 0xff, 0xf8, 0xa2, 0x60, 0xff, 0xf8, 0xa2, 0x60, 0xff,
    0xf8, 0xa2, 0x60, 0xff, 0xf8, 0xa2, 0x60, 0xff, 0xf8, 0xa2, 0x60, 0xff, 0xf8, 0xa2, 0x60, 0xff,
    0xf8, 0xa2, 0x60, 0xff, 0xf8, 0xa2, 0x60, 0xff, 0xf8, 0xa2, 0x60, 0xff, 0xf8, 0xa2, 0x60, 0xff,
    0xf8, 0xa2, 0x60, 0xff, 0xf8, 0xa2, 0x60, 0xff, 0xf8, 0xa2, 0x60, 0xff, 0xf8, 0xa2, 0x60, 0xff,
    0xf8, 0xa2, 0x60, 0xff, 0xf8, 0xa2, 0x60, 0xff, 0xf8, 0xa2, 0x60, 0xff, 0xf8, 0xa2, 0x60, 0xff,
    0xf8, 0xa2, 0x60, 0xff, 0xf8, 0xa2, 0x60, 0xff, 0xf8, 0xa2, 0x60, 0xff, 0xf8, 0xa2, 0x60, 0xff,
    0xf8, 0xa2, 0x60, 0xff, 0xf8, 0xa2, 0x60, 0xff, 0xf8, 0xa2, 0x60, 0xff, 0xf8, 0xa2, 0x60, 0xff,
    0xf8, 0xa2, 0x60, 0xff, 0xf8, 0xa2, 0x60, 0xff, 0xf8, 0xa2, 0x60, 0xff, 0xf8, 0xa2, 0x60, 0xff,
    0xf8, 0xa2, 0x60, 0xff, 0xf8, 0xa2, 0x60, 0xff, 0xf8, 0xa2, 0x60, 0xff, 0xf8, 0xa2, 0x60, 0xff,
    0xf8, 0xa2, 0x60, 0xff, 0xf8, 0xa2, 0x60, 0xff, 0xf8, 0xa2, 0x60, 0xff, 0xf8, 0xa2, 0x60, 0xff,
    0xf8, 0xa2, 0x60, 0xff, 0xf8, 0xa2, 0x60, 0xff, 0xf8, 0xa2, 0x60, 0xff, 0xf8, 0xa2, 0x60, 0xff,
    0xf8, 0xa2, 0x60, 0xff, 0xf8, 0xa2, 0x60, 0xff, 0xf8, 0xa2, 0x60, 0xff, 0xf8, 0xa2, 0x60, 0xff,
    0xf8, 0xa2, 0x60, 0xff, 0xf8, 0xa2, 0x60, 0xff, 0xf8, 0xa2, 0x60, 0xff, 0xf8, 0xa1, 0x5d, 0xff,
    0xf9, 0xad, 0x72, 0xff, 0xfa, 0xbc, 0x8d, 0xff, 0xfa, 0xbd, 0x8d, 0xff, 0xf9, 0xb1, 0x79, 0xff,
    0xf9, 0xa4, 0x63, 0xff, 0xf8, 0xa1, 0x5e, 0xff, 0xf9, 0xb1, 0x7a, 0xff, 0xfa, 0xbf, 0x92, 0xff,
    0xfb, 0xc5, 0x9c, 0xff, 0xfb, 0xc7, 0xa0, 0xff, 0xfb, 0xc7, 0xa0, 0xff, 0xfb, 0xc7, 0xa0, 0xff,
    0xfb, 0xc7, 0xa0, 0xff, 0xfb, 0xc7, 0xa0, 0xff, 0xfb, 0xc7, 0xa0, 0xff, 0xfb, 0xc7, 0xa0, 0xff,
    0xfb, 0xc7, 0xa0, 0xff, 0xfb, 0xc7, 0xa1, 0xff, 0xfb, 0xc5, 0x9c, 0xff, 0xfa, 0xbf, 0x93, 0xff,
    0xf9, 0xaf, 0x76, 0xff, 0xf8, 0xa0, 0x5c, 0xff, 0xf8, 0xa5, 0x65, 0xff, 0xf9, 0xb3, 0x7d, 0xff,
    0xfa, 0xbc, 0x8e, 0xff, 0xf9, 0xbc, 0x8b, 0xff, 0xf9, 0xaa, 0x6d, 0xff, 0xf8, 0xa3, 0x60, 0xff,
    0xf8, 0xa3, 0x60, 0xff, 0xf8, 0xa2, 0x60, 0xff, 0xf8, 0xa2, 0x60, 0xff, 0xf8, 0xa2, 0x60, 0xff,
    0xf8, 0xa2, 0x60, 0xff, 0xf8, 0xa2, 0x60, 0xff, 0xf8, 0xa2, 0x60, 0xff, 0xf8, 0xa2, 0x60, 0xff,
    0xf8, 0xa2, 0x60, 0xff, 0xf8, 0xa2, 0x60, 0xff, 0xf8, 0xa2, 0x60, 0xff, 0xf8, 0xa2, 0x60, 0xff,
    0xf8, 0xa2, 0x60, 0xff, 0xf8, 0xa2, 0x60, 0xff, 0xf8, 0xa2, 0x60, 0xff, 0xf8, 0xa2, 0x60, 0xff,
    0xf8, 0xa2, 0x60, 0xff, 0xf8, 0xa2, 0x60, 0xff, 0xf8, 0xa2, 0x60, 0xff, 0xf7, 0xa2, 0x60, 0xfa,
    0xff, 0xad, 0x67, 0xff, 0xf8, 0xa1, 0x60, 0xdd, 0xf3, 0xa0, 0x63, 0x2e, 0x00, 0x00, 0x00, 0x00,
    0xff, 0xff, 0x00, 0x01, 0xf8, 0xa3, 0x60, 0x72, 0xf7, 0xa0, 0x5f, 0xf1, 0xfd, 0xa6, 0x63, 0xff,
    0xf7, 0xa2, 0x60, 0xfc, 0xf8, 0xa2, 0x60, 0xff, 0xf8, 0xa2, 0x60, 0xff, 0xf8, 0xa2, 0x60, 0xff,
    0xf8, 0xa2, 0x60, 0xff, 0xf8, 0xa2, 0x60, 0xff, 0xf8, 0xa2, 0x60, 0xff, 0xf8, 0xa2, 0x60, 0xff,
    0xf8, 0xa2, 0x60, 0xff, 0xf8, 0xa2, 0x60, 0xff, 0xf8, 0xa2, 0x60, 0xff, 0xf8, 0xa2, 0x60, 0xff,
    0xf8, 0xa2, 0x60, 0xff, 0xf8, 0xa2, 0x60, 0xff, 0xf8, 0xa2, 0x60, 0xff, 0xf8, 0xa2, 0x60, 0xff,
    0xf8, 0xa2, 0x60, 0xff, 0xf8, 0xa2, 0x60, 0xff, 0xf8, 0xa2, 0x60, 0xff, 0xf8, 0xa2, 0x60, 0xff,
    0xf8, 0xa2, 0x60, 0xff, 0xf8, 0xa2, 0x60, 0xff, 0xf8, 0xa2, 0x60, 0xff, 0xf8, 0xa2, 0x60, 0xff,
    0xf8, 0xa2, 0x60, 0xff, 0xf8, 0xa2, 0x60, 0xff, 0xf8, 0xa2, 0x60, 0xff, 0xf8, 0xa2, 0x60, 0xff,
    0xf8, 0xa2, 0x60, 0xff, 0xf8, 0xa2, 0x60, 0xff, 0xf8, 0xa2, 0x60, 0xff, 0xf8, 0xa2, 0x60, 0xff,
    0xf8, 0xa2, 0x60, 0xff, 0xf8, 0xa2, 0x60, 0xff, 0xf8, 0xa2, 0x60, 0xff, 0xf8, 0xa2, 0x60, 0xff,
    0xf8, 0xa2, 0x60, 0xff, 0xf8, 0xa2, 0x60, 0xff, 0xf8, 0xa2, 0x60, 0xff, 0xf8, 0xa2, 0x60, 0xff,
    0xf8, 0xa2, 0x60, 0xff, 0xf8, 0xa2, 0x60, 0xff, 0xf8, 0xa2, 0x60, 0xff, 0xf8, 0xa2, 0x60, 0xff,
    0xf8, 0xa2, 0x60, 0xff, 0xf8, 0xa2, 0x60, 0xff, 0xf8, 0xa2, 0x60, 0xff, 0xf8, 0xa2, 0x60, 0xff,
    0xf8, 0xa2, 0x60, 0xff, 0xf8, 0xa2, 0x60, 0xff, 0xf8, 0xa2, 0x60, 0xff, 0xf8, 0xa2, 0x60, 0xff,
    0xf8, 0xa2, 0x60, 0xff, 0xf8, 0xa2, 0x60, 0xff, 0xf8, 0xa2, 0x60, 0xff, 0xf8, 0xa2, 0x60, 0xff,
    0xf8, 0xa2, 0x60, 0xff, 0xf8, 0xa2, 0x60, 0xff, 0xf8, 0xa2, 0x60, 0xff, 0xf8, 0xa2, 0x60, 0xff,
    0xf8, 0xa2, 0x60, 0xff, 0xf8, 0xa2, 0x60, 0xff, 0xf8, 0xa2, 0x60, 0xff, 0xf8, 0xa2, 0x60, 0xff,
    0xf8, 0xa2, 0x60, 0xff, 0xf8, 0xa2, 0x60, 0xff, 0xf8, 0xa2, 0x60, 0xff, 0xf8, 0xa2, 0x60, 0xff,
    0xf8, 0xa3, 0x61, 0xff, 0xf9, 0xa4, 0x64, 0xff, 0xfa, 0xbd, 0x8e, 0xff, 0xfb, 0xcb, 0xa7, 0xff,
    0xfb, 0xc9, 0xa3, 0xff, 0xfb, 0xc4, 0x9a, 0xff, 0xfa, 0xbd, 0x8e, 0xff, 0xfa, 0xbb, 0x8b, 0xff,
    0xfb, 0xc4, 0x9a, 0xff, 0xfb, 0xca, 0xa5, 0xff, 0xfb, 0xc9, 0xa3, 0xff, 0xfb, 0xc7, 0xa0, 0xff,
    0xfb, 0xc7, 0xa0, 0xff, 0xfb, 0xc7, 0xa0, 0xff, 0xfb, 0xc7, 0xa0, 0xff, 0xfb, 0xc7, 0xa0, 0xff,
    0xfb, 0xc7, 0xa0, 0xff, 0xfb, 0xc7, 0xa0, 0xff, 0xfb, 0xc7, 0xa0, 0xff, 0xfb, 0xc7, 0xa0, 0xff,
    0xfb, 0xc8, 0xa2, 0xff, 0xfb, 0xca, 0xa5, 0xff, 0xfa, 0xc3, 0x98, 0xff, 0xfa, 0xba, 0x8a, 0xff,
    0xfa, 0xbd, 0x8f, 0xff, 0xfb, 0xc4, 0x9b, 0xff, 0xfb, 0xca, 0xa5, 0xff, 0xfb, 0xc9, 0xa3, 0xff,
    0xfa, 0xbc, 0x8e, 0xff, 0xf8, 0xa6, 0x66, 0xff, 0xf8, 0xa0, 0x5c, 0xff, 0xf8, 0xa3, 0x61, 0xff,
    0xf8, 0xa2, 0x60, 0xff, 0xf8, 0xa2, 0x60, 0xff, 0xf8, 0xa2, 0x60, 0xff, 0xf8, 0xa2, 0x60, 0xff,
    0xf8, 0xa2, 0x60, 0xff, 0xf8, 0xa2, 0x60, 0xff, 0xf8, 0xa2, 0x60, 0xff, 0xf8, 0xa2, 0x60, 0xff,
    0xf8, 0xa2, 0x60, 0xff, 0xf8, 0xa2, 0x60, 0xff, 0xf8, 0xa2, 0x60, 0xff, 0xf8, 0xa2, 0x60, 0xff,
    0xf8, 0xa2, 0x60, 0xff, 0xf8, 0xa2, 0x60, 0xff, 0xf8, 0xa2, 0x60, 0xff, 0xf8, 0xa2, 0x60, 0xff,
    0xf8, 0xa2, 0x60, 0xff, 0xf7, 0xa2, 0x60, 0xfc, 0xfd, 0xa6, 0x63, 0xff, 0xf7, 0xa0, 0x5f, 0xf1,
    0xf8, 0xa3, 0x60, 0x72, 0xff, 0xff, 0x00, 0x01, 0x00, 0x00, 0x00, 0x00, 0xf7, 0xa1, 0x60, 0xaf,
    0xfb, 0xa6, 0x63, 0xff, 0xf9, 0xa2, 0x60, 0xfe, 0xf7, 0xa2, 0x5f, 0xfe, 0xf8, 0xa2, 0x60, 0xff,
    0xf8, 0xa2, 0x60, 0xff, 0xf8, 0xa2, 0x60, 0xff, 0xf8, 0xa2, 0x60, 0xff, 0xf8, 0xa2, 0x60, 0xff,
    0xf8, 0xa2, 0x60, 0xff, 0xf8, 0xa2, 0x60, 0xff, 0xf8, 0xa2, 0x60, 0xff, 0xf8, 0xa2, 0x60, 0xff,
    0xf8, 0xa2, 0x60, 0xff, 0xf8, 0xa2, 0x60, 0xff, 0xf8, 0xa2, 0x60, 0xff, 0xf8, 0xa2, 0x60, 0xff,
    0xf8, 0xa2, 0x60, 0xff, 0xf8, 0xa2, 0x60, 0xff, 0xf8, 0xa2, 0x60, 0xff, 0xf8, 0xa2, 0x60, 0xff,
    0xf8, 0xa2, 0x60, 0xff, 0xf8, 0xa2, 0x60, 0xff, 0xf8, 0xa2, 0x60, 0xff, 0xf8, 0xa2, 0x60, 0xff,
    0xf8, 0xa2, 0x60, 0xff, 0xf8, 0xa2, 0x60, 0xff, 0xf8, 0xa2, 0x60, 0xff, 0xf8, 0xa2, 0x60, 0xff,
    0xf8, 0xa2, 0x60, 0xff, 0xf8, 0xa2, 0x60, 0xff, 0xf8, 0xa2, 0x60, 0xff, 0xf8, 0xa2, 0x60, 0xff,
    0xf8, 0xa2, 0x60, 0xff, 0xf8, 0xa2, 0x60, 0xff, 0xf8, 0xa2, 0x60, 0xff, 0xf8, 0xa2, 0x60, 0xff,
    0xf8, 0xa2, 0x60, 0xff, 0xf8, 0xa2, 0x60, 0xff, 0xf8, 0xa2, 0x60, 0xff, 0xf8, 0xa2, 0x60, 0xff,
    0xf8, 0xa2, 0x60, 0xff, 0xf8, 0xa2, 0x60, 0xff, 0xf8, 0xa2, 0x60, 0xff, 0xf8, 0xa2, 0x60, 0xff,
    0xf8, 0xa2, 0x60, 0xff, 0xf8, 0xa2, 0x60, 0xff, 0xf8, 0xa2, 0x60, 0xff, 0xf8, 0xa2, 0x60, 0xff,
    0xf8, 0xa2, 0x60, 0xff, 0xf8, 0xa2, 0x60, 0xff, 0xf8, 0xa2, 0x60, 0xff, 0xf8, 0xa2, 0x60, 0xff,
    0xf8, 0xa2, 0x60, 0xff, 0xf8, 0xa2, 0x61, 0xff, 0xf8, 0xa3, 0x61, 0xff, 0xf8, 0xa3, 0x61, 0xff,
    0xf8, 0xa3, 0x61, 0xff, 0xf8, 0xa3, 0x61, 0xff, 0xf8, 0xa3, 0x61, 0xff, 0xf8, 0xa3, 0x61, 0xff,
    0xf8, 0xa3, 0x61, 0xff, 0xf8, 0xa3, 0x61, 0xff, 0xf8, 0xa3, 0x61, 0xff, 0xf8, 0xa3, 0x61, 0xff,
    0xf8, 0xa3, 0x61, 0xff, 0xf8, 0xa2, 0x61, 0xff, 0xf8, 0xa2, 0x60, 0xff, 0xf8, 0xa2, 0x60, 0xff,
    0xf8, 0xa2, 0x60, 0xff, 0xf8, 0xa2, 0x5f, 0xff, 0xf8, 0xa0, 0x5c, 0xff, 0xfa, 0xb4, 0x80, 0xff,
    0xfb, 0xc6, 0x9f, 0xff, 0xfb, 0xc8, 0xa2, 0xff, 0xfb, 0xc6, 0x9e, 0xff, 0xfb, 0xc8, 0xa2, 0xff,
    0xfb, 0xca, 0xa5, 0xff, 0xfb, 0xcb, 0xa6, 0xff, 0xfb, 0xc8, 0xa2, 0xff, 0xfb, 0xc6, 0x9f, 0xff,
    0xfb, 0xc6, 0x9f, 0xff, 0xfb, 0xc7, 0xa0, 0xff, 0xfb, 0xc7, 0xa0, 0xff, 0xfb, 0xc7, 0xa0, 0xff,
    0xfb, 0xc7, 0x9f, 0xff, 0xfb, 0xc7, 0x9f, 0xff, 0xfb, 0xc7, 0x9f, 0xff, 0xfb, 0xc7, 0xa0, 0xff,
    0xfb, 0xc7, 0xa0, 0xff, 0xfb, 0xc7, 0xa0, 0xff, 0xfb, 0xc7, 0x9f, 0xff, 0xfb, 0xc6, 0x9f, 0xff,
    0xfb, 0xc8, 0xa2, 0xff, 0xfb, 0xcb, 0xa7, 0xff, 0xfb, 0xca, 0xa5, 0xff, 0xfb, 0xc8, 0xa2, 0xff,
    0xfb, 0xc6, 0x9f, 0xff, 0xfb, 0xc7, 0x9f, 0xff, 0xfb, 0xc8, 0xa2, 0xff, 0xf9, 0xaf, 0x76, 0xff,
    0xf8, 0xa1, 0x5e, 0xff, 0xf8, 0xa2, 0x60, 0xff, 0xf8, 0xa2, 0x60, 0xff, 0xf8, 0xa2, 0x60, 0xff,
    0xf8, 0xa2, 0x60, 0xff, 0xf8, 0xa2, 0x60, 0xff, 0xf8, 0xa2, 0x60, 0xff, 0xf8, 0xa2, 0x60, 0xff,
    0xf8, 0xa2, 0x60, 0xff, 0xf8, 0xa2, 0x60, 0xff, 0xf8, 0xa2, 0x60, 0xff, 0xf8, 0xa2, 0x60, 0xff,
    0xf8, 0xa2, 0x60, 0xff, 0xf8, 0xa2, 0x60, 0xff, 0xf8, 0xa2, 0x60, 0xff, 0xf8, 0xa2, 0x60, 0xff,
    0xf8, 0xa2, 0x60, 0xff, 0xf8, 0xa2, 0x60, 0xff, 0xf8, 0xa2, 0x60, 0xff, 0xf7, 0xa2, 0x5f, 0xfe,
    0xf9, 0xa2, 0x60, 0xfe, 0xfb, 0xa6, 0x63, 0xff, 0xf7, 0xa1, 0x60, 0xaf, 0x00, 0x00, 0x00, 0x00,
    0xff, 0xaa, 0x55, 0x09, 0xf7, 0xa2, 0x5f, 0xd4, 0xff, 0xad, 0x67, 0xff, 0xf7, 0xa1, 0x60, 0xfc,
    0xf8, 0xa2, 0x60, 0xff, 0xf8, 0xa2, 0x60, 0xff, 0xf8, 0xa2, 0x60, 0xff, 0xf8, 0xa2, 0x60, 0xff,
    0xf8, 0xa2, 0x60, 0xff, 0xf8, 0xa2, 0x60, 0xff, 0xf8, 0xa2, 0x60, 0xff, 0xf8, 0xa2, 0x60, 0xff,
    0xf8, 0xa2, 0x60, 0xff, 0xf8, 0xa2, 0x60, 0xff, 0xf8, 0xa2, 0x60, 0xff, 0xf8, 0xa2, 0x60, 0xff,
    0xf8, 0xa2, 0x60, 0xff, 0xf8, 0xa2, 0x60, 0xff, 0xf8, 0xa2, 0x60, 0xff, 0xf8, 0xa2, 0x60, 0xff,
    0xf8, 0xa2, 0x60, 0xff, 0xf8, 0xa2, 0x60, 0xff, 0xf8, 0xa2, 0x60, 0xff, 0xf8, 0xa2, 0x60, 0xff,
    0xf8, 0xa2, 0x60, 0xff, 0xf8, 0xa2, 0x60, 0xff, 0xf8, 0xa2, 0x60, 0xff, 0xf8, 0xa2, 0x60, 0xff,
    0xf8, 0xa2, 0x60, 0xff, 0xf8, 0xa2, 0x60, 0xff, 0xf8, 0xa2, 0x60, 0xff, 0xf8, 0xa2, 0x60, 0xff,
    0xf8, 0xa2, 0x60, 0xff, 0xf8, 0xa2, 0x60, 0xff, 0xf8, 0xa2, 0x60, 0xff, 0xf8, 0xa2, 0x60, 0xff,
    0xf8, 0xa2, 0x60, 0xff, 0xf8, 0xa2, 0x60, 0xff, 0xf8, 0xa2, 0x60, 0xff, 0xf8, 0xa2, 0x60, 0xff,
    0xf8, 0xa2, 0x60, 0xff, 0xf8, 0xa2, 0x60, 0xff, 0xf8, 0xa2, 0x60, 0xff, 0xf8, 0xa2, 0x60, 0xff,
    0xf8, 0xa2, 0x60, 0xff, 0xf8, 0xa2, 0x60, 0xff, 0xf8, 0xa2, 0x60, 0xff, 0xf8, 0xa2, 0x60, 0xff,
    0xf8, 0xa2, 0x60, 0xff, 0xf8, 0xa2, 0x60, 0xff, 0xf8, 0xa2, 0x60, 0xff, 0xf8, 0xa2, 0x60, 0xff,
    0xf8, 0xa2, 0x60, 0xff, 0xf8, 0xa2, 0x60, 0xff, 0xf8, 0xa3, 0x62, 0xff, 0xf8, 0xa1, 0x5f, 0xff,
    0xf8, 0xa1, 0x5e, 0xff, 0xf8, 0xa1, 0x5e, 0xff, 0xf8, 0xa1, 0x5e, 0xff, 0xf8, 0xa1, 0x5e, 0xff,
    0xf8, 0xa1, 0x5e, 0xff, 0xf8, 0xa1, 0x5e, 0xff, 0xf8, 0xa1, 0x5e, 0xff, 0xf8, 0xa1, 0x5e, 0xff,
    0xf8, 0xa1, 0x5e, 0xff, 0xf8, 0xa1, 0x5e, 0xff, 0xf8, 0xa1, 0x5e, 0xff, 0xf8, 0xa1, 0x5f, 0xff,
    0xf8, 0xa2, 0x61, 0xff, 0xf8, 0xa2, 0x60, 0xff, 0xf8, 0xa2, 0x60, 0xff, 0xf8, 0xa2, 0x60, 0xff,
    0xf8, 0xa6, 0x67, 0xff, 0xfa, 0xc2, 0x98, 0xff, 0xfb, 0xc8, 0xa3, 0xff, 0xfb, 0xc7, 0x9f, 0xff,
    0xfb, 0xc7, 0xa0, 0xff, 0xfb, 0xc7, 0x9f, 0xff, 0xfb, 0xc6, 0x9e, 0xff, 0xfb, 0xc6, 0x9e, 0xff,
    0xfb, 0xc7, 0x9f, 0xff, 0xfb, 0xc7, 0xa0, 0xff, 0xfb, 0xc7, 0xa0, 0xff, 0xfb, 0xc7, 0xa0, 0xff,
    0xfb, 0xc7, 0x9f, 0xff, 0xfb, 0xc7, 0xa0, 0xff, 0xfb, 0xc8, 0xa2, 0xff, 0xfb, 0xc8, 0xa2, 0xff,
    0xfb, 0xc8, 0xa1, 0xff, 0xfb, 0xc7, 0xa0, 0xff, 0xfb, 0xc7, 0x9f, 0xff, 0xfb, 0xc7, 0xa0, 0xff,
    0xfb, 0xc7, 0xa0, 0xff, 0xfb, 0xc7, 0xa0, 0xff, 0xfb, 0xc6, 0x9f, 0xff, 0xfb, 0xc6, 0x9e, 0xff,
    0xfb, 0xc6, 0x9e, 0xff, 0xfb, 0xc7, 0x9f, 0xff, 0xfb, 0xc7, 0xa0, 0xff, 0xfb, 0xc7, 0xa0, 0xff,
    0xfb, 0xc7, 0xa2, 0xff, 0xfb, 0xbf, 0x92, 0xff, 0xf8, 0xa9, 0x6c, 0xff, 0xf8, 0x9f, 0x5c, 0xff,
    0xf8, 0xa3, 0x61, 0xff, 0xf8, 0xa2, 0x60, 0xff, 0xf8, 0xa2, 0x60, 0xff, 0xf8, 0xa2, 0x60, 0xff,
    0xf8, 0xa2, 0x60, 0xff, 0xf8, 0xa2, 0x60, 0xff, 0xf8, 0xa2, 0x60, 0xff, 0xf8, 0xa2, 0x60, 0xff,
    0xf8, 0xa2, 0x60, 0xff, 0xf8, 0xa2, 0x60, 0xff, 0xf8, 0xa2, 0x60, 0xff, 0xf8, 0xa2, 0x60, 0xff,
    0xf8, 0xa2, 0x60, 0xff, 0xf8, 0xa2, 0x60, 0xff, 0xf8, 0xa2, 0x60, 0xff, 0xf8, 0xa2, 0x60, 0xff,
    0xf8, 0xa2, 0x60, 0xff, 0xf8, 0xa2, 0x60, 0xff, 0xf7, 0xa1, 0x60, 0xfc, 0xff, 0xad, 0x67, 0xff,
    0xf7, 0xa2, 0x5f, 0xd4, 0xff, 0xaa, 0x55, 0x09, 0xfa, 0xa4, 0x5f, 0x3b, 0xf8, 0xa2, 0x5f, 0xe1,
    0xff, 0xab, 0x65, 0xff, 0xf7, 0xa1, 0x60, 0xfc, 0xf8, 0xa2, 0x60, 0xff, 0xf8, 0xa2, 0x60, 0xff,
    0xf8, 0xa2, 0x60, 0xff, 0xf8, 0xa2, 0x60, 0xff, 0xf8, 0xa2, 0x60, 0xff, 0xf8, 0xa2, 0x60, 0xff,
    0xf8, 0xa2, 0x60, 0xff, 0xf8, 0xa2, 0x60, 0xff, 0xf8, 0xa2, 0x60, 0xff, 0xf8, 0xa2, 0x60, 0xff,
    0xf8, 0xa2, 0x60, 0xff, 0xf8, 0xa2, 0x60, 0xff, 0xf8, 0xa2, 0x60, 0xff, 0xf8, 0xa2, 0x60, 0xff,
    0xf8, 0xa2, 0x60, 0xff, 0xf8, 0xa2, 0x60, 0xff, 0xf8, 0xa2, 0x60, 0xff, 0xf8, 0xa2, 0x60, 0xff,
    0xf8, 0xa2, 0x60, 0xff, 0xf8, 0xa2, 0x60, 0xff, 0xf8, 0xa2, 0x60, 0xff, 0xf8, 0xa2, 0x60, 0xff,
    0xf8, 0xa2, 0x60, 0xff, 0xf8, 0xa2, 0x60, 0xff, 0xf8, 0xa2, 0x60, 0xff, 0xf8, 0xa2, 0x60, 0xff,
    0xf8, 0xa2, 0x60, 0xff, 0xf8, 0xa2, 0x60, 0xff, 0xf8, 0xa2, 0x60, 0xff, 0xf8, 0xa2, 0x60, 0xff,
    0xf8, 0xa2, 0x60, 0xff, 0xf8, 0xa2, 0x60, 0xff, 0xf8, 0xa2, 0x60, 0xff, 0xf8, 0xa2, 0x60, 0xff,
    0xf8, 0xa2, 0x60, 0xff, 0xf8, 0xa2, 0x60, 0xff, 0xf8, 0xa2, 0x60, 0xff, 0xf8, 0xa2, 0x60, 0xff,
    0xf8, 0xa2, 0x60, 0xff, 0xf8, 0xa2, 0x60, 0xff, 0xf8, 0xa2, 0x60, 0xff, 0xf8, 0xa2, 0x60, 0xff,
    0xf8, 0xa2, 0x60, 0xff, 0xf8, 0xa2, 0x60, 0xff, 0xf8, 0xa2, 0x60, 0xff, 0xf8, 0xa2, 0x60, 0xff,
    0xf8, 0xa2, 0x60, 0xff, 0xf8, 0xa2, 0x60, 0xff, 0xf8, 0xa2, 0x60, 0xff, 0xf8, 0xa2, 0x60, 0xff,
    0xf8, 0x9f, 0x5b, 0xff, 0xf8, 0xa2, 0x60, 0xff, 0xf8, 0xa3, 0x62, 0xff, 0xf8, 0xa3, 0x61, 0xff,
    0xf8, 0xa3, 0x62, 0xff, 0xf8, 0xa3, 0x62, 0xff, 0xf8, 0xa3, 0x62, 0xff, 0xf8, 0xa3, 0x62, 0xff,
    0xf8, 0xa3, 0x62, 0xff, 0xf8, 0xa3, 0x62, 0xff, 0xf8, 0xa3, 0x62, 0xff, 0xf8, 0xa3, 0x61, 0xff,
    0xf8, 0xa3, 0x62, 0xff, 0xf8, 0xa2, 0x5f, 0xff, 0xf8, 0xa0, 0x5c, 0xff, 0xf8, 0xa2, 0x5f, 0xff,
    0xf8, 0xa1, 0x5f, 0xff, 0xf8, 0xa2, 0x61, 0xff, 0xf9, 0xba, 0x88, 0xff, 0xfb, 0xc6, 0x9e, 0xff,
    0xfb, 0xc7, 0xa1, 0xff, 0xfb, 0xc7, 0x9f, 0xff, 0xfb, 0xc7, 0xa0, 0xff, 0xfb, 0xc7, 0xa0, 0xff,
    0xfb, 0xc7, 0xa0, 0xff, 0xfb, 0xc7, 0xa0, 0xff, 0xfb, 0xc7, 0xa0, 0xff, 0xfb, 0xc7, 0xa0, 0xff,
    0xfb, 0xc7, 0xa0, 0xff, 0xfb, 0xc7, 0xa0, 0xff, 0xfb, 0xc9, 0xa3, 0xff, 0xfb, 0xc8, 0xa2, 0xff,
    0xfb, 0xc5, 0x9c, 0xff, 0xfb, 0xc4, 0x9a, 0xff, 0xfb, 0xc6, 0x9e, 0xff, 0xfb, 0xc8, 0xa2, 0xff,
    0xfb, 0xc8, 0xa2, 0xff, 0xfb, 0xc7, 0xa0, 0xff, 0xfb, 0xc7, 0xa0, 0xff, 0xfb, 0xc7, 0xa0, 0xff,
    0xfb, 0xc7, 0xa0, 0xff, 0xfb, 0xc7, 0xa0, 0xff, 0xfb, 0xc7, 0xa0, 0xff, 0xfb, 0xc7, 0xa0, 0xff,
    0xfb, 0xc7, 0xa0, 0xff, 0xfb, 0xc7, 0xa0, 0xff, 0xfb, 0xc6, 0x9e, 0xff, 0xfb, 0xca, 0xa5, 0xff,
    0xf9, 0xb3, 0x7e, 0xff, 0xf8, 0xa0, 0x5e, 0xff, 0xf8, 0xa3, 0x60, 0xff, 0xf8, 0xa2, 0x60, 0xff,
    0xf8, 0xa2, 0x60, 0xff, 0xf8, 0xa2, 0x60, 0xff, 0xf8, 0xa2, 0x60, 0xff, 0xf8, 0xa2, 0x60, 0xff,
    0xf8, 0xa2, 0x60, 0xff, 0xf8, 0xa2, 0x60, 0xff, 0xf8, 0xa2, 0x60, 0xff, 0xf8, 0xa2, 0x60, 0xff,
    0xf8, 0xa2, 0x60, 0xff, 0xf8, 0xa2, 0x60, 0xff, 0xf8, 0xa2, 0x60, 0xff, 0xf8, 0xa2, 0x60, 0xff,
    0xf8, 0xa2, 0x60, 0xff, 0xf8, 0xa2, 0x60, 0xff, 0xf8, 0xa2, 0x60, 0xff, 0xf8, 0xa2, 0x60, 0xff,
    0xf7, 0xa1, 0x60, 0xfc, 0xff, 0xab, 0x65, 0xff, 0xf8, 0xa2, 0x5f, 0xe1, 0xfa, 0xa4, 0x5f, 0x3b,
    0xf6, 0xa1, 0x60, 0x72, 0xf8, 0xa0, 0x5f, 0xe9, 0xff, 0xa9, 0x64, 0xff, 0xf7, 0xa1, 0x5f, 0xfd,
    0xf8, 0xa2, 0x60, 0xff, 0xf8, 0xa2, 0x60, 0xff, 0xf8, 0xa2, 0x60, 0xff, 0xf8, 0xa2, 0x60, 0xff,
    0xf8, 0xa2, 0x60, 0xff, 0xf8, 0xa2, 0x60, 0xff, 0xf8, 0xa2, 0x60, 0xff, 0xf8, 0xa2, 0x60, 0xff,
    0xf8, 0xa2, 0x60, 0xff, 0xf8, 0xa2, 0x60, 0xff, 0xf8, 0xa2, 0x60, 0xff, 0xf8, 0xa2, 0x60, 0xff,
    0xf8, 0xa2, 0x60, 0xff, 0xf8, 0xa2, 0x60, 0xff, 0xf8, 0xa2, 0x60, 0xff, 0xf8, 0xa2, 0x60, 0xff,
    0xf8, 0xa2, 0x60, 0xff, 0xf8, 0xa2, 0x60, 0xff, 0xf8, 0xa2, 0x60, 0xff, 0xf8, 0xa2, 0x60, 0xff,
    0xf8, 0xa2, 0x60, 0xff, 0xf8, 0xa2, 0x60, 0xff, 0xf8, 0xa2, 0x60, 0xff, 0xf8, 0xa2, 0x60, 0xff,
    0xf8, 0xa2, 0x60, 0xff, 0xf8, 0xa2, 0x60, 0xff, 0xf8, 0xa2, 0x60, 0xff, 0xf8, 0xa2, 0x60, 0xff,
    0xf8, 0xa2, 0x60, 0xff, 0xf8, 0xa2, 0x60, 0xff, 0xf8, 0xa2, 0x60, 0xff, 0xf8, 0xa2, 0x60, 0xff,
    0xf8, 0xa2, 0x60, 0xff, 0xf8, 0xa2, 0x60, 0xff, 0xf8, 0xa2, 0x60, 0xff, 0xf8, 0xa2, 0x60, 0xff,
    0xf8, 0xa2, 0x60, 0xff, 0xf8, 0xa2, 0x60, 0xff, 0xf8, 0xa2, 0x60, 0xff, 0xf8, 0xa2, 0x60, 0xff,
    0xf8, 0xa2, 0x60, 0xff, 0xf8, 0xa2, 0x60, 0xff, 0xf8, 0xa2, 0x60, 0xff, 0xf8, 0xa2, 0x60, 0xff,
    0xf8, 0xa2, 0x60, 0xff, 0xf8, 0xa2, 0x60, 0xff, 0xf8, 0xa2, 0x60, 0xff, 0xf8, 0xa2, 0x60, 0xff,
    0xf8, 0xa2, 0x60, 0xff, 0xf8, 0xa2, 0x60, 0xff, 0xf8, 0xa6, 0x67, 0xff, 0xfb, 0xc0, 0x95, 0xff,
    0xfb, 0xc6, 0x9d, 0xff, 0xfb, 0xc4, 0x99, 0xff, 0xfb, 0xc4, 0x9b, 0xff, 0xfb, 0xc4, 0x9b, 0xff,
    0xfb, 0xc4, 0x9b, 0xff, 0xfb, 0xc4, 0x9b, 0xff, 0xfb, 0xc4, 0x9b, 0xff, 0xfb, 0xc4, 0x9b, 0xff,
    0xfb, 0xc4, 0x9b, 0xff, 0xfb, 0xc4, 0x9a, 0xff, 0xfb, 0xc5, 0x9c, 0xff, 0xfb, 0xc0, 0x93, 0xff,
    0xfa, 0xaf, 0x76, 0xff, 0xf8, 0xa1, 0x5f, 0xff, 0xf8, 0xa1, 0x5e, 0xff, 0xf8, 0xa3, 0x62, 0xff,
    0xfa, 0xc3, 0x97, 0xff, 0xfb, 0xc8, 0xa2, 0xff, 0xfb, 0xc7, 0xa0, 0xff, 0xfb, 0xc7, 0xa0, 0xff,
    0xfb, 0xc7, 0xa0, 0xff, 0xfb, 0xc7, 0xa0, 0xff, 0xfb, 0xc7, 0xa0, 0xff, 0xfb, 0xc7, 0xa0, 0xff,
    0xfb, 0xc7, 0xa0, 0xff, 0xfb, 0xc7, 0xa0, 0xff, 0xfb, 0xc7, 0xa0, 0xff, 0xfb, 0xc8, 0xa0, 0xff,
    0xfb, 0xc6, 0x9e, 0xff, 0xfb, 0xbd, 0x90, 0xff, 0xf9, 0xb3, 0x7e, 0xff, 0xf9, 0xb1, 0x79, 0xff,
    0xfa, 0xb7, 0x84, 0xff, 0xfa, 0xbe, 0x91, 0xff, 0xfb, 0xc5, 0x9c, 0xff, 0xfb, 0xc8, 0xa1, 0xff,
    0xfb, 0xc7, 0xa1, 0xff, 0xfb, 0xc7, 0xa0, 0xff, 0xfb, 0xc7, 0xa0, 0xff, 0xfb, 0xc7, 0xa0, 0xff,
    0xfb, 0xc7, 0xa0, 0xff, 0xfb, 0xc7, 0xa0, 0xff, 0xfb, 0xc7, 0xa0, 0xff, 0xfb, 0xc7, 0xa0, 0xff,
    0xfb, 0xc6, 0x9f, 0xff, 0xfb, 0xca, 0xa5, 0xff, 0xfa, 0xba, 0x87, 0xff, 0xf8, 0xa5, 0x65, 0xff,
    0xf8, 0xa1, 0x5f, 0xff, 0xf8, 0xa2, 0x61, 0xff, 0xf8, 0xa2, 0x60, 0xff, 0xf8, 0xa2, 0x60, 0xff,
    0xf8, 0xa2, 0x60, 0xff, 0xf8, 0xa2, 0x60, 0xff, 0xf8, 0xa2, 0x60, 0xff, 0xf8, 0xa2, 0x60, 0xff,
    0xf8, 0xa2, 0x60, 0xff, 0xf8, 0xa2, 0x60, 0xff, 0xf8, 0xa2, 0x60, 0xff, 0xf8, 0xa2, 0x60, 0xff,
    0xf8, 0xa2, 0x60, 0xff, 0xf8, 0xa2, 0x60, 0xff, 0xf8, 0xa2, 0x60, 0xff, 0xf8, 0xa2, 0x60, 0xff,
    0xf8, 0xa2, 0x60, 0xff, 0xf8, 0xa2, 0x60, 0xff, 0xf7, 0xa1, 0x5f, 0xfd, 0xff, 0xa9, 0x64, 0xff,
    0xf8, 0xa0, 0x5f, 0xe9, 0xf6, 0xa1, 0x60, 0x72, 0xf7, 0xa1, 0x60, 0x8e, 0xf8, 0xa2, 0x5f, 0xed,
    0xff, 0xa7, 0x63, 0xff, 0xf7, 0xa2, 0x5f, 0xfd, 0xf8, 0xa2, 0x60, 0xff, 0xf8, 0xa2, 0x60, 0xff,
    0xf8, 0xa2, 0x60, 0xff, 0xf8, 0xa2, 0x60, 0xff, 0xf8, 0xa2, 0x60, 0xff, 0xf8, 0xa2, 0x60, 0xff,
    0xf8, 0xa2, 0x60, 0xff, 0xf8, 0xa2, 0x60, 0xff, 0xf8, 0xa2, 0x60, 0xff, 0xf8, 0xa2, 0x60, 0xff,
    0xf8, 0xa2, 0x60, 0xff, 0xf8, 0xa2, 0x60, 0xff, 0xf8, 0xa2, 0x60, 0xff, 0xf8, 0xa2, 0x60, 0xff,
    0xf8, 0xa2, 0x60, 0xff, 0xf8, 0xa2, 0x60, 0xff, 0xf8, 0xa2, 0x60, 0xff, 0xf8, 0xa2, 0x60, 0xff,
    0xf8, 0xa2, 0x60, 0xff, 0xf8, 0xa2, 0x60, 0xff, 0xf8, 0xa2, 0x60, 0xff, 0xf8, 0xa2, 0x60, 0xff,
    0xf8, 0xa2, 0x60, 0xff, 0xf8, 0xa2, 0x60, 0xff, 0xf8, 0xa2, 0x60, 0xff, 0xf8, 0xa2, 0x60, 0xff,
    0xf8, 0xa2, 0x60, 0xff, 0xf8, 0xa2, 0x60, 0xff, 0xf8, 0xa2, 0x60, 0xff, 0xf8, 0xa2, 0x60, 0xff,
    0xf8, 0xa2, 0x60, 0xff, 0xf8, 0xa2, 0x60, 0xff, 0xf8, 0xa2, 0x60, 0xff, 0xf8, 0xa2, 0x60, 0xff,
    0xf8, 0xa2, 0x60, 0xff, 0xf8, 0xa2, 0x60, 0xff, 0xf8, 0xa2, 0x60, 0xff, 0xf8, 0xa2, 0x60, 0xff,
    0xf8, 0xa2, 0x60, 0xff, 0xf8, 0xa2, 0x60, 0xff, 0xf8, 0xa2, 0x60, 0xff, 0xf8, 0xa2, 0x60, 0xff,
    0xf8, 0xa2, 0x60, 0xff, 0xf8, 0xa2, 0x60, 0xff, 0xf8, 0xa2, 0x60, 0xff, 0xf8, 0xa2, 0x60, 0xff,
    0xf8, 0xa2, 0x60, 0xff, 0xf8, 0xa2, 0x61, 0xff, 0xf8, 0xa0, 0x5d, 0xff, 0xf8, 0xa3, 0x63, 0xff,
    0xfc, 0xd7, 0xb9, 0xff, 0xff, 0xfe, 0xfe, 0xff, 0xff, 0xff, 0xff, 0xff, 0xff, 0xff, 0xff, 0xff,
    0xff, 0xff, 0xff, 0xff, 0xff, 0xff, 0xff, 0xff, 0xff, 0xff, 0xff, 0xff, 0xff, 0xff, 0xff, 0xff,
    0xff, 0xff, 0xff, 0xff, 0xff, 0xff, 0xff, 0xff, 0xff, 0xff, 0xff, 0xff, 0xff, 0xff, 0xff, 0xff,
    0xff, 0xff, 0xff, 0xff, 0xff, 0xff, 0xff, 0xff, 0xfd, 0xe3, 0xd0, 0xff, 0xf8, 0xa9, 0x6c, 0xff,
    0xf8, 0xa1, 0x5f, 0xff, 0xf8, 0xa3, 0x62, 0xff, 0xfa, 0xb9, 0x88, 0xff, 0xfb, 0xc6, 0x9e, 0xff,
    0xfb, 0xc8, 0xa1, 0xff, 0xfb, 0xc7, 0xa0, 0xff, 0xfb, 0xc7, 0xa0, 0xff, 0xfb, 0xc7, 0xa0, 0xff,
    0xfb, 0xc7, 0xa0, 0xff, 0xfb, 0xc7, 0xa0, 0xff, 0xfb, 0xc7, 0xa0, 0xff, 0xfb, 0xc7, 0xa0, 0xff,
    0xfb, 0xc7, 0xa0, 0xff, 0xfa, 0xc3, 0x99, 0xff, 0xf9, 0xaf, 0x76, 0xff, 0xf8, 0xa1, 0x5d, 0xff,
    0xf8, 0xa1, 0x5f, 0xff, 0xf8, 0xa2, 0x60, 0xff, 0xf8, 0xa0, 0x5e, 0xff, 0xf8, 0xa1, 0x5f, 0xff,
    0xf9, 0xb0, 0x78, 0xff, 0xfb, 0xc4, 0x9b, 0xff, 0xfb, 0xc8, 0xa2, 0xff, 0xfb, 0xc7, 0x9f, 0xff,
    0xfb, 0xc7, 0xa0, 0xff, 0xfb, 0xc7, 0xa0, 0xff, 0xfb, 0xc7, 0xa0, 0xff, 0xfb, 0xc7, 0xa0, 0xff,
    0xfb, 0xc7, 0xa0, 0xff, 0xfb, 0xc7, 0xa0, 0xff, 0xfb, 0xc6, 0x9f, 0xff, 0xfb, 0xc9, 0xa4, 0xff,
    0xf9, 0xb4, 0x7e, 0xff, 0xf8, 0xa2, 0x60, 0xff, 0xf8, 0xa2, 0x60, 0xff, 0xf8, 0xa2, 0x60, 0xff,
    0xf8, 0xa2, 0x60, 0xff, 0xf8, 0xa2, 0x60, 0xff, 0xf8, 0xa2, 0x60, 0xff, 0xf8, 0xa2, 0x60, 0xff,
    0xf8, 0xa2, 0x60, 0xff, 0xf8, 0xa2, 0x60, 0xff, 0xf8, 0xa2, 0x60, 0xff, 0xf8, 0xa2, 0x60, 0xff,
    0xf8, 0xa2, 0x60, 0xff, 0xf8, 0xa2, 0x60, 0xff, 0xf8, 0xa2, 0x60, 0xff, 0xf8, 0xa2, 0x60, 0xff,
    0xf8, 0xa2, 0x60, 0xff, 0xf8, 0xa2, 0x60, 0xff, 0xf8, 0xa2, 0x60, 0xff, 0xf8, 0xa2, 0x60, 0xff,
    0xf7, 0xa2, 0x5f, 0xfd, 0xff, 0xa7, 0x63, 0xff, 0xf8, 0xa2, 0x5f, 0xed, 0xf7, 0xa1, 0x60, 0x8e,
    0xf8, 0xa2, 0x5e, 0xbc, 0xf7, 0xa2, 0x5f, 0xf5, 0xfd, 0xa5, 0x62, 0xff, 0xf7, 0xa1, 0x60, 0xfe,
    0xf8, 0xa2, 0x60, 0xff, 0xf8, 0xa2, 0x60, 0xff, 0xf8, 0xa2, 0x60, 0xff, 0xf8, 0xa2, 0x60, 0xff,
    0xf8, 0xa2, 0x60, 0xff, 0xf8, 0xa2, 0x60, 0xff, 0xf8, 0xa2, 0x60, 0xff, 0xf8, 0xa2, 0x60, 0xff,
    0xf8, 0xa2, 0x60, 0xff, 0xf8, 0xa2, 0x60, 0xff, 0xf8, 0xa2, 0x60, 0xff, 0xf8, 0xa2, 0x60, 0xff,
    0xf8, 0xa2, 0x60, 0xff, 0xf8, 0xa2, 0x60, 0xff, 0xf8, 0xa2, 0x60, 0xff, 0xf8, 0xa2, 0x60, 0xff,
    0xf8, 0xa2, 0x60, 0xff, 0xf8, 0xa2, 0x60, 0xff, 0xf8, 0xa2, 0x60, 0xff, 0xf8, 0xa2, 0x60, 0xff,
    0xf8, 0xa2, 0x60, 0xff, 0xf8, 0xa2, 0x60, 0xff, 0xf8, 0xa2, 0x60, 0xff, 0xf8, 0xa2, 0x60, 0xff,
    0xf8, 0xa2, 0x60, 0xff, 0xf8, 0xa2, 0x60, 0xff, 0xf8, 0xa2, 0x60, 0xff, 0xf8, 0xa2, 0x60, 0xff,
    0xf8, 0xa2, 0x60, 0xff, 0xf8, 0xa2, 0x60, 0xff, 0xf8, 0xa2, 0x60, 0xff, 0xf8, 0xa2, 0x60, 0xff,
    0xf8, 0xa2, 0x60, 0xff, 0xf8, 0xa2, 0x60, 0xff, 0xf8, 0xa2, 0x60, 0xff, 0xf8, 0xa2, 0x60, 0xff,
    0xf8, 0xa2, 0x60, 0xff, 0xf8, 0xa2, 0x60, 0xff, 0xf8, 0xa2, 0x60, 0xff, 0xf8, 0xa2, 0x60, 0xff,
    0xf8, 0xa2, 0x60, 0xff, 0xf8, 0xa2, 0x60, 0xff, 0xf8, 0xa2, 0x60, 0xff, 0xf8, 0xa2, 0x60, 0xff,
    0xf8, 0xa2, 0x60, 0xff, 0xf8, 0xa2, 0x60, 0xff, 0xf8, 0xa2, 0x60, 0xff, 0xf8, 0xa3, 0x61, 0xff,
    0xf8, 0x9e, 0x5a, 0xff, 0xf8, 0xa4, 0x65, 0xff, 0xff, 0xfb, 0xf7, 0xff, 0xff, 0xff, 0xff, 0xff,
    0xff, 0xff, 0xff, 0xff, 0xff, 0xff, 0xff, 0xff, 0xff, 0xff, 0xff, 0xff, 0xff, 0xff, 0xff, 0xff,
    0xff, 0xff, 0xff, 0xff, 0xff, 0xff, 0xff, 0xff, 0xff, 0xff, 0xff, 0xff, 0xff, 0xff, 0xff, 0xff,
    0xff, 0xff, 0xff, 0xff, 0xff, 0xff, 0xff, 0xff, 0xff, 0xff, 0xfe, 0xff, 0xff, 0xff, 0xff, 0xff,
    0xfe, 0xf3, 0xe9, 0xff, 0xfb, 0xc0, 0x91, 0xff, 0xf8, 0x9f, 0x5c, 0xff, 0xf8, 0xa2, 0x61, 0xff,
    0xf8, 0xa4, 0x64, 0xff, 0xfa, 0xb6, 0x84, 0xff, 0xfb, 0xc6, 0x9e, 0xff, 0xfb, 0xc8, 0xa2, 0xff,
    0xfb, 0xc7, 0x9f, 0xff, 0xfb, 0xc7, 0xa0, 0xff, 0xfb, 0xc7, 0xa0, 0xff, 0xfb, 0xc7, 0xa0, 0xff,
    0xfb, 0xc7, 0xa0, 0xff, 0xfb, 0xc7, 0xa0, 0xff, 0xfa, 0xc4, 0x9a, 0xff, 0xf8, 0xab, 0x71, 0xff,
    0xf8, 0xa0, 0x5d, 0xff, 0xf8, 0xa2, 0x60, 0xff, 0xf8, 0xa2, 0x60, 0xff, 0xf8, 0xa2, 0x60, 0xff,
    0xf8, 0xa2, 0x5f, 0xff, 0xf8, 0xa2, 0x5f, 0xff, 0xf8, 0xa2, 0x60, 0xff, 0xf9, 0xad, 0x74, 0xff,
    0xfb, 0xc2, 0x99, 0xff, 0xfb, 0xc9, 0xa3, 0xff, 0xfb, 0xc6, 0x9f, 0xff, 0xfb, 0xc7, 0xa0, 0xff,
    0xfb, 0xc7, 0xa0, 0xff, 0xfb, 0xc7, 0xa0, 0xff, 0xfb, 0xc7, 0xa0, 0xff, 0xfb, 0xc7, 0xa0, 0xff,
    0xfa, 0xc6, 0x9e, 0xff, 0xf8, 0xb1, 0x7a, 0xff, 0xf8, 0xa3, 0x61, 0xff, 0xf8, 0xa2, 0x60, 0xff,
    0xf8, 0xa2, 0x60, 0xff, 0xf8, 0xa2, 0x60, 0xff, 0xf8, 0xa2, 0x60, 0xff, 0xf8, 0xa2, 0x60, 0xff,
    0xf8, 0xa2, 0x60, 0xff, 0xf8, 0xa2, 0x60, 0xff, 0xf8, 0xa2, 0x60, 0xff, 0xf8, 0xa2, 0x60, 0xff,
    0xf8, 0xa2, 0x60, 0xff, 0xf8, 0xa2, 0x60, 0xff, 0xf8, 0xa2, 0x60, 0xff, 0xf8, 0xa2, 0x60, 0xff,
    0xf8, 0xa2, 0x60, 0xff, 0xf8, 0xa2, 0x60, 0xff, 0xf8, 0xa2, 0x60, 0xff, 0xf8, 0xa2, 0x60, 0xff,
    0xf8, 0xa2, 0x60, 0xff, 0xf8, 0xa2, 0x60, 0xff, 0xf7, 0xa1, 0x60, 0xfe, 0xfd, 0xa5, 0x62, 0xff,
    0xf7, 0xa2, 0x5f, 0xf5, 0xf8, 0xa2, 0x5e, 0xbc, 0xf7, 0xa1, 0x5f, 0xda, 0xf7, 0xa2, 0x60, 0xf9,
    0xfa, 0xa4, 0x61, 0xff, 0xf7, 0xa2, 0x60, 0xfe, 0xf8, 0xa2, 0x60, 0xff, 0xf8, 0xa2, 0x60, 0xff,
    0xf8, 0xa2, 0x60, 0xff, 0xf8, 0xa2, 0x60, 0xff, 0xf8, 0xa2, 0x60, 0xff, 0xf8, 0xa2, 0x60, 0xff,
    0xf8, 0xa2, 0x60, 0xff, 0xf8, 0xa2, 0x60, 0xff, 0xf8, 0xa2, 0x60, 0xff, 0xf8, 0xa2, 0x60, 0xff,
    0xf8, 0xa2, 0x60, 0xff, 0xf8, 0xa2, 0x60, 0xff, 0xf8, 0xa2, 0x60, 0xff, 0xf8, 0xa2, 0x60, 0xff,
    0xf8, 0xa2, 0x60, 0xff, 0xf8, 0xa2, 0x60, 0xff, 0xf8, 0xa2, 0x60, 0xff, 0xf8, 0xa2, 0x60, 0xff,
    0xf8, 0xa2, 0x60, 0xff, 0xf8, 0xa2, 0x60, 0xff, 0xf8, 0xa2, 0x60, 0xff, 0xf8, 0xa2, 0x60, 0xff,
    0xf8, 0xa2, 0x60, 0xff, 0xf8, 0xa2, 0x60, 0xff, 0xf8, 0xa2, 0x60, 0xff, 0xf8, 0xa2, 0x60, 0xff,
    0xf8, 0xa2, 0x60, 0xff, 0xf8, 0xa2, 0x60, 0xff, 0xf8, 0xa2, 0x60, 0xff, 0xf8, 0xa2, 0x60, 0xff,
    0xf8, 0xa2, 0x60, 0xff, 0xf8, 0xa2, 0x60, 0xff, 0xf8, 0xa2, 0x60, 0xff, 0xf8, 0xa2, 0x60, 0xff,
    0xf8, 0xa2, 0x60, 0xff, 0xf8, 0xa2, 0x60, 0xff, 0xf8, 0xa2, 0x60, 0xff, 0xf8, 0xa2, 0x60, 0xff,
    0xf8, 0xa2, 0x60, 0xff, 0xf8, 0xa2, 0x60, 0xff, 0xf8, 0xa2, 0x60, 0xff, 0xf8, 0xa2, 0x60, 0xff,
    0xf8, 0xa2, 0x60, 0xff, 0xf8, 0xa2, 0x60, 0xff, 0xf8, 0xa2, 0x60, 0xff, 0xf8, 0xa2, 0x60, 0xff,
    0xf8, 0xa2, 0x61, 0xff, 0xf8, 0xa1, 0x5f, 0xff, 0xf8, 0xa1, 0x5e, 0xff, 0xf9, 0xb5, 0x80, 0xff,
    0xff, 0xfd, 0xfd, 0xff, 0xff, 0xff, 0xff, 0xff, 0xff, 0xfe, 0xfe, 0xff, 0xff, 0xff, 0xff, 0xff,
    0xff, 0xff, 0xff, 0xff, 0xff, 0xff, 0xff, 0xff, 0xff, 0xff, 0xff, 0xff, 0xff, 0xff, 0xff, 0xff,
    0xff, 0xff, 0xff, 0xff, 0xff, 0xff, 0xff, 0xff, 0xff, 0xff, 0xff, 0xff, 0xff, 0xff, 0xff, 0xff,
    0xff, 0xfe, 0xfe, 0xff, 0xff, 0xff, 0xfe, 0xff, 0xff, 0xfc, 0xfb, 0xff, 0xfc, 0xd4, 0xb5, 0xff,
    0xf8, 0x9d, 0x57, 0xff, 0xf8, 0xa3, 0x61, 0xff, 0xf8, 0xa1, 0x5f, 0xff, 0xf8, 0xa3, 0x62, 0xff,
    0xf9, 0xb0, 0x77, 0xff, 0xfa, 0xc2, 0x97, 0xff, 0xfb, 0xc9, 0xa2, 0xff, 0xfb, 0xc6, 0x9f, 0xff,
    0xfb, 0xc7, 0xa0, 0xff, 0xfb, 0xc7, 0xa0, 0xff, 0xfb, 0xc7, 0xa1, 0xff, 0xfb, 0xc8, 0xa3, 0xff,
    0xf8, 0xaf, 0x76, 0xff, 0xf8, 0xa1, 0x5f, 0xff, 0xf8, 0xa1, 0x5f, 0xff, 0xf8, 0xa2, 0x60, 0xff,
    0xf8, 0xa2, 0x60, 0xff, 0xf8, 0xa2, 0x60, 0xff, 0xf8, 0xa2, 0x60, 0xff, 0xf8, 0xa2, 0x60, 0xff,
    0xf8, 0xa1, 0x60, 0xff, 0xf8, 0xa1, 0x5e, 0xff, 0xf9, 0xb8, 0x87, 0xff, 0xfb, 0xc7, 0xa0, 0xff,
    0xfb, 0xc7, 0xa0, 0xff, 0xfb, 0xc7, 0xa0, 0xff, 0xfb, 0xc7, 0xa0, 0xff, 0xfb, 0xc7, 0xa0, 0xff,
    0xfb, 0xc7, 0xa0, 0xff, 0xfa, 0xc5, 0x9b, 0xff, 0xf8, 0xac, 0x72, 0xff, 0xf8, 0xa1, 0x5f, 0xff,
    0xf8, 0xa1, 0x5f, 0xff, 0xf8, 0xa2, 0x60, 0xff, 0xf8, 0xa2, 0x60, 0xff, 0xf8, 0xa2, 0x60, 0xff,
    0xf8, 0xa2, 0x60, 0xff, 0xf8, 0xa2, 0x60, 0xff, 0xf8, 0xa2, 0x60, 0xff, 0xf8, 0xa2, 0x60, 0xff,
    0xf8, 0xa2, 0x60, 0xff, 0xf8, 0xa2, 0x60, 0xff, 0xf8, 0xa2, 0x60, 0xff, 0xf8, 0xa2, 0x60, 0xff,
    0xf8, 0xa2, 0x60, 0xff, 0xf8, 0xa2, 0x60, 0xff, 0xf8, 0xa2, 0x60, 0xff, 0xf8, 0xa2, 0x60, 0xff,
    0xf8, 0xa2, 0x60, 0xff, 0xf8, 0xa2, 0x60, 0xff, 0xf8, 0xa2, 0x60, 0xff, 0xf8, 0xa2, 0x60, 0xff,
    0xf7, 0xa2, 0x60, 0xfe, 0xfa, 0xa4, 0x61, 0xff, 0xf7, 0xa2, 0x60, 0xf9, 0xf7, 0xa1, 0x5f, 0xda,
    0xf7, 0xa1, 0x60, 0xf9, 0xf7, 0xa1, 0x60, 0xfe, 0xf8, 0xa2, 0x60, 0xff, 0xf8, 0xa2, 0x60, 0xff,
    0xf8, 0xa2, 0x60, 0xff, 0xf8, 0xa2, 0x60, 0xff, 0xf8, 0xa2, 0x60, 0xff, 0xf8, 0xa2, 0x60, 0xff,
    0xf8, 0xa2, 0x60, 0xff, 0xf8, 0xa2, 0x60, 0xff, 0xf8, 0xa2, 0x60, 0xff, 0xf8, 0xa2, 0x60, 0xff,
    0xf8, 0xa2, 0x60, 0xff, 0xf8, 0xa2, 0x60, 0xff, 0xf8, 0xa2, 0x60, 0xff, 0xf8, 0xa2, 0x60, 0xff,
    0xf8, 0xa2, 0x60, 0xff, 0xf8, 0xa2, 0x60, 0xff, 0xf8, 0xa2, 0x60, 0xff, 0xf8, 0xa2, 0x60, 0xff,
    0xf8, 0xa2, 0x60, 0xff, 0xf8, 0xa2, 0x60, 0xff, 0xf8, 0xa2, 0x60, 0xff, 0xf8, 0xa2, 0x60, 0xff,
    0xf8, 0xa2, 0x60, 0xff, 0xf8, 0xa2, 0x60, 0xff, 0xf8, 0xa2, 0x60, 0xff, 0xf8, 0xa2, 0x60, 0xff,
    0xf8, 0xa2, 0x60, 0xff, 0xf8, 0xa2, 0x60, 0xff, 0xf8, 0xa2, 0x60, 0xff, 0xf8, 0xa2, 0x60, 0xff,
    0xf8, 0xa2, 0x60, 0xff, 0xf8, 0xa2, 0x60, 0xff, 0xf8, 0xa2, 0x60, 0xff, 0xf8, 0xa2, 0x60, 0xff,
    0xf8, 0xa2, 0x60, 0xff, 0xf8, 0xa2, 0x60, 0xff, 0xf8, 0xa2, 0x60, 0xff, 0xf8, 0xa2, 0x60, 0xff,
    0xf8, 0xa2, 0x60, 0xff, 0xf8, 0xa2, 0x60, 0xff, 0xf8, 0xa2, 0x60, 0xff, 0xf8, 0xa2, 0x60, 0xff,
    0xf8, 0xa2, 0x60, 0xff, 0xf8, 0xa2, 0x60, 0xff, 0xf8, 0xa2, 0x60, 0xff, 0xf8, 0xa2, 0x60, 0xff,
    0xf8, 0xa2, 0x60, 0xff, 0xf8, 0xa2, 0x60, 0xff, 0xf8, 0xa2, 0x61, 0xff, 0xf8, 0xa1, 0x5e, 0xff,
    0xf8, 0xa2, 0x60, 0xff, 0xfa, 0xba, 0x8b, 0xff, 0xff, 0xfc, 0xfa, 0xff, 0xff, 0xff, 0xff, 0xff,
    0xff, 0xfe, 0xfe, 0xff, 0xff, 0xff, 0xff, 0xff, 0xff, 0xff, 0xff, 0xff, 0xff, 0xff, 0xff, 0xff,
    0xff, 0xff, 0xff, 0xff, 0xff, 0xff, 0xff, 0xff, 0xff, 0xff, 0xff, 0xff, 0xff, 0xff, 0xff, 0xff,
    0xff, 0xff, 0xff, 0xff, 0xff, 0xff, 0xff, 0xff, 0xff, 0xfe, 0xfe, 0xff, 0xff, 0xff, 0xff, 0xff,
    0xff, 0xfd, 0xfd, 0xff, 0xfc, 0xd4, 0xb5, 0xff, 0xf8, 0x9d, 0x57, 0xff, 0xf8, 0xa3, 0x61, 0xff,
    0xf8, 0xa2, 0x60, 0xff, 0xf8, 0xa1, 0x5e, 0xff, 0xf9, 0xa6, 0x66, 0xff, 0xfa, 0xbe, 0x90, 0xff,
    0xfb, 0xca, 0xa5, 0xff, 0xfb, 0xc6, 0x9f, 0xff, 0xfb, 0xc7, 0xa0, 0xff, 0xfb, 0xc7, 0xa0, 0xff,
    0xfb, 0xc7, 0xa0, 0xff, 0xfa, 0xc3, 0x9a, 0xff, 0xf8, 0xa6, 0x66, 0xff, 0xf8, 0xa0, 0x5c, 0xff,
    0xf8, 0xa3, 0x61, 0xff, 0xf8, 0xa2, 0x60, 0xff, 0xf8, 0xa2, 0x60, 0xff, 0xf8, 0xa2, 0x60, 0xff,
    0xf8, 0xa2, 0x60, 0xff, 0xf8, 0xa2, 0x60, 0xff, 0xf8, 0xa2, 0x61, 0xff, 0xf8, 0xa0, 0x5d, 0xff,
    0xf9, 0xad, 0x73, 0xff, 0xfa, 0xc1, 0x97, 0xff, 0xfb, 0xc8, 0xa3, 0xff, 0xfb, 0xc6, 0x9f, 0xff,
    0xfb, 0xc7, 0xa0, 0xff, 0xfb, 0xc7, 0xa0, 0xff, 0xfb, 0xc7, 0xa0, 0xff, 0xfa, 0xc0, 0x94, 0xff,
    0xf8, 0xa4, 0x64, 0xff, 0xf8, 0x9f, 0x5c, 0xff, 0xf8, 0xa2, 0x61, 0xff, 0xf8, 0xa2, 0x60, 0xff,
    0xf8, 0xa2, 0x60, 0xff, 0xf8, 0xa2, 0x60, 0xff, 0xf8, 0xa2, 0x60, 0xff, 0xf8, 0xa2, 0x60, 0xff,
    0xf8, 0xa2, 0x60, 0xff, 0xf8, 0xa2, 0x60, 0xff, 0xf8, 0xa2, 0x60, 0xff, 0xf8, 0xa2, 0x60, 0xff,
    0xf8, 0xa2, 0x60, 0xff, 0xf8, 0xa2, 0x60, 0xff, 0xf8, 0xa2, 0x60, 0xff, 0xf8, 0xa2, 0x60, 0xff,
    0xf8, 0xa2, 0x60, 0xff, 0xf8, 0xa2, 0x60, 0xff, 0xf8, 0xa2, 0x60, 0xff, 0xf8, 0xa2, 0x60, 0xff,
    0xf8, 0xa2, 0x60, 0xff, 0xf8, 0xa2, 0x60, 0xff, 0xf8, 0xa2, 0x60, 0xff, 0xf8, 0xa2, 0x60, 0xff,
    0xf7, 0xa1, 0x60, 0xfe, 0xf7, 0xa1, 0x60, 0xf9, 0xfa, 0xa4, 0x61, 0xff, 0xf8, 0xa2, 0x60, 0xff,
    0xf8, 0xa2, 0x60, 0xff, 0xf8, 0xa2, 0x60, 0xff, 0xf8, 0xa2, 0x60, 0xff, 0xf8, 0xa2, 0x60, 0xff,
    0xf8, 0xa2, 0x60, 0xff, 0xf8, 0xa2, 0x60, 0xff, 0xf8, 0xa2, 0x60, 0xff, 0xf8, 0xa2, 0x60, 0xff,
    0xf8, 0xa2, 0x60, 0xff, 0xf8, 0xa2, 0x60, 0xff, 0xf8, 0xa2, 0x60, 0xff, 0xf8, 0xa2, 0x60, 0xff,
    0xf8, 0xa2, 0x60, 0xff, 0xf8, 0xa2, 0x60, 0xff, 0xf8, 0xa2, 0x60, 0xff, 0xf8, 0xa2, 0x60, 0xff,
    0xf8, 0xa2, 0x60, 0xff, 0xf8, 0xa2, 0x60, 0xff, 0xf8, 0xa2, 0x60, 0xff, 0xf8, 0xa2, 0x60, 0xff,
    0xf8, 0xa2, 0x60, 0xff, 0xf8, 0xa2, 0x60, 0xff, 0xf8, 0xa2, 0x60, 0xff, 0xf8, 0xa2, 0x60, 0xff,
    0xf8, 0xa2, 0x60, 0xff, 0xf8, 0xa2, 0x60, 0xff, 0xf8, 0xa2, 0x60, 0xff, 0xf8, 0xa2, 0x60, 0xff,
    0xf8, 0xa2, 0x60, 0xff, 0xf8, 0xa2, 0x60, 0xff, 0xf8, 0xa2, 0x60, 0xff, 0xf8, 0xa2, 0x60, 0xff,
    0xf8, 0xa2, 0x60, 0xff, 0xf8, 0xa2, 0x60, 0xff, 0xf8, 0xa2, 0x60, 0xff, 0xf8, 0xa2, 0x60, 0xff,
    0xf8, 0xa2, 0x60, 0xff, 0xf8, 0xa2, 0x60, 0xff, 0xf8, 0xa2, 0x60, 0xff, 0xf8, 0xa2, 0x60, 0xff,
    0xf8, 0xa2, 0x60, 0xff, 0xf8, 0xa2, 0x60, 0xff, 0xf8, 0xa2, 0x60, 0xff, 0xf8, 0xa2, 0x60, 0xff,
    0xf8, 0xa2, 0x60, 0xff, 0xf8, 0xa2, 0x60, 0xff, 0xf8, 0xa2, 0x60, 0xff, 0xf8, 0xa2, 0x60, 0xff,
    0xf8, 0xa3, 0x61, 0xff, 0xf8, 0xa0, 0x5d, 0xff, 0xf8, 0xa4, 0x64, 0xff, 0xfb, 0xc7, 0xa1, 0xff,
    0xff, 0xfe, 0xfc, 0xff, 0xff, 0xff, 0xff, 0xff, 0xff, 0xff, 0xfe, 0xff, 0xff, 0xff, 0xff, 0xff,
    0xff, 0xff, 0xff, 0xff, 0xff, 0xff, 0xff, 0xff, 0xff, 0xff, 0xff, 0xff, 0xff, 0xff, 0xff, 0xff,
    0xff, 0xff, 0xff, 0xff, 0xff, 0xff, 0xff, 0xff, 0xff, 0xff, 0xff, 0xff, 0xff, 0xff, 0xff, 0xff,
    0xff, 0xff, 0xff, 0xff, 0xff, 0xfe, 0xfc, 0xff, 0xff, 0xfe, 0xfe, 0xff, 0xfd, 0xe2, 0xcc, 0xff,
    0xf7, 0x9c, 0x56, 0xff, 0xf8, 0xa3, 0x62, 0xff, 0xf8, 0xa2, 0x60, 0xff, 0xf8, 0xa2, 0x61, 0xff,
    0xf9, 0xa6, 0x67, 0xff, 0xfa, 0xbe, 0x90, 0xff, 0xfb, 0xca, 0xa5, 0xff, 0xfb, 0xc6, 0x9f, 0xff,
    0xfb, 0xc7, 0xa0, 0xff, 0xfb, 0xc7, 0xa0, 0xff, 0xfb, 0xc7, 0xa0, 0xff, 0xfa, 0xbf, 0x92, 0xff,
    0xf8, 0xa5, 0x66, 0xff, 0xf8, 0xa0, 0x5d, 0xff, 0xf8, 0xa2, 0x61, 0xff, 0xf8, 0xa2, 0x60, 0xff,
    0xf8, 0xa2, 0x60, 0xff, 0xf8, 0xa2, 0x60, 0xff, 0xf8, 0xa2, 0x60, 0xff, 0xf8, 0xa2, 0x60, 0xff,
    0xf8, 0xa2, 0x60, 0xff, 0xf8, 0xa2, 0x60, 0xff, 0xf9, 0xa7, 0x68, 0xff, 0xfa, 0xbe, 0x91, 0xff,
    0xfb, 0xca, 0xa5, 0xff, 0xfb, 0xc6, 0x9f, 0xff, 0xfb, 0xc7, 0xa0, 0xff, 0xfb, 0xc7, 0xa0, 0xff,
    0xfb, 0xc7, 0xa0, 0xff, 0xfa, 0xbf, 0x91, 0xff, 0xf8, 0xa5, 0x66, 0xff, 0xf8, 0xa0, 0x5d, 0xff,
    0xf8, 0xa2, 0x61, 0xff, 0xf8, 0xa2, 0x60, 0xff, 0xf8, 0xa2, 0x60, 0xff, 0xf8, 0xa2, 0x60, 0xff,
    0xf8, 0xa2, 0x60, 0xff, 0xf8, 0xa2, 0x60, 0xff, 0xf8, 0xa2, 0x60, 0xff, 0xf8, 0xa2, 0x60, 0xff,
    0xf8, 0xa2, 0x60, 0xff, 0xf8, 0xa2, 0x60, 0xff, 0xf8, 0xa2, 0x60, 0xff, 0xf8, 0xa2, 0x60, 0xff,
    0xf8, 0xa2, 0x60, 0xff, 0xf8, 0xa2, 0x60, 0xff, 0xf8, 0xa2, 0x60, 0xff, 0xf8, 0xa2, 0x60, 0xff,
    0xf8, 0xa2, 0x60, 0xff, 0xf8, 0xa2, 0x60, 0xff, 0xf8, 0xa2, 0x60, 0xff, 0xf8, 0xa2, 0x60, 0xff,
    0xf8, 0xa2, 0x60, 0xff, 0xf8, 0xa2, 0x60, 0xff, 0xf8, 0xa2, 0x60, 0xff, 0xfa, 0xa4, 0x61, 0xff,
    0xf7, 0xa1, 0x60, 0xfe, 0xf8, 0xa2, 0x60, 0xff, 0xf8, 0xa2, 0x60, 0xff, 0xf8, 0xa2, 0x60, 0xff,
    0xf8, 0xa2, 0x60, 0xff, 0xf8, 0xa2, 0x60, 0xff, 0xf8, 0xa2, 0x60, 0xff, 0xf8, 0xa2, 0x60, 0xff,
    0xf8, 0xa2, 0x60, 0xff, 0xf8, 0xa2, 0x60, 0xff, 0xf8, 0xa2, 0x60, 0xff, 0xf8, 0xa2, 0x60, 0xff,
    0xf8, 0xa2, 0x60, 0xff, 0xf8, 0xa2, 0x60, 0xff, 0xf8, 0xa2, 0x60, 0xff, 0xf8, 0xa2, 0x60, 0xff,
    0xf8, 0xa2, 0x60, 0xff, 0xf8, 0xa2, 0x60, 0xff, 0xf8, 0xa2, 0x60, 0xff, 0xf8, 0xa2, 0x60, 0xff,
    0xf8, 0xa2, 0x60, 0xff, 0xf8, 0xa2, 0x60, 0xff, 0xf8, 0xa2, 0x60, 0xff, 0xf8, 0xa2, 0x60, 0xff,
    0xf8, 0xa2, 0x60, 0xff, 0xf8, 0xa2, 0x60, 0xff, 0xf8, 0xa2, 0x60, 0xff, 0xf8, 0xa2, 0x60, 0xff,
    0xf8, 0xa2, 0x60, 0xff, 0xf8, 0xa2, 0x60, 0xff, 0xf8, 0xa2, 0x60, 0xff, 0xf8, 0xa2, 0x60, 0xff,
    0xf8, 0xa2, 0x60, 0xff, 0xf8, 0xa2, 0x60, 0xff, 0xf8, 0xa2, 0x60, 0xff, 0xf8, 0xa2, 0x60, 0xff,
    0xf8, 0xa2, 0x60, 0xff, 0xf8, 0xa2, 0x60, 0xff, 0xf8, 0xa2, 0x60, 0xff, 0xf8, 0xa2, 0x60, 0xff,
    0xf8, 0xa2, 0x60, 0xff, 0xf8, 0xa2, 0x60, 0xff, 0xf8, 0xa2, 0x60, 0xff, 0xf8, 0xa2, 0x60, 0xff,
    0xf8, 0xa2, 0x60, 0xff, 0xf8, 0xa2, 0x60, 0xff, 0xf8, 0xa2, 0x60, 0xff, 0xf8, 0xa2, 0x60, 0xff,
    0xf8, 0xa2, 0x60, 0xff, 0xf8, 0xa2, 0x60, 0xff, 0xf8, 0xa3, 0x61, 0xff, 0xf8, 0x9f, 0x5c, 0xff,
    0xf8, 0xa6, 0x67, 0xff, 0xfb, 0xd1, 0xb1, 0xff, 0xff, 0xfe, 0xfd, 0xff, 0xff, 0xff, 0xff, 0xff,
    0xff, 0xff, 0xfe, 0xff, 0xff, 0xff, 0xff, 0xff, 0xff, 0xff, 0xff, 0xff, 0xff, 0xff, 0xff, 0xff,
    0xff, 0xff, 0xff, 0xff, 0xff, 0xff, 0xff, 0xff, 0xff, 0xff, 0xff, 0xff, 0xff, 0xff, 0xff, 0xff,
    0xff, 0xff, 0xff, 0xff, 0xff, 0xff, 0xff, 0xff, 0xff, 0xff, 0xff, 0xff, 0xff, 0xfd, 0xfa, 0xff,
    0xff, 0xff, 0xff, 0xff, 0xfd, 0xea, 0xdb, 0xff, 0xf7, 0x98, 0x4e, 0xff, 0xf8, 0xa3, 0x62, 0xff,
    0xf8, 0xa2, 0x60, 0xff, 0xf8, 0xa2, 0x61, 0xff, 0xf9, 0xa7, 0x68, 0xff, 0xfa, 0xbe, 0x90, 0xff,
    0xfb, 0xca, 0xa5, 0xff, 0xfb, 0xc6, 0x9f, 0xff, 0xfb, 0xc7, 0xa0, 0xff, 0xfb, 0xc7, 0xa0, 0xff,
    0xfb, 0xc7, 0xa0, 0xff, 0xfa, 0xbf, 0x92, 0xff, 0xf8, 0xa5, 0x66, 0xff, 0xf8, 0xa0, 0x5d, 0xff,
    0xf8, 0xa2, 0x61, 0xff, 0xf8, 0xa2, 0x60, 0xff, 0xf8, 0xa2, 0x60, 0xff, 0xf8, 0xa2, 0x60, 0xff,
    0xf8, 0xa2, 0x60, 0xff, 0xf8, 0xa2, 0x60, 0xff, 0xf8, 0xa2, 0x60, 0xff, 0xf8, 0xa2, 0x60, 0xff,
    0xf9, 0xa6, 0x67, 0xff, 0xfa, 0xbe, 0x90, 0xff, 0xfb, 0xca, 0xa5, 0xff, 0xfb, 0xc6, 0x9f, 0xff,
    0xfb, 0xc7, 0xa0, 0xff, 0xfb, 0xc7, 0xa0, 0xff, 0xfb, 0xc7, 0xa0, 0xff, 0xfa, 0xbf, 0x92, 0xff,
    0xf8, 0xa6, 0x67, 0xff, 0xf8, 0xa0, 0x5e, 0xff, 0xf8, 0xa2, 0x61, 0xff, 0xf8, 0xa2, 0x60, 0xff,
    0xf8, 0xa2, 0x60, 0xff, 0xf8, 0xa2, 0x60, 0xff, 0xf8, 0xa2, 0x60, 0xff, 0xf8, 0xa2, 0x60, 0xff,
    0xf8, 0xa2, 0x60, 0xff, 0xf8, 0xa2, 0x60, 0xff, 0xf8, 0xa2, 0x60, 0xff, 0xf8, 0xa2, 0x60, 0xff,
    0xf8, 0xa2, 0x60, 0xff, 0xf8, 0xa2, 0x60, 0xff, 0xf8, 0xa2, 0x60, 0xff, 0xf8, 0xa2, 0x60, 0xff,
    0xf8, 0xa2, 0x60, 0xff, 0xf8, 0xa2, 0x60, 0xff, 0xf8, 0xa2, 0x60, 0xff, 0xf8, 0xa2, 0x60, 0xff,
    0xf8, 0xa2, 0x60, 0xff, 0xf8, 0xa2, 0x60, 0xff, 0xf8, 0xa2, 0x60, 0xff, 0xf8, 0xa2, 0x60, 0xff,
    0xf8, 0xa2, 0x60, 0xff, 0xf7, 0xa1, 0x60, 0xfe, 0xf8, 0xa2, 0x60, 0xff, 0xf8, 0xa2, 0x60, 0xff,
    0xf8, 0xa2, 0x60, 0xff, 0xf8, 0xa2, 0x60, 0xff, 0xf8, 0xa2, 0x60, 0xff, 0xf8, 0xa2, 0x60, 0xff,
    0xf8, 0xa2, 0x60, 0xff, 0xf8, 0xa2, 0x60, 0xff, 0xf8, 0xa2, 0x60, 0xff, 0xf8, 0xa2, 0x60, 0xff,
    0xf8, 0xa2, 0x60, 0xff, 0xf8, 0xa2, 0x60, 0xff, 0xf8, 0xa2, 0x60, 0xff, 0xf8, 0xa2, 0x60, 0xff,
    0xf8, 0xa2, 0x60, 0xff, 0xf8, 0xa2, 0x60, 0xff, 0xf8, 0xa2, 0x60, 0xff, 0xf8, 0xa2, 0x60, 0xff,
    0xf8, 0xa2, 0x60, 0xff, 0xf8, 0xa2, 0x60, 0xff, 0xf8, 0xa2, 0x60, 0xff, 0xf8, 0xa2, 0x60, 0xff,
    0xf8, 0xa2, 0x60, 0xff, 0xf8, 0xa2, 0x60, 0xff, 0xf8, 0xa2, 0x60, 0xff, 0xf8, 0xa2, 0x60, 0xff,
    0xf8, 0xa2, 0x60, 0xff, 0xf8, 0xa2, 0x60, 0xff, 0xf8, 0xa2, 0x60, 0xff, 0xf8, 0xa2, 0x60, 0xff,
    0xf8, 0xa2, 0x60, 0xff, 0xf8, 0xa2, 0x60, 0xff, 0xf8, 0xa2, 0x60, 0xff, 0xf8, 0xa2, 0x60, 0xff,
    0xf8, 0xa2, 0x60, 0xff, 0xf8, 0xa2, 0x60, 0xff, 0xf8, 0xa2, 0x60, 0xff, 0xf8, 0xa2, 0x60, 0xff,
    0xf8, 0xa2, 0x60, 0xff, 0xf8, 0xa2, 0x60, 0xff, 0xf8, 0xa2, 0x60, 0xff, 0xf8, 0xa2, 0x60, 0xff,
    0xf8, 0xa2, 0x60, 0xff, 0xf8, 0xa2, 0x60, 0xff, 0xf8, 0xa2, 0x60, 0xff, 0xf8, 0xa2, 0x60, 0xff,
    0xf8, 0xa2, 0x60, 0xff, 0xf8, 0xa2, 0x60, 0xff, 0xf8, 0xa2, 0x60, 0xff, 0xf8, 0xa2, 0x60, 0xff,
    0xf8, 0xa3, 0x62, 0xff, 0xf8, 0x9f, 0x5c, 0xff, 0xf8, 0xa8, 0x6a, 0xff, 0xfc, 0xda, 0xc1, 0xff,
    0xff, 0xfe, 0xfe, 0xff, 0xff, 0xff, 0xff, 0xff, 0xff, 0xff, 0xfe, 0xff, 0xff, 0xff, 0xff, 0xff,
    0xff, 0xff, 0xff, 0xff, 0xff, 0xff, 0xff, 0xff, 0xff, 0xff, 0xff, 0xff, 0xff, 0xff, 0xff, 0xff,
    0xff, 0xff, 0xff, 0xff, 0xff, 0xff, 0xff, 0xff, 0xff, 0xff, 0xff, 0xff, 0xff, 0xff, 0xff, 0xff,
    0xff, 0xff, 0xff, 0xff, 0xff, 0xfd, 0xfc, 0xff, 0xff, 0xff, 0xff, 0xff, 0xfd, 0xeb, 0xdd, 0xff,
    0xf8, 0xa4, 0x63, 0xff, 0xf8, 0xa3, 0x63, 0xff, 0xf8, 0xa3, 0x61, 0xff, 0xf8, 0xa1, 0x5f, 0xff,
    0xf9, 0xa4, 0x64, 0xff, 0xfa, 0xbd, 0x8f, 0xff, 0xfb, 0xca, 0xa5, 0xff, 0xfb, 0xc6, 0x9f, 0xff,
    0xfb, 0xc7, 0xa0, 0xff, 0xfb, 0xc7, 0xa0, 0xff, 0xfb, 0xc7, 0xa0, 0xff, 0xfa, 0xc4, 0x9b, 0xff,
    0xf8, 0xa7, 0x67, 0xff, 0xf8, 0xa0, 0x5d, 0xff, 0xf8, 0xa3, 0x61, 0xff, 0xf8, 0xa2, 0x60, 0xff,
    0xf8, 0xa2, 0x60, 0xff, 0xf8, 0xa2, 0x60, 0xff, 0xf8, 0xa2, 0x60, 0xff, 0xf8, 0xa2, 0x60, 0xff,
    0xf8, 0xa2, 0x60, 0xff, 0xf8, 0xa2, 0x5e, 0xff, 0xf9, 0xab, 0x6f, 0xff, 0xfa, 0xc0, 0x95, 0xff,
    0xfb, 0xc9, 0xa3, 0xff, 0xfb, 0xc6, 0x9f, 0xff, 0xfb, 0xc7, 0xa0, 0xff, 0xfb, 0xc7, 0xa0, 0xff,
    0xfb, 0xc7, 0xa0, 0xff, 0xfa, 0xbf, 0x93, 0xff, 0xf8, 0xa3, 0x61, 0xff, 0xf8, 0x9f, 0x5c, 0xff,
    0xf8, 0xa3, 0x62, 0xff, 0xf8, 0xa2, 0x60, 0xff, 0xf8, 0xa2, 0x60, 0xff, 0xf8, 0xa2, 0x60, 0xff,
    0xf8, 0xa2, 0x60, 0xff, 0xf8, 0xa2, 0x60, 0xff, 0xf8, 0xa2, 0x60, 0xff, 0xf8, 0xa2, 0x60, 0xff,
    0xf8, 0xa2, 0x60, 0xff, 0xf8, 0xa2, 0x60, 0xff, 0xf8, 0xa2, 0x60, 0xff, 0xf8, 0xa2, 0x60, 0xff,
    0xf8, 0xa2, 0x60, 0xff, 0xf8, 0xa2, 0x60, 0xff, 0xf8, 0xa2, 0x60, 0xff, 0xf8, 0xa2, 0x60, 0xff,
    0xf8, 0xa2, 0x60, 0xff, 0xf8, 0xa2, 0x60, 0xff, 0xf8, 0xa2, 0x60, 0xff, 0xf8, 0xa2, 0x60, 0xff,
    0xf8, 0xa2, 0x60, 0xff, 0xf8, 0xa2, 0x60, 0xff, 0xf8, 0xa2, 0x60, 0xff, 0xf8, 0xa2, 0x60, 0xff,
    0xf8, 0xa2, 0x60, 0xff, 0xf8, 0xa2, 0x60, 0xff, 0xf8, 0xa2, 0x60, 0xff, 0xf8, 0xa2, 0x60, 0xff,
    0xf8, 0xa2, 0x60, 0xff, 0xf8, 0xa2, 0x60, 0xff, 0xf8, 0xa2, 0x60, 0xff, 0xf8, 0xa2, 0x60, 0xff,
    0xf8, 0xa2, 0x60, 0xff, 0xf8, 0xa2, 0x60, 0xff, 0xf8, 0xa2, 0x60, 0xff, 0xf8, 0xa2, 0x60, 0xff,
    0xf8, 0xa2, 0x60, 0xff, 0xf8, 0xa2, 0x60, 0xff, 0xf8, 0xa2, 0x60, 0xff, 0xf8, 0xa2, 0x60, 0xff,
    0xf8, 0xa2, 0x60, 0xff, 0xf8, 0xa2, 0x60, 0xff, 0xf8, 0xa2, 0x60, 0xff, 0xf8, 0xa2, 0x60, 0xff,
    0xf8, 0xa2, 0x60, 0xff, 0xf8, 0xa2, 0x60, 0xff, 0xf8, 0xa2, 0x60, 0xff, 0xf8, 0xa2, 0x60, 0xff,
    0xf8, 0xa2, 0x60, 0xff, 0xf8, 0xa2, 0x60, 0xff, 0xf8, 0xa2, 0x60, 0xff, 0xf8, 0xa2, 0x60, 0xff,
    0xf8, 0xa2, 0x60, 0xff, 0xf8, 0xa2, 0x60, 0xff, 0xf8, 0xa2, 0x60, 0xff, 0xf8, 0xa2, 0x60, 0xff,
    0xf8, 0xa2, 0x60, 0xff, 0xf8, 0xa2, 0x60, 0xff, 0xf8, 0xa2, 0x60, 0xff, 0xf8, 0xa2, 0x60, 0xff,
    0xf8, 0xa2, 0x60, 0xff, 0xf8, 0xa2, 0x60, 0xff, 0xf8, 0xa2, 0x60, 0xff, 0xf8, 0xa2, 0x60, 0xff,
    0xf8, 0xa2, 0x60, 0xff, 0xf8, 0xa2, 0x60, 0xff, 0xf8, 0xa2, 0x60, 0xff, 0xf8, 0xa2, 0x60, 0xff,
    0xf8, 0xa2, 0x60, 0xff, 0xf8, 0xa2, 0x60, 0xff, 0xf8, 0xa2, 0x60, 0xff, 0xf8, 0xa2, 0x60, 0xff,
    0xf8, 0xa2, 0x60, 0xff, 0xf8, 0xa3, 0x61, 0xff, 0xf8, 0xa3, 0x63, 0xff, 0xf8, 0x9b, 0x54, 0xff,
    0xf9, 0xa6, 0x66, 0xff, 0xfd, 0xe7, 0xd6, 0xff, 0xff, 0xff, 0xff, 0xff, 0xff, 0xff, 0xff, 0xff,
    0xff, 0xff, 0xff, 0xff, 0xff, 0xff, 0xff, 0xff, 0xff, 0xff, 0xff, 0xff, 0xff, 0xff, 0xff, 0xff,
    0xff, 0xff, 0xff, 0xff, 0xff, 0xff, 0xff, 0xff, 0xff, 0xff, 0xff, 0xff, 0xff, 0xff, 0xff, 0xff,
    0xff, 0xff, 0xff, 0xff, 0xff, 0xff, 0xff, 0xff, 0xff, 0xff, 0xff, 0xff, 0xff, 0xfd, 0xfc, 0xff,
    0xff, 0xff, 0xff, 0xff, 0xfe, 0xf0, 0xe5, 0xff, 0xf9, 0xae, 0x75, 0xff, 0xf8, 0x9f, 0x5b, 0xff,
    0xf8, 0xa0, 0x5d, 0xff, 0xf8, 0xa4, 0x63, 0xff, 0xf9, 0xae, 0x75, 0xff, 0xfa, 0xc2, 0x97, 0xff,
    0xfb, 0xc8, 0xa3, 0xff, 0xfb, 0xc6, 0x9f, 0xff, 0xfb, 0xc7, 0xa0, 0xff, 0xfb, 0xc7, 0xa0, 0xff,
    0xfb, 0xc7, 0xa1, 0xff, 0xfb, 0xc8, 0xa3, 0xff, 0xf8, 0xb1, 0x78, 0xff, 0xf8, 0xa1, 0x5e, 0xff,
    0xf8, 0xa1, 0x5e, 0xff, 0xf8, 0xa3, 0x61, 0xff, 0xf8, 0xa2, 0x60, 0xff, 0xf8, 0xa2, 0x60, 0xff,
    0xf8, 0xa2, 0x60, 0xff, 0xf8, 0xa2, 0x60, 0xff, 0xf8, 0xa2, 0x60, 0xff, 0xf8, 0xa0, 0x5c, 0xff,
    0xf9, 0xb6, 0x83, 0xff, 0xfb, 0xc6, 0x9f, 0xff, 0xfb, 0xc7, 0xa1, 0xff, 0xfb, 0xc7, 0x9f, 0xff,
    0xfb, 0xc7, 0xa0, 0xff, 0xfb, 0xc7, 0xa0, 0xff, 0xfb, 0xc7, 0xa0, 0xff, 0xfa, 0xc3, 0x99, 0xff,
    0xf8, 0xad, 0x72, 0xff, 0xf8, 0xa1, 0x5f, 0xff, 0xf8, 0xa2, 0x5f, 0xff, 0xf8, 0xa2, 0x60, 0xff,
    0xf8, 0xa2, 0x60, 0xff, 0xf8, 0xa2, 0x60, 0xff, 0xf8, 0xa2, 0x60, 0xff, 0xf8, 0xa2, 0x60, 0xff,
    0xf8, 0xa2, 0x60, 0xff, 0xf8, 0xa2, 0x60, 0xff, 0xf8, 0xa2, 0x60, 0xff, 0xf8, 0xa2, 0x60, 0xff,
    0xf8, 0xa2, 0x60, 0xff, 0xf8, 0xa2, 0x60, 0xff, 0xf8, 0xa2, 0x60, 0xff, 0xf8, 0xa2, 0x60, 0xff,
    0xf8, 0xa2, 0x60, 0xff, 0xf8, 0xa2, 0x60, 0xff, 0xf8, 0xa2, 0x60, 0xff, 0xf8, 0xa2, 0x60, 0xff,
    0xf8, 0xa2, 0x60, 0xff, 0xf8, 0xa2, 0x60, 0xff, 0xf8, 0xa2, 0x60, 0xff, 0xf8, 0xa2, 0x60, 0xff,
    0xf8, 0xa2, 0x60, 0xff, 0xf8, 0xa2, 0x60, 0xff, 0xf8, 0xa2, 0x60, 0xff, 0xf8, 0xa2, 0x60, 0xff,
    0xf8, 0xa2, 0x60, 0xff, 0xf8, 0xa2, 0x60, 0xff, 0xf8, 0xa2, 0x60, 0xff, 0xf8, 0xa2, 0x60, 0xff,
    0xf8, 0xa2, 0x60, 0xff, 0xf8, 0xa2, 0x60, 0xff, 0xf8, 0xa2, 0x60, 0xff, 0xf8, 0xa2, 0x60, 0xff,
    0xf8, 0xa2, 0x60, 0xff, 0xf8, 0xa2, 0x60, 0xff, 0xf8, 0xa2, 0x60, 0xff, 0xf8, 0xa2, 0x60, 0xff,
    0xf8, 0xa2, 0x60, 0xff, 0xf8, 0xa2, 0x60, 0xff, 0xf8, 0xa2, 0x60, 0xff, 0xf8, 0xa2, 0x60, 0xff,
    0xf8, 0xa2, 0x60, 0xff, 0xf8, 0xa2, 0x60, 0xff, 0xf8, 0xa2, 0x60, 0xff, 0xf8, 0xa2, 0x60, 0xff,
    0xf8, 0xa2, 0x60, 0xff, 0xf8, 0xa2, 0x60, 0xff, 0xf8, 0xa2, 0x60, 0xff, 0xf8, 0xa2, 0x60, 0xff,
    0xf8, 0xa2, 0x60, 0xff, 0xf8, 0xa2, 0x60, 0xff, 0xf8, 0xa2, 0x60, 0xff, 0xf8, 0xa2, 0x60, 0xff,
    0xf8, 0xa2, 0x60, 0xff, 0xf8, 0xa2, 0x60, 0xff, 0xf8, 0xa2, 0x60, 0xff, 0xf8, 0xa2, 0x60, 0xff,
    0xf8, 0xa2, 0x60, 0xff, 0xf8, 0xa2, 0x60, 0xff, 0xf8, 0xa2, 0x60, 0xff, 0xf8, 0xa2, 0x5f, 0xff,
    0xf8, 0xa2, 0x60, 0xff, 0xf8, 0xa2, 0x60, 0xff, 0xf8, 0xa2, 0x60, 0xff, 0xf8, 0xa2, 0x60, 0xff,
    0xf8, 0xa2, 0x60, 0xff, 0xf8, 0xa2, 0x60, 0xff, 0xf8, 0xa2, 0x60, 0xff, 0xf8, 0xa2, 0x60, 0xff,
    0xf8, 0xa2, 0x60, 0xff, 0xf8, 0xa2, 0x60, 0xff, 0xf8, 0xa2, 0x60, 0xff, 0xf8, 0xa0, 0x5c, 0xff,
    0xf8, 0xa1, 0x5e, 0xff, 0xf8, 0xa0, 0x5e, 0xff, 0xf9, 0xb1, 0x7a, 0xff, 0xfd, 0xee, 0xe1, 0xff,
    0xff, 0xff, 0xff, 0xff, 0xff, 0xff, 0xff, 0xff, 0xff, 0xff, 0xff, 0xff, 0xff, 0xff, 0xff, 0xff,
    0xff, 0xff, 0xff, 0xff, 0xff, 0xff, 0xff, 0xff, 0xff, 0xff, 0xff, 0xff, 0xff, 0xff, 0xff, 0xff,
    0xff, 0xff, 0xff, 0xff, 0xff, 0xff, 0xff, 0xff, 0xff, 0xff, 0xff, 0xff, 0xff, 0xff, 0xff, 0xff,
    0xff, 0xff, 0xff, 0xff, 0xff, 0xfd, 0xfc, 0xff, 0xff, 0xff, 0xff, 0xff, 0xfe, 0xf2, 0xe8, 0xff,
    0xfa, 0xb8, 0x87, 0xff, 0xf8, 0xa7, 0x68, 0xff, 0xf8, 0xa2, 0x61, 0xff, 0xf9, 0xb0, 0x7a, 0xff,
    0xfb, 0xc5, 0x9d, 0xff, 0xfb, 0xca, 0xa4, 0xff, 0xfb, 0xc6, 0x9f, 0xff, 0xfb, 0xc7, 0xa0, 0xff,
    0xfb, 0xc7, 0xa0, 0xff, 0xfb, 0xc7, 0xa0, 0xff, 0xfb, 0xc7, 0xa0, 0xff, 0xfb, 0xc7, 0xa0, 0xff,
    0xfa, 0xc2, 0x97, 0xff, 0xf8, 0xaa, 0x6f, 0xff, 0xf8, 0xa0, 0x5c, 0xff, 0xf8, 0xa2, 0x5f, 0xff,
    0xf8, 0xa1, 0x5f, 0xff, 0xf8, 0xa2, 0x5f, 0xff, 0xf8, 0xa1, 0x5f, 0xff, 0xf8, 0xa1, 0x5e, 0xff,
    0xf8, 0xa2, 0x60, 0xff, 0xf8, 0xaa, 0x6d, 0xff, 0xfa, 0xc2, 0x97, 0xff, 0xfb, 0xca, 0xa5, 0xff,
    0xfb, 0xc6, 0x9f, 0xff, 0xfb, 0xc7, 0xa0, 0xff, 0xfb, 0xc7, 0xa0, 0xff, 0xfb, 0xc7, 0xa0, 0xff,
    0xfb, 0xc7, 0xa0, 0xff, 0xfb, 0xc7, 0xa1, 0xff, 0xfa, 0xc6, 0x9e, 0xff, 0xf8, 0xb2, 0x7b, 0xff,
    0xf8, 0xa4, 0x62, 0xff, 0xf8, 0xa2, 0x5f, 0xff, 0xf8, 0xa2, 0x60, 0xff, 0xf8, 0xa2, 0x60, 0xff,
    0xf8, 0xa2, 0x60, 0xff, 0xf8, 0xa2, 0x60, 0xff, 0xf8, 0xa2, 0x60, 0xff, 0xf8, 0xa2, 0x60, 0xff,
    0xf8, 0xa2, 0x60, 0xff, 0xf8, 0xa2, 0x60, 0xff, 0xf8, 0xa2, 0x60, 0xff, 0xf8, 0xa2, 0x60, 0xff,
    0xf8, 0xa2, 0x60, 0xff, 0xf8, 0xa2, 0x60, 0xff, 0xf8, 0xa2, 0x60, 0xff, 0xf8, 0xa2, 0x60, 0xff,
    0xf8, 0xa2, 0x60, 0xff, 0xf8, 0xa2, 0x60, 0xff, 0xf8, 0xa2, 0x60, 0xff, 0xf8, 0xa2, 0x60, 0xff,
    0xf8, 0xa2, 0x60, 0xff, 0xf8, 0xa2, 0x60, 0xff, 0xf8, 0xa2, 0x60, 0xff, 0xf8, 0xa2, 0x60, 0xff,
    0xf8, 0xa2, 0x60, 0xff, 0xf8, 0xa2, 0x60, 0xff, 0xf8, 0xa2, 0x60, 0xff, 0xf8, 0xa2, 0x60, 0xff,
    0xf8, 0xa2, 0x60, 0xff, 0xf8, 0xa2, 0x60, 0xff, 0xf8, 0xa2, 0x60, 0xff, 0xf8, 0xa2, 0x60, 0xff,
    0xf8, 0xa2, 0x60, 0xff, 0xf8, 0xa2, 0x60, 0xff, 0xf8, 0xa2, 0x60, 0xff, 0xf8, 0xa2, 0x60, 0xff,
    0xf8, 0xa2, 0x60, 0xff, 0xf8, 0xa2, 0x60, 0xff, 0xf8, 0xa2, 0x60, 0xff, 0xf8, 0xa2, 0x60, 0xff,
    0xf8, 0xa2, 0x60, 0xff, 0xf8, 0xa2, 0x60, 0xff, 0xf8, 0xa2, 0x60, 0xff, 0xf8, 0xa2, 0x60, 0xff,
    0xf8, 0xa2, 0x60, 0xff, 0xf8, 0xa2, 0x60, 0xff, 0xf8, 0xa2, 0x60, 0xff, 0xf8, 0xa2, 0x60, 0xff,
    0xf8, 0xa2, 0x60, 0xff, 0xf8, 0xa2, 0x60, 0xff, 0xf8, 0xa2, 0x60, 0xff, 0xf8, 0xa2, 0x60, 0xff,
    0xf8, 0xa2, 0x60, 0xff, 0xf8, 0xa2, 0x60, 0xff, 0xf8, 0xa2, 0x60, 0xff, 0xf8, 0xa2, 0x60, 0xff,
    0xf8, 0xa2, 0x60, 0xff, 0xf8, 0xa2, 0x60, 0xff, 0xf8, 0xa2, 0x60, 0xff, 0xf8, 0xa1, 0x5f, 0xff,
    0xf8, 0xa1, 0x5e, 0xff, 0xf8, 0xa2, 0x60, 0xff, 0xf8, 0xa1, 0x5f, 0xff, 0xf8, 0xa1, 0x5f, 0xff,
    0xf8, 0xa2, 0x60, 0xff, 0xf8, 0xa2, 0x60, 0xff, 0xf8, 0xa2, 0x60, 0xff, 0xf8, 0xa2, 0x60, 0xff,
    0xf8, 0xa2, 0x60, 0xff, 0xf8, 0xa2, 0x60, 0xff, 0xf8, 0xa2, 0x60, 0xff, 0xf8, 0xa1, 0x5f, 0xff,
    0xf8, 0xa2, 0x61, 0xff, 0xf8, 0xa2, 0x5f, 0xff, 0xf8, 0xad, 0x74, 0xff, 0xfb, 0xcc, 0xa8, 0xff,
    0xfd, 0xeb, 0xdd, 0xff, 0xff, 0xff, 0xff, 0xff, 0xff, 0xff, 0xff, 0xff, 0xff, 0xff, 0xff, 0xff,
    0xff, 0xff, 0xff, 0xff, 0xff, 0xff, 0xff, 0xff, 0xff, 0xff, 0xff, 0xff, 0xff, 0xff, 0xff, 0xff,
    0xff, 0xff, 0xff, 0xff, 0xff, 0xff, 0xff, 0xff, 0xff, 0xff, 0xff, 0xff, 0xff, 0xff, 0xff, 0xff,
    0xff, 0xff, 0xff, 0xff, 0xff, 0xff, 0xff, 0xff, 0xff, 0xff, 0xff, 0xff, 0xff, 0xff, 0xff, 0xff,
    0xff, 0xff, 0xff, 0xff, 0xff, 0xff, 0xff, 0xff, 0xff, 0xf9, 0xf3, 0xff, 0xfc, 0xd8, 0xbc, 0xff,
    0xfb, 0xc3, 0x99, 0xff, 0xfb, 0xc7, 0xa0, 0xff, 0xfb, 0xc8, 0xa1, 0xff, 0xfb, 0xc6, 0x9f, 0xff,
    0xfb, 0xc7, 0xa0, 0xff, 0xfb, 0xc7, 0xa0, 0xff, 0xfb, 0xc7, 0xa0, 0xff, 0xfb, 0xc7, 0xa0, 0xff,
    0xfb, 0xc7, 0xa0, 0xff, 0xfb, 0xc7, 0xa0, 0xff, 0xfb, 0xc8, 0xa1, 0xff, 0xfa, 0xc0, 0x93, 0xff,
    0xf9, 0xac, 0x71, 0xff, 0xf8, 0xa2, 0x60, 0xff, 0xf8, 0xa2, 0x61, 0xff, 0xf8, 0xa2, 0x60, 0xff,
    0xf8, 0xa2, 0x61, 0xff, 0xf8, 0xa3, 0x62, 0xff, 0xf9, 0xab, 0x70, 0xff, 0xfb, 0xc3, 0x99, 0xff,
    0xfb, 0xc8, 0xa2, 0xff, 0xfb, 0xc7, 0xa0, 0xff, 0xfb, 0xc7, 0xa0, 0xff, 0xfb, 0xc7, 0xa0, 0xff,
    0xfb, 0xc7, 0xa0, 0xff, 0xfb, 0xc7, 0xa0, 0xff, 0xfb, 0xc7, 0xa0, 0xff, 0xfb, 0xc7, 0xa0, 0xff,
    0xfb, 0xc6, 0x9f, 0xff, 0xfb, 0xca, 0xa3, 0xff, 0xf9, 0xb3, 0x7d, 0xff, 0xf8, 0xa1, 0x5e, 0xff,
    0xf8, 0xa2, 0x61, 0xff, 0xf8, 0xa2, 0x60, 0xff, 0xf8, 0xa2, 0x60, 0xff, 0xf8, 0xa2, 0x60, 0xff,
    0xf8, 0xa2, 0x60, 0xff, 0xf8, 0xa2, 0x60, 0xff, 0xf8, 0xa2, 0x60, 0xff, 0xf8, 0xa2, 0x60, 0xff,
    0xf8, 0xa2, 0x60, 0xff, 0xf8, 0xa2, 0x60, 0xff, 0xf8, 0xa2, 0x60, 0xff, 0xf8, 0xa2, 0x60, 0xff,
    0xf8, 0xa2, 0x60, 0xff, 0xf8, 0xa2, 0x60, 0xff, 0xf8, 0xa2, 0x60, 0xff, 0xf8, 0xa2, 0x60, 0xff,
    0xf8, 0xa2, 0x60, 0xff, 0xf8, 0xa2, 0x60, 0xff, 0xf8, 0xa2, 0x60, 0xff, 0xf8, 0xa2, 0x60, 0xff,
    0xf8, 0xa2, 0x60, 0xff, 0xf8, 0xa2, 0x60, 0xff, 0xf8, 0xa2, 0x60, 0xff, 0xf8, 0xa2, 0x60, 0xff,
    0xf8, 0xa2, 0x60, 0xff, 0xf8, 0xa2, 0x60, 0xff, 0xf8, 0xa2, 0x60, 0xff, 0xf8, 0xa2, 0x60, 0xff,
    0xf8, 0xa2, 0x60, 0xff, 0xf8, 0xa2, 0x60, 0xff, 0xf8, 0xa2, 0x60, 0xff, 0xf8, 0xa2, 0x60, 0xff,
    0xf8, 0xa2, 0x60, 0xff, 0xf8, 0xa2, 0x60, 0xff, 0xf8, 0xa2, 0x60, 0xff, 0xf8, 0xa2, 0x60, 0xff,
    0xf8, 0xa2, 0x60, 0xff, 0xf8, 0xa2, 0x60, 0xff, 0xf8, 0xa2, 0x60, 0xff, 0xf8, 0xa2, 0x60, 0xff,
    0xf8, 0xa2, 0x60, 0xff, 0xf8, 0xa2, 0x60, 0xff, 0xf8, 0xa2, 0x60, 0xff, 0xf8, 0xa2, 0x60, 0xff,
    0xf8, 0xa2, 0x60, 0xff, 0xf8, 0xa2, 0x60, 0xff, 0xf8, 0xa2, 0x60, 0xff, 0xf8, 0xa2, 0x60, 0xff,
    0xf8, 0xa2, 0x60, 0xff, 0xf8, 0xa2, 0x60, 0xff, 0xf8, 0xa2, 0x60, 0xff, 0xf8, 0xa2, 0x60, 0xff,
    0xf8, 0xa2, 0x60, 0xff, 0xf8, 0xa2, 0x60, 0xff, 0xf8, 0xa2, 0x60, 0xff, 0xf8, 0xa2, 0x60, 0xff,
    0xf8, 0xa2, 0x60, 0xff, 0xf8, 0xa1, 0x5e, 0xff, 0xf8, 0x9f, 0x5b, 0xff, 0xf9, 0xb0, 0x78, 0xff,
    0xf8, 0xa5, 0x64, 0xff, 0xf8, 0x9e, 0x5a, 0xff, 0xf8, 0xa2, 0x61, 0xff, 0xf8, 0xa3, 0x61, 0xff,
    0xf8, 0xa3, 0x61, 0xff, 0xf8, 0xa2, 0x60, 0xff, 0xf8, 0xa2, 0x60, 0xff, 0xf8, 0xa2, 0x60, 0xff,
    0xf8, 0xa4, 0x62, 0xff, 0xf8, 0x9f, 0x5b, 0xff, 0xf9, 0xab, 0x71, 0xff, 0xfc, 0xd9, 0xbc, 0xff,
    0xff, 0xfa, 0xf7, 0xff, 0xff, 0xfe, 0xfb, 0xff, 0xff, 0xff, 0xff, 0xff, 0xff, 0xff, 0xff, 0xff,
    0xff, 0xff, 0xff, 0xff, 0xff, 0xff, 0xff, 0xff, 0xff, 0xff, 0xff, 0xff, 0xff, 0xff, 0xff, 0xff,
    0xff, 0xff, 0xff, 0xff, 0xff, 0xff, 0xff, 0xff, 0xff, 0xff, 0xff, 0xff, 0xff, 0xff, 0xff, 0xff,
    0xff, 0xff, 0xff, 0xff, 0xff, 0xff, 0xff, 0xff, 0xff, 0xff, 0xff, 0xff, 0xff, 0xff, 0xff, 0xff,
    0xff, 0xff, 0xff, 0xff, 0xff, 0xff, 0xff, 0xff, 0xff, 0xff, 0xff, 0xff, 0xff, 0xff, 0xff, 0xff,
    0xff, 0xff, 0xff, 0xff, 0xff, 0xfe, 0xfd, 0xff, 0xff, 0xfd, 0xfc, 0xff, 0xfe, 0xed, 0xe1, 0xff,
    0xfd, 0xd2, 0xb3, 0xff, 0xfb, 0xc6, 0x9f, 0xff, 0xfb, 0xc7, 0xa0, 0xff, 0xfb, 0xc7, 0xa1, 0xff,
    0xfb, 0xc7, 0xa0, 0xff, 0xfb, 0xc7, 0xa0, 0xff, 0xfb, 0xc7, 0xa1, 0xff, 0xfb, 0xc8, 0xa1, 0xff,
    0xfb, 0xc7, 0xa0, 0xff, 0xfb, 0xc5, 0x9d, 0xff, 0xfb, 0xc8, 0xa2, 0xff, 0xfb, 0xc2, 0x96, 0xff,
    0xfa, 0xb2, 0x7c, 0xff, 0xf9, 0xae, 0x74, 0xff, 0xf9, 0xb6, 0x81, 0xff, 0xfa, 0xbe, 0x8f, 0xff,
    0xfb, 0xc6, 0x9e, 0xff, 0xfb, 0xc7, 0xa1, 0xff, 0xfb, 0xc7, 0xa0, 0xff, 0xfb, 0xc7, 0xa0, 0xff,
    0xfb, 0xc7, 0xa0, 0xff, 0xfb, 0xc7, 0xa0, 0xff, 0xfb, 0xc7, 0xa0, 0xff, 0xfb, 0xc7, 0xa0, 0xff,
    0xfb, 0xc7, 0xa0, 0xff, 0xfb, 0xc7, 0xa0, 0xff, 0xfb, 0xc6, 0x9f, 0xff, 0xfb, 0xc9, 0xa4, 0xff,
    0xfa, 0xb9, 0x86, 0xff, 0xf8, 0xa5, 0x65, 0xff, 0xf8, 0xa1, 0x5f, 0xff, 0xf8, 0xa2, 0x61, 0xff,
    0xf8, 0xa2, 0x60, 0xff, 0xf8, 0xa2, 0x60, 0xff, 0xf8, 0xa2, 0x60, 0xff, 0xf8, 0xa2, 0x60, 0xff,
    0xf8, 0xa2, 0x60, 0xff, 0xf8, 0xa2, 0x60, 0xff, 0xf8, 0xa2, 0x60, 0xff, 0xf8, 0xa2, 0x60, 0xff,
    0xf8, 0xa2, 0x60, 0xff, 0xf8, 0xa2, 0x60, 0xff, 0xf8, 0xa2, 0x60, 0xff, 0xf8, 0xa2, 0x60, 0xff,
    0xf8, 0xa2, 0x60, 0xff, 0xf8, 0xa2, 0x60, 0xff, 0xf8, 0xa2, 0x60, 0xff, 0xf8, 0xa2, 0x60, 0xff,
    0xf8, 0xa2, 0x60, 0xff, 0xf8, 0xa2, 0x60, 0xff, 0xf8, 0xa2, 0x60, 0xff, 0xf8, 0xa2, 0x60, 0xff,
    0xf8, 0xa2, 0x60, 0xff, 0xf8, 0xa2, 0x60, 0xff, 0xf8, 0xa2, 0x60, 0xff, 0xf8, 0xa2, 0x60, 0xff,
    0xf8, 0xa2, 0x60, 0xff, 0xf8, 0xa2, 0x60, 0xff, 0xf8, 0xa2, 0x60, 0xff, 0xf8, 0xa2, 0x60, 0xff,
    0xf8, 0xa2, 0x60, 0xff, 0xf8, 0xa2, 0x60, 0xff, 0xf8, 0xa2, 0x60, 0xff, 0xf8, 0xa2, 0x60, 0xff,
    0xf8, 0xa2, 0x60, 0xff, 0xf8, 0xa2, 0x60, 0xff, 0xf8, 0xa2, 0x60, 0xff, 0xf8, 0xa2, 0x60, 0xff,
    0xf8, 0xa2, 0x60, 0xff, 0xf8, 0xa2, 0x60, 0xff, 0xf8, 0xa2, 0x60, 0xff, 0xf8, 0xa2, 0x60, 0xff,
    0xf8, 0xa2, 0x60, 0xff, 0xf8, 0xa2, 0x60, 0xff, 0xf8, 0xa2, 0x60, 0xff, 0xf8, 0xa2, 0x60, 0xff,
    0xf8, 0xa2, 0x60, 0xff, 0xf8, 0xa2, 0x60, 0xff, 0xf8, 0xa2, 0x60, 0xff, 0xf8, 0xa2, 0x60, 0xff,
    0xf8, 0xa2, 0x60, 0xff, 0xf8, 0xa2, 0x60, 0xff, 0xf8, 0xa2, 0x60, 0xff, 0xf8, 0xa2, 0x60, 0xff,
    0xf8, 0xa2, 0x61, 0xff, 0xf8, 0xa1, 0x5d, 0xff, 0xf8, 0xa9, 0x6c, 0xff, 0xfb, 0xcf, 0xad, 0xff,
    0xfd, 0xe7, 0xd6, 0xff, 0xfe, 0xf6, 0xee, 0xff, 0xfd, 0xef, 0xe3, 0xff, 0xfc, 0xd5, 0xb8, 0xff,
    0xf9, 0xb4, 0x7f, 0xff, 0xf8, 0xa0, 0x5c, 0xff, 0xf8, 0x9f, 0x5b, 0xff, 0xf8, 0xa2, 0x62, 0xff,
    0xf8, 0xa4, 0x63, 0xff, 0xf8, 0xa2, 0x5f, 0xff, 0xf8, 0xa2, 0x5f, 0xff, 0xfb, 0xce, 0xab, 0xff,
    0xfe, 0xf2, 0xea, 0xff, 0xff, 0xfd, 0xfb, 0xff, 0xff, 0xff, 0xff, 0xff, 0xff, 0xff, 0xff, 0xff,
    0xff, 0xff, 0xff, 0xff, 0xff, 0xff, 0xff, 0xff, 0xff, 0xff, 0xff, 0xff, 0xff, 0xff, 0xff, 0xff,
    0xff, 0xff, 0xff, 0xff, 0xff, 0xff, 0xff, 0xff, 0xff, 0xff, 0xff, 0xff, 0xff, 0xff, 0xff, 0xff,
    0xff, 0xff, 0xff, 0xff, 0xff, 0xff, 0xff, 0xff, 0xff, 0xff, 0xff, 0xff, 0xff, 0xff, 0xff, 0xff,
    0xff, 0xff, 0xff, 0xff, 0xff, 0xff, 0xff, 0xff, 0xff, 0xff, 0xff, 0xff, 0xff, 0xff, 0xff, 0xff,
    0xff, 0xff, 0xff, 0xff, 0xff, 0xff, 0xff, 0xff, 0xff, 0xff, 0xff, 0xff, 0xff, 0xff, 0xff, 0xff,
    0xff, 0xff, 0xff, 0xff, 0xff, 0xff, 0xfd, 0xff, 0xff, 0xfa, 0xf6, 0xff, 0xfe, 0xe7, 0xd5, 0xff,
    0xfc, 0xcb, 0xa8, 0xff, 0xfb, 0xc4, 0x9a, 0xff, 0xfb, 0xc9, 0xa3, 0xff, 0xfb, 0xc8, 0xa1, 0xff,
    0xfb, 0xc5, 0x9d, 0xff, 0xfb, 0xc3, 0x99, 0xff, 0xfc, 0xd0, 0xae, 0xff, 0xfd, 0xe5, 0xd3, 0xff,
    0xff, 0xf6, 0xf0, 0xff, 0xff, 0xf9, 0xf4, 0xff, 0xfe, 0xf2, 0xe9, 0xff, 0xfc, 0xdf, 0xc9, 0xff,
    0xfc, 0xd0, 0xaf, 0xff, 0xfb, 0xc8, 0xa0, 0xff, 0xfb, 0xc8, 0xa2, 0xff, 0xfb, 0xc7, 0xa0, 0xff,
    0xfb, 0xc7, 0xa0, 0xff, 0xfb, 0xc7, 0xa0, 0xff, 0xfb, 0xc7, 0xa0, 0xff, 0xfb, 0xc7, 0xa0, 0xff,
    0xfb, 0xc7, 0xa0, 0xff, 0xfb, 0xc7, 0xa0, 0xff, 0xfb, 0xc7, 0xa0, 0xff, 0xfb, 0xc7, 0xa0, 0xff,
    0xfb, 0xc6, 0x9f, 0xff, 0xfb, 0xca, 0xa3, 0xff, 0xf9, 0xb4, 0x7f, 0xff, 0xf8, 0xa2, 0x5f, 0xff,
    0xf8, 0xa2, 0x61, 0xff, 0xf8, 0xa2, 0x60, 0xff, 0xf8, 0xa2, 0x60, 0xff, 0xf8, 0xa2, 0x60, 0xff,
    0xf8, 0xa2, 0x60, 0xff, 0xf8, 0xa2, 0x60, 0xff, 0xf8, 0xa2, 0x60, 0xff, 0xf8, 0xa2, 0x60, 0xff,
    0xf8, 0xa2, 0x60, 0xff, 0xf8, 0xa2, 0x60, 0xff, 0xf8, 0xa2, 0x60, 0xff, 0xf8, 0xa2, 0x60, 0xff,
    0xf8, 0xa2, 0x60, 0xff, 0xf8, 0xa2, 0x60, 0xff, 0xf8, 0xa2, 0x60, 0xff, 0xf8, 0xa2, 0x60, 0xff,
    0xf8, 0xa2, 0x60, 0xff, 0xf8, 0xa2, 0x60, 0xff, 0xf8, 0xa2, 0x60, 0xff, 0xf8, 0xa2, 0x60, 0xff,
    0xf8, 0xa2, 0x60, 0xff, 0xf8, 0xa2, 0x60, 0xff, 0xf8, 0xa2, 0x60, 0xff, 0xf8, 0xa2, 0x60, 0xff,
    0xf8, 0xa2, 0x60, 0xff, 0xf8, 0xa2, 0x60, 0xff, 0xf8, 0xa2, 0x60, 0xff, 0xf8, 0xa2, 0x60, 0xff,
    0xf8, 0xa2, 0x60, 0xff, 0xf8, 0xa2, 0x60, 0xff, 0xf8, 0xa2, 0x60, 0xff, 0xf8, 0xa2, 0x60, 0xff,
    0xf8, 0xa2, 0x60, 0xff, 0xf8, 0xa2, 0x60, 0xff, 0xf8, 0xa2, 0x60, 0xff, 0xf8, 0xa2, 0x60, 0xff,
    0xf8, 0xa2, 0x60, 0xff, 0xf8, 0xa2, 0x60, 0xff, 0xf8, 0xa2, 0x60, 0xff, 0xf8, 0xa2, 0x60, 0xff,
    0xf8, 0xa2, 0x60, 0xff, 0xf8, 0xa2, 0x60, 0xff, 0xf8, 0xa2, 0x60, 0xff, 0xf8, 0xa2, 0x60, 0xff,
    0xf8, 0xa2, 0x60, 0xff, 0xf8, 0xa2, 0x60, 0xff, 0xf8, 0xa2, 0x60, 0xff, 0xf8, 0xa2, 0x60, 0xff,
    0xf8, 0xa2, 0x60, 0xff, 0xf8, 0xa2, 0x60, 0xff, 0xf8, 0xa2, 0x60, 0xff, 0xf8, 0xa2, 0x60, 0xff,
    0xf8, 0xa2, 0x60, 0xff, 0xf8, 0xa3, 0x61, 0xff, 0xf8, 0xa0, 0x5d, 0xff, 0xf9, 0xa7, 0x68, 0xff,
    0xfc, 0xcd, 0xa9, 0xff, 0xff, 0xfa, 0xf6, 0xff, 0xff, 0xff, 0xff, 0xff, 0xff, 0xff, 0xff, 0xff,
    0xff, 0xff, 0xff, 0xff, 0xff, 0xfb, 0xf8, 0xff, 0xfe, 0xf1, 0xe7, 0xff, 0xfc, 0xe2, 0xcc, 0xff,
    0xfa, 0xc2, 0x96, 0xff, 0xf9, 0xa7, 0x6a, 0xff, 0xf7, 0x9a, 0x53, 0xff, 0xf9, 0xaf, 0x76, 0xff,
    0xfd, 0xe0, 0xca, 0xff, 0xff, 0xf9, 0xf6, 0xff, 0xff, 0xff, 0xff, 0xff, 0xff, 0xff, 0xff, 0xff,
    0xff, 0xfe, 0xfe, 0xff, 0xff, 0xff, 0xfe, 0xff, 0xff, 0xff, 0xff, 0xff, 0xff, 0xff, 0xff, 0xff,
    0xff, 0xff, 0xff, 0xff, 0xff, 0xff, 0xff, 0xff, 0xff, 0xff, 0xff, 0xff, 0xff, 0xff, 0xff, 0xff,
    0xff, 0xff, 0xff, 0xff, 0xff, 0xff, 0xff, 0xff, 0xff, 0xff, 0xff, 0xff, 0xff, 0xff, 0xff, 0xff,
    0xff, 0xff, 0xff, 0xff, 0xff, 0xff, 0xff, 0xff, 0xff, 0xff, 0xff, 0xff, 0xff, 0xff, 0xff, 0xff,
    0xff, 0xff, 0xff, 0xff, 0xff, 0xff, 0xff, 0xff, 0xff, 0xff, 0xff, 0xff, 0xff, 0xff, 0xff, 0xff,
    0xff, 0xff, 0xff, 0xff, 0xff, 0xff, 0xfe, 0xff, 0xff, 0xfe, 0xfe, 0xff, 0xff, 0xff, 0xff, 0xff,
    0xff, 0xff, 0xff, 0xff, 0xff, 0xfd, 0xfc, 0xff, 0xfe, 0xf2, 0xea, 0xff, 0xfc, 0xd8, 0xbd, 0xff,
    0xfb, 0xc1, 0x95, 0xff, 0xfb, 0xc7, 0xa0, 0xff, 0xfc, 0xda, 0xc2, 0xff, 0xfe, 0xeb, 0xdd, 0xff,
    0xfe, 0xf6, 0xef, 0xff, 0xff, 0xfd, 0xfb, 0xff, 0xff, 0xff, 0xff, 0xff, 0xff, 0xff, 0xff, 0xff,
    0xff, 0xff, 0xff, 0xff, 0xff, 0xfd, 0xfc, 0xff, 0xfe, 0xef, 0xe3, 0xff, 0xfb, 0xc6, 0x9e, 0xff,
    0xfb, 0xc7, 0x9f, 0xff, 0xfb, 0xc7, 0xa0, 0xff, 0xfb, 0xc7, 0xa0, 0xff, 0xfb, 0xc7, 0xa0, 0xff,
    0xfb, 0xc7, 0x9f, 0xff, 0xfb, 0xc6, 0x9e, 0xff, 0xfb, 0xc6, 0x9f, 0xff, 0xfb, 0xc7, 0xa0, 0xff,
    0xfb, 0xc7, 0xa0, 0xff, 0xfb, 0xc7, 0xa0, 0xff, 0xfb, 0xc7, 0xa1, 0xff, 0xfa, 0xc0, 0x93, 0xff,
    0xf8, 0xaa, 0x6e, 0xff, 0xf8, 0xa0, 0x5c, 0xff, 0xf8, 0xa3, 0x61, 0xff, 0xf8, 0xa2, 0x60, 0xff,
    0xf8, 0xa2, 0x60, 0xff, 0xf8, 0xa2, 0x60, 0xff, 0xf8, 0xa2, 0x60, 0xff, 0xf8, 0xa2, 0x60, 0xff,
    0xf8, 0xa2, 0x60, 0xff, 0xf8, 0xa2, 0x60, 0xff, 0xf8, 0xa2, 0x60, 0xff, 0xf8, 0xa2, 0x60, 0xff,
    0xf8, 0xa2, 0x60, 0xff, 0xf8, 0xa2, 0x60, 0xff, 0xf8, 0xa2, 0x60, 0xff, 0xf8, 0xa2, 0x60, 0xff,
    0xf8, 0xa2, 0x60, 0xff, 0xf8, 0xa2, 0x60, 0xff, 0xf8, 0xa2, 0x60, 0xff, 0xf8, 0xa2, 0x60, 0xff,
    0xf8, 0xa2, 0x60, 0xff, 0xf8, 0xa2, 0x60, 0xff, 0xf8, 0xa2, 0x60, 0xff, 0xf8, 0xa2, 0x60, 0xff,
    0xf8, 0xa2, 0x60, 0xff, 0xf8, 0xa2, 0x60, 0xff, 0xf8, 0xa2, 0x60, 0xff, 0xf8, 0xa2, 0x60, 0xff,
    0xf8, 0xa2, 0x60, 0xff, 0xf8, 0xa2, 0x60, 0xff, 0xf8, 0xa2, 0x60, 0xff, 0xf8, 0xa2, 0x60, 0xff,
    0xf8, 0xa2, 0x60, 0xff, 0xf8, 0xa2, 0x60, 0xff, 0xf8, 0xa2, 0x60, 0xff, 0xf8, 0xa2, 0x60, 0xff,
    0xf8, 0xa2, 0x60, 0xff, 0xf8, 0xa2, 0x60, 0xff, 0xf8, 0xa2, 0x60, 0xff, 0xf8, 0xa2, 0x60, 0xff,
    0xf8, 0xa2, 0x60, 0xff, 0xf8, 0xa2, 0x60, 0xff, 0xf8, 0xa2, 0x60, 0xff, 0xf8, 0xa2, 0x60, 0xff,
    0xf8, 0xa2, 0x60, 0xff, 0xf8, 0xa2, 0x60, 0xff, 0xf8, 0xa2, 0x60, 0xff, 0xf8, 0xa2, 0x60, 0xff,
    0xf8, 0xa2, 0x60, 0xff, 0xf8, 0xa2, 0x60, 0xff, 0xf8, 0xa2, 0x60, 0xff, 0xf8, 0xa2, 0x60, 0xff,
    0xf8, 0xa2, 0x60, 0xff, 0xf8, 0xa2, 0x60, 0xff, 0xf8, 0xa2, 0x60, 0xff, 0xf8, 0xa4, 0x64, 0xff,
    0xf8, 0x9c, 0x57, 0xff, 0xfa, 0xb4, 0x80, 0xff, 0xff, 0xf6, 0xef, 0xff, 0xff, 0xff, 0xff, 0xff,
    0xff, 0xff, 0xff, 0xff, 0xff, 0xfe, 0xfd, 0xff, 0xff, 0xfe, 0xfd, 0xff, 0xff, 0xff, 0xff, 0xff,
    0xff, 0xff, 0xff, 0xff, 0xff, 0xff, 0xff, 0xff, 0xfe, 0xf3, 0xea, 0xff, 0xfd, 0xe3, 0xcf, 0xff,
    0xfc, 0xd0, 0xaf, 0xff, 0xfd, 0xe8, 0xd9, 0xff, 0xff, 0xff, 0xff, 0xff, 0xff, 0xff, 0xff, 0xff,
    0xff, 0xfe, 0xfd, 0xff, 0xff, 0xfe, 0xfe, 0xff, 0xff, 0xff, 0xff, 0xff, 0xff, 0xff, 0xff, 0xff,
    0xff, 0xff, 0xff, 0xff, 0xff, 0xff, 0xff, 0xff, 0xff, 0xff, 0xff, 0xff, 0xff, 0xff, 0xff, 0xff,
    0xff, 0xff, 0xff, 0xff, 0xff, 0xff, 0xff, 0xff, 0xff, 0xff, 0xff, 0xff, 0xff, 0xff, 0xff, 0xff,
    0xff, 0xff, 0xff, 0xff, 0xff, 0xff, 0xff, 0xff, 0xff, 0xff, 0xff, 0xff, 0xff, 0xff, 0xff, 0xff,
    0xff, 0xff, 0xff, 0xff, 0xff, 0xff, 0xff, 0xff, 0xff, 0xff, 0xff, 0xff, 0xff, 0xff, 0xff, 0xff,
    0xff, 0xff, 0xff, 0xff, 0xff, 0xff, 0xff, 0xff, 0xff, 0xff, 0xff, 0xff, 0xff, 0xff, 0xff, 0xff,
    0xff, 0xff, 0xff, 0xff, 0xff, 0xff, 0xff, 0xff, 0xff, 0xfe, 0xfd, 0xff, 0xff, 0xff, 0xff, 0xff,
    0xff, 0xff, 0xff, 0xff, 0xfe, 0xf5, 0xed, 0xff, 0xfe, 0xe5, 0xd3, 0xff, 0xfe, 0xee, 0xe2, 0xff,
    0xfe, 0xf8, 0xf4, 0xff, 0xff, 0xff, 0xff, 0xff, 0xff, 0xff, 0xff, 0xff, 0xff, 0xff, 0xff, 0xff,
    0xff, 0xff, 0xfe, 0xff, 0xff, 0xfe, 0xfd, 0xff, 0xff, 0xfe, 0xfd, 0xff, 0xff, 0xff, 0xff, 0xff,
    0xff, 0xfe, 0xfb, 0xff, 0xfd, 0xda, 0xc1, 0xff, 0xfb, 0xc7, 0xa0, 0xff, 0xfb, 0xc6, 0x9f, 0xff,
    0xfb, 0xc7, 0xa0, 0xff, 0xfb, 0xc6, 0x9e, 0xff, 0xfb, 0xc8, 0xa1, 0xff, 0xfb, 0xca, 0xa5, 0xff,
    0xfb, 0xca, 0xa4, 0xff, 0xfb, 0xc7, 0xa0, 0xff, 0xfb, 0xc6, 0x9e, 0xff, 0xfb, 0xc6, 0x9e, 0xff,
    0xfa, 0xc9, 0xa3, 0xff, 0xf9, 0xb0, 0x77, 0xff, 0xf8, 0xa1, 0x5e, 0xff, 0xf8, 0xa2, 0x60, 0xff,
    0xf8, 0xa2, 0x60, 0xff, 0xf8, 0xa2, 0x60, 0xff, 0xf8, 0xa2, 0x60, 0xff, 0xf8, 0xa2, 0x60, 0xff,
    0xf8, 0xa2, 0x60, 0xff, 0xf8, 0xa2, 0x60, 0xff, 0xf8, 0xa2, 0x60, 0xff, 0xf8, 0xa2, 0x60, 0xff,
    0xf8, 0xa2, 0x60, 0xff, 0xf8, 0xa2, 0x60, 0xff, 0xf8, 0xa2, 0x60, 0xff, 0xf8, 0xa2, 0x60, 0xff,
    0xf8, 0xa2, 0x60, 0xff, 0xf8, 0xa2, 0x60, 0xff, 0xf8, 0xa2, 0x60, 0xff, 0xf8, 0xa2, 0x60, 0xff,
    0xf8, 0xa2, 0x60, 0xff, 0xf8, 0xa2, 0x60, 0xff, 0xf8, 0xa2, 0x60, 0xff, 0xf8, 0xa2, 0x60, 0xff,
    0xf8, 0xa2, 0x60, 0xff, 0xf8, 0xa2, 0x60, 0xff, 0xf8, 0xa2, 0x60, 0xff, 0xf8, 0xa2, 0x60, 0xff,
    0xf8, 0xa2, 0x60, 0xff, 0xf8, 0xa2, 0x60, 0xff, 0xf8, 0xa2, 0x60, 0xff, 0xf8, 0xa2, 0x60, 0xff,
    0xf8, 0xa2, 0x60, 0xff, 0xf8, 0xa2, 0x60, 0xff, 0xf8, 0xa2, 0x60, 0xff, 0xf8, 0xa2, 0x60, 0xff,
    0xf8, 0xa2, 0x60, 0xff, 0xf8, 0xa2, 0x60, 0xff, 0xf8, 0xa2, 0x60, 0xff, 0xf8, 0xa2, 0x60, 0xff,
    0xf8, 0xa2, 0x60, 0xff, 0xf8, 0xa2, 0x60, 0xff, 0xf8, 0xa2, 0x60, 0xff, 0xf8, 0xa2, 0x60, 0xff,
    0xf8, 0xa2, 0x60, 0xff, 0xf8, 0xa2, 0x60, 0xff, 0xf8, 0xa2, 0x60, 0xff, 0xf8, 0xa2, 0x60, 0xff,
    0xf8, 0xa2, 0x60, 0xff, 0xf8, 0xa2, 0x60, 0xff, 0xf8, 0xa2, 0x60, 0xff, 0xf8, 0xa2, 0x60, 0xff,
    0xf8, 0xa2, 0x60, 0xff, 0xf8, 0xa2, 0x60, 0xff, 0xf8, 0xa2, 0x60, 0xff, 0xf8, 0xa2, 0x60, 0xff,
    0xf8, 0xa3, 0x62, 0xff, 0xf7, 0x9f, 0x5a, 0xff, 0xf9, 0xa9, 0x6c, 0xff, 0xfd, 0xd9, 0xbf, 0xff,
    0xff, 0xff, 0xff, 0xff, 0xff, 0xfd, 0xfc, 0xff, 0xff, 0xff, 0xfe, 0xff, 0xff, 0xff, 0xff, 0xff,
    0xff, 0xff, 0xff, 0xff, 0xff, 0xfe, 0xfe, 0xff, 0xff, 0xfd, 0xfc, 0xff, 0xff, 0xfe, 0xfe, 0xff,
    0xff, 0xff, 0xff, 0xff, 0xff, 0xff, 0xff, 0xff, 0xff, 0xff, 0xff, 0xff, 0xff, 0xff, 0xff, 0xff,
    0xff, 0xff, 0xfe, 0xff, 0xff, 0xfe, 0xfd, 0xff, 0xff, 0xff, 0xff, 0xff, 0xff, 0xff, 0xff, 0xff,
    0xff, 0xff, 0xff, 0xff, 0xff, 0xff, 0xff, 0xff, 0xff, 0xff, 0xff, 0xff, 0xff, 0xff, 0xff, 0xff,
    0xff, 0xff, 0xff, 0xff, 0xff, 0xff, 0xff, 0xff, 0xff, 0xff, 0xff, 0xff, 0xff, 0xff, 0xff, 0xff,
    0xff, 0xff, 0xff, 0xff, 0xff, 0xff, 0xff, 0xff, 0xff, 0xff, 0xff, 0xff, 0xff, 0xff, 0xff, 0xff,
    0xff, 0xff, 0xff, 0xff, 0xff, 0xff, 0xff, 0xff, 0xff, 0xff, 0xff, 0xff, 0xff, 0xff, 0xff, 0xff,
    0xff, 0xff, 0xff, 0xff, 0xff, 0xff, 0xff, 0xff, 0xff, 0xff, 0xff, 0xff, 0xff, 0xff, 0xff, 0xff,
    0xff, 0xff, 0xff, 0xff, 0xff, 0xff, 0xff, 0xff, 0xff, 0xff, 0xff, 0xff, 0xff, 0xff, 0xff, 0xff,
    0xff, 0xff, 0xff, 0xff, 0xff, 0xff, 0xfe, 0xff, 0xff, 0xfe, 0xfe, 0xff, 0xff, 0xff, 0xff, 0xff,
    0xff, 0xff, 0xff, 0xff, 0xff, 0xff, 0xff, 0xff, 0xff, 0xff, 0xff, 0xff, 0xff, 0xff, 0xfe, 0xff,
    0xff, 0xfe, 0xfd, 0xff, 0xff, 0xff, 0xfe, 0xff, 0xff, 0xff, 0xff, 0xff, 0xff, 0xff, 0xff, 0xff,
    0xff, 0xff, 0xfe, 0xff, 0xff, 0xfe, 0xfd, 0xff, 0xff, 0xff, 0xfe, 0xff, 0xff, 0xf6, 0xf0, 0xff,
    0xfb, 0xcb, 0xa6, 0xff, 0xfb, 0xc6, 0x9d, 0xff, 0xfb, 0xc7, 0xa1, 0xff, 0xfb, 0xca, 0xa6, 0xff,
    0xfb, 0xc4, 0x9a, 0xff, 0xfa, 0xb9, 0x89, 0xff, 0xfa, 0xbc, 0x8d, 0xff, 0xfb, 0xc5, 0x9e, 0xff,
    0xfb, 0xcb, 0xa7, 0xff, 0xfb, 0xcb, 0xa7, 0xff, 0xfa, 0xbe, 0x8f, 0xff, 0xf8, 0xa5, 0x65, 0xff,
    0xf8, 0x9f, 0x5c, 0xff, 0xf8, 0xa3, 0x61, 0xff, 0xf8, 0xa2, 0x60, 0xff, 0xf8, 0xa2, 0x60, 0xff,
    0xf8, 0xa2, 0x60, 0xff, 0xf8, 0xa2, 0x60, 0xff, 0xf8, 0xa2, 0x60, 0xff, 0xf8, 0xa2, 0x60, 0xff,
    0xf8, 0xa2, 0x60, 0xff, 0xf8, 0xa2, 0x60, 0xff, 0xf8, 0xa2, 0x60, 0xff, 0xf8, 0xa2, 0x60, 0xff,
    0xf8, 0xa2, 0x60, 0xff, 0xf8, 0xa2, 0x60, 0xff, 0xf8, 0xa2, 0x60, 0xff, 0xf8, 0xa2, 0x60, 0xff,
    0xf8, 0xa2, 0x60, 0xff, 0xf8, 0xa2, 0x60, 0xff, 0xf8, 0xa2, 0x60, 0xff, 0xf8, 0xa2, 0x60, 0xff,
    0xf8, 0xa2, 0x60, 0xff, 0xf8, 0xa2, 0x60, 0xff, 0xf8, 0xa2, 0x60, 0xff, 0xf8, 0xa2, 0x60, 0xff,
    0xf8, 0xa2, 0x60, 0xff, 0xf8, 0xa2, 0x60, 0xff, 0xf8, 0xa2, 0x60, 0xff, 0xf8, 0xa2, 0x60, 0xff,
    0xf8, 0xa2, 0x60, 0xff, 0xf8, 0xa2, 0x60, 0xff, 0xf8, 0xa2, 0x60, 0xff, 0xf8, 0xa2, 0x60, 0xff,
    0xf8, 0xa2, 0x60, 0xff, 0xf8, 0xa2, 0x60, 0xff, 0xf8, 0xa2, 0x60, 0xff, 0xf8, 0xa2, 0x60, 0xff,
    0xf8, 0xa2, 0x60, 0xff, 0xf8, 0xa2, 0x60, 0xff, 0xf8, 0xa2, 0x60, 0xff, 0xf8, 0xa2, 0x60, 0xff,
    0xf8, 0xa2, 0x60, 0xff, 0xf8, 0xa2, 0x60, 0xff, 0xf8, 0xa2, 0x60, 0xff, 0xf8, 0xa2, 0x60, 0xff,
    0xf8, 0xa2, 0x60, 0xff, 0xf8, 0xa2, 0x60, 0xff, 0xf8, 0xa2, 0x60, 0xff, 0xf8, 0xa2, 0x60, 0xff,
    0xf8, 0xa2, 0x60, 0xff, 0xf8, 0xa2, 0x60, 0xff, 0xf8, 0xa2, 0x60, 0xff, 0xf8, 0xa2, 0x60, 0xff,
    0xf8, 0xa2, 0x60, 0xff, 0xf8, 0xa2, 0x60, 0xff, 0xf8, 0xa4, 0x64, 0xff, 0xf7, 0x9c, 0x56, 0xff,
    0xfb, 0xc1, 0x96, 0xff, 0xff, 0xfa, 0xf8, 0xff, 0xff, 0xfd, 0xfc, 0xff, 0xff, 0xff, 0xfe, 0xff,
    0xff, 0xff, 0xff, 0xff, 0xff, 0xff, 0xff, 0xff, 0xff, 0xff, 0xff, 0xff, 0xff, 0xff, 0xff, 0xff,
    0xff, 0xff, 0xff, 0xff, 0xff, 0xff, 0xfe, 0xff, 0xff, 0xfe, 0xfd, 0xff, 0xff, 0xfd, 0xfc, 0xff,
    0xff, 0xff, 0xff, 0xff, 0xff, 0xfd, 0xfc, 0xff, 0xff, 0xff, 0xfe, 0xff, 0xff, 0xff, 0xff, 0xff,
    0xff, 0xff, 0xff, 0xff, 0xff, 0xff, 0xff, 0xff, 0xff, 0xff, 0xff, 0xff, 0xff, 0xff, 0xff, 0xff,
    0xff, 0xff, 0xff, 0xff, 0xff, 0xff, 0xff, 0xff, 0xff, 0xff, 0xff, 0xff, 0xff, 0xff, 0xff, 0xff,
    0xff, 0xff, 0xff, 0xff, 0xff, 0xff, 0xff, 0xff, 0xff, 0xff, 0xff, 0xff, 0xff, 0xff, 0xff, 0xff,
    0xff, 0xff, 0xff, 0xff, 0xff, 0xff, 0xff, 0xff, 0xff, 0xff, 0xff, 0xff, 0xff, 0xff, 0xff, 0xff,
    0xff, 0xff, 0xff, 0xff, 0xff, 0xff, 0xff, 0xff, 0xff, 0xff, 0xff, 0xff, 0xff, 0xff, 0xff, 0xff,
    0xff, 0xff, 0xff, 0xff, 0xff, 0xff, 0xff, 0xff, 0xff, 0xff, 0xff, 0xff, 0xff, 0xff, 0xff, 0xff,
    0xff, 0xff, 0xff, 0xff, 0xff, 0xff, 0xff, 0xff, 0xff, 0xff, 0xff, 0xff, 0xff, 0xff, 0xff, 0xff,
    0xff, 0xff, 0xff, 0xff, 0xff, 0xff, 0xfe, 0xff, 0xff, 0xfe, 0xfe, 0xff, 0xff, 0xfe, 0xfd, 0xff,
    0xff, 0xfe, 0xfe, 0xff, 0xff, 0xff, 0xff, 0xff, 0xff, 0xff, 0xff, 0xff, 0xff, 0xff, 0xff, 0xff,
    0xff, 0xff, 0xff, 0xff, 0xff, 0xff, 0xff, 0xff, 0xff, 0xff, 0xff, 0xff, 0xff, 0xff, 0xfe, 0xff,
    0xff, 0xff, 0xff, 0xff, 0xff, 0xff, 0xff, 0xff, 0xfd, 0xe0, 0xc9, 0xff, 0xfb, 0xc9, 0xa3, 0xff,
    0xfb, 0xc4, 0x9b, 0xff, 0xfa, 0xc0, 0x94, 0xff, 0xf9, 0xb1, 0x79, 0xff, 0xf8, 0xa4, 0x64, 0xff,
    0xf8, 0xa7, 0x69, 0xff, 0xf9, 0xb3, 0x7e, 0xff, 0xfa, 0xbd, 0x8d, 0xff, 0xfa, 0xbb, 0x8b, 0xff,
    0xf9, 0xaa, 0x6d, 0xff, 0xf8, 0xa2, 0x61, 0xff, 0xf8, 0xa2, 0x60, 0xff, 0xf8, 0xa2, 0x60, 0xff,
    0xf8, 0xa2, 0x60, 0xff, 0xf8, 0xa2, 0x60, 0xff, 0xf8, 0xa2, 0x60, 0xff, 0xf8, 0xa2, 0x60, 0xff,
    0xf8, 0xa2, 0x60, 0xff, 0xf8, 0xa2, 0x60, 0xff, 0xf8, 0xa2, 0x60, 0xff, 0xf8, 0xa2, 0x60, 0xff,
    0xf8, 0xa2, 0x60, 0xff, 0xf8, 0xa2, 0x60, 0xff, 0xf8, 0xa2, 0x60, 0xff, 0xf8, 0xa2, 0x60, 0xff,
    0xf8, 0xa2, 0x60, 0xff, 0xf8, 0xa2, 0x60, 0xff, 0xf8, 0xa2, 0x60, 0xff, 0xf8, 0xa2, 0x60, 0xff,
    0xf8, 0xa2, 0x60, 0xff, 0xf8, 0xa2, 0x60, 0xff, 0xf8, 0xa2, 0x60, 0xff, 0xf8, 0xa2, 0x60, 0xff,
    0xf8, 0xa2, 0x60, 0xff, 0xf8, 0xa2, 0x60, 0xff, 0xf8, 0xa2, 0x60, 0xff, 0xf8, 0xa2, 0x60, 0xff,
    0xf8, 0xa2, 0x60, 0xff, 0xf8, 0xa2, 0x60, 0xff, 0xf8, 0xa2, 0x60, 0xff, 0xf8, 0xa2, 0x60, 0xff,
    0xf8, 0xa2, 0x60, 0xff, 0xf8, 0xa2, 0x60, 0xff, 0xf8, 0xa2, 0x60, 0xff, 0xf8, 0xa2, 0x60, 0xff,
    0xf8, 0xa2, 0x60, 0xff, 0xf8, 0xa2, 0x60, 0xff, 0xf8, 0xa2, 0x60, 0xff, 0xf8, 0xa2, 0x60, 0xff,
    0xf8, 0xa2, 0x60, 0xff, 0xf8, 0xa2, 0x60, 0xff, 0xf8, 0xa2, 0x60, 0xff, 0xf8, 0xa2, 0x60, 0xff,
    0xf8, 0xa2, 0x60, 0xff, 0xf8, 0xa2, 0x60, 0xff, 0xf8, 0xa2, 0x60, 0xff, 0xf8, 0xa2, 0x60, 0xff,
    0xf8, 0xa2, 0x60, 0xff, 0xf8, 0xa2, 0x60, 0xff, 0xf8, 0xa2, 0x60, 0xff, 0xf8, 0xa2, 0x60, 0xff,
    0xf8, 0xa2, 0x60, 0xff, 0xf8, 0xa2, 0x60, 0xff, 0xf8, 0xa2, 0x60, 0xff, 0xf8, 0xa4, 0x62, 0xff,
    0xf8, 0x9e, 0x59, 0xff, 0xf9, 0xad, 0x73, 0xff, 0xfd, 0xe1, 0xcc, 0xff, 0xff, 0xff, 0xff, 0xff,
    0xff, 0xfd, 0xfc, 0xff, 0xff, 0xff, 0xff, 0xff, 0xff, 0xff, 0xff, 0xff, 0xff, 0xff, 0xff, 0xff,
    0xff, 0xff, 0xff, 0xff, 0xff, 0xff, 0xff, 0xff, 0xff, 0xff, 0xff, 0xff, 0xff, 0xff, 0xff, 0xff,
    0xff, 0xff, 0xff, 0xff, 0xff, 0xff, 0xff, 0xff, 0xff, 0xfe, 0xfe, 0xff, 0xff, 0xff, 0xff, 0xff,
    0xff, 0xff, 0xff, 0xff, 0xff, 0xff, 0xff, 0xff, 0xff, 0xff, 0xff, 0xff, 0xff, 0xff, 0xff, 0xff,
    0xff, 0xff, 0xff, 0xff, 0xff, 0xff, 0xff, 0xff, 0xff, 0xff, 0xff, 0xff, 0xff, 0xff, 0xff, 0xff,
    0xff, 0xff, 0xff, 0xff, 0xff, 0xff, 0xff, 0xff, 0xff, 0xff, 0xff, 0xff, 0xff, 0xff, 0xff, 0xff,
    0xff, 0xff, 0xff, 0xff, 0xff, 0xff, 0xff, 0xff, 0xff, 0xff, 0xff, 0xff, 0xff, 0xff, 0xff, 0xff,
    0xff, 0xff, 0xff, 0xff, 0xff, 0xff, 0xff, 0xff, 0xff, 0xff, 0xff, 0xff, 0xff, 0xff, 0xff, 0xff,
    0xff, 0xff, 0xff, 0xff, 0xff, 0xff, 0xff, 0xff, 0xff, 0xff, 0xff, 0xff, 0xff, 0xff, 0xff, 0xff,
    0xff, 0xff, 0xff, 0xff, 0xff, 0xff, 0xff, 0xff, 0xff, 0xff, 0xff, 0xff, 0xff, 0xff, 0xff, 0xff,
    0xff, 0xff, 0xff, 0xff, 0xff, 0xff, 0xff, 0xff, 0xff, 0xff, 0xff, 0xff, 0xff, 0xff, 0xff, 0xff,
    0xff, 0xff, 0xff, 0xff, 0xff, 0xff, 0xff, 0xff, 0xff, 0xff, 0xff, 0xff, 0xff, 0xff, 0xff, 0xff,
    0xff, 0xff, 0xff, 0xff, 0xff, 0xff, 0xff, 0xff, 0xff, 0xff, 0xff, 0xff, 0xff, 0xff, 0xff, 0xff,
    0xff, 0xff, 0xff, 0xff, 0xff, 0xff, 0xff, 0xff, 0xff, 0xff, 0xff, 0xff, 0xff, 0xff, 0xfe, 0xff,
    0xfe, 0xf9, 0xf5, 0xff, 0xfb, 0xcc, 0xa8, 0xff, 0xf9, 0xb4, 0x80, 0xff, 0xf9, 0xa8, 0x69, 0xff,
    0xf8, 0xa1, 0x5d, 0xff, 0xf8, 0xa2, 0x60, 0xff, 0xf8, 0xa1, 0x5f, 0xff, 0xf8, 0xa0, 0x5c, 0xff,
    0xf8, 0xa2, 0x60, 0xff, 0xf8, 0xa0, 0x5c, 0xff, 0xf8, 0xa1, 0x5e, 0xff, 0xf8, 0xa2, 0x60, 0xff,
    0xf8, 0xa2, 0x60, 0xff, 0xf8, 0xa2, 0x60, 0xff, 0xf8, 0xa2, 0x60, 0xff, 0xf8, 0xa2, 0x60, 0xff,
    0xf8, 0xa2, 0x60, 0xff, 0xf8, 0xa2, 0x60, 0xff, 0xf8, 0xa2, 0x60, 0xff, 0xf8, 0xa2, 0x60, 0xff,
    0xf8, 0xa2, 0x60, 0xff, 0xf8, 0xa2, 0x60, 0xff, 0xf8, 0xa2, 0x60, 0xff, 0xf8, 0xa2, 0x60, 0xff,
    0xf8, 0xa2, 0x60, 0xff, 0xf8, 0xa2, 0x60, 0xff, 0xf8, 0xa2, 0x60, 0xff, 0xf8, 0xa2, 0x60, 0xff,
    0xf8, 0xa2, 0x60, 0xff, 0xf8, 0xa2, 0x60, 0xff, 0xf8, 0xa2, 0x60, 0xff, 0xf8, 0xa2, 0x60, 0xff,
    0xf8, 0xa2, 0x60, 0xff, 0xf8, 0xa2, 0x60, 0xff, 0xf8, 0xa2, 0x60, 0xff, 0xf8, 0xa2, 0x60, 0xff,
    0xf8, 0xa2, 0x60, 0xff, 0xf8, 0xa2, 0x60, 0xff, 0xf8, 0xa2, 0x60, 0xff, 0xf8, 0xa2, 0x60, 0xff,
    0xf8, 0xa2, 0x60, 0xff, 0xf8, 0xa2, 0x60, 0xff, 0xf8, 0xa2, 0x60, 0xff, 0xf8, 0xa2, 0x60, 0xff,
    0xf8, 0xa2, 0x60, 0xff, 0xf8, 0xa2, 0x60, 0xff, 0xf8, 0xa2, 0x60, 0xff, 0xf8, 0xa2, 0x60, 0xff,
    0xf8, 0xa2, 0x60, 0xff, 0xf8, 0xa2, 0x60, 0xff, 0xf8, 0xa2, 0x60, 0xff, 0xf8, 0xa2, 0x60, 0xff,
    0xf8, 0xa2, 0x60, 0xff, 0xf8, 0xa2, 0x60, 0xff, 0xf8, 0xa2, 0x60, 0xff, 0xf8, 0xa2, 0x60, 0xff,
    0xf8, 0xa2, 0x60, 0xff, 0xf8, 0xa2, 0x60, 0xff, 0xf8, 0xa2, 0x60, 0xff, 0xf8, 0xa2, 0x60, 0xff,
    0xf8, 0xa2, 0x60, 0xff, 0xf8, 0xa2, 0x60, 0xff, 0xf8, 0xa2, 0x60, 0xff, 0xf8, 0xa2, 0x60, 0xff,
    0xf8, 0xa2, 0x60, 0xff, 0xf8, 0xa4, 0x64, 0xff, 0xf7, 0x9b, 0x53, 0xff, 0xfb, 0xcb, 0xa7, 0xff,
    0xff, 0xff, 0xff, 0xff, 0xff, 0xfd, 0xfd, 0xff, 0xff, 0xff, 0xfe, 0xff, 0xff, 0xff, 0xff, 0xff,
    0xff, 0xff, 0xff, 0xff, 0xff, 0xff, 0xff, 0xff, 0xff, 0xff, 0xff, 0xff, 0xff, 0xff, 0xff, 0xff,
    0xff, 0xff, 0xff, 0xff, 0xff, 0xff, 0xff, 0xff, 0xff, 0xff, 0xff, 0xff, 0xff, 0xff, 0xff, 0xff,
    0xff, 0xff, 0xff, 0xff, 0xff, 0xff, 0xff, 0xff, 0xff, 0xff, 0xff, 0xff, 0xff, 0xff, 0xff, 0xff,
    0xff, 0xff, 0xff, 0xff, 0xff, 0xff, 0xff, 0xff, 0xff, 0xff, 0xff, 0xff, 0xff, 0xff, 0xff, 0xff,
    0xff, 0xff, 0xff, 0xff, 0xff, 0xff, 0xff, 0xff, 0xff, 0xff, 0xff, 0xff, 0xff, 0xff, 0xff, 0xff,
    0xff, 0xff, 0xff, 0xff, 0xff, 0xff, 0xff, 0xff, 0xff, 0xff, 0xff, 0xff, 0xff, 0xff, 0xff, 0xff,
    0xff, 0xff, 0xff, 0xff, 0xff, 0xff, 0xff, 0xff, 0xff, 0xff, 0xff, 0xff, 0xff, 0xff, 0xff, 0xff,
    0xff, 0xff, 0xff, 0xff, 0xff, 0xff, 0xff, 0xff, 0xff, 0xff, 0xff, 0xff, 0xff, 0xff, 0xff, 0xff,
    0xff, 0xff, 0xff, 0xff, 0xff, 0xff, 0xff, 0xff, 0xff, 0xff, 0xff, 0xff, 0xff, 0xff, 0xff, 0xff,
    0xff, 0xff, 0xff, 0xff, 0xff, 0xff, 0xff, 0xff, 0xff, 0xff, 0xff, 0xff, 0xff, 0xff, 0xff, 0xff,
    0xff, 0xff, 0xff, 0xff, 0xff, 0xff, 0xff, 0xff, 0xff, 0xff, 0xff, 0xff, 0xff, 0xff, 0xff, 0xff,
    0xff, 0xff, 0xff, 0xff, 0xff, 0xff, 0xff, 0xff, 0xff, 0xff, 0xff, 0xff, 0xff, 0xff, 0xff, 0xff,
    0xff, 0xff, 0xff, 0xff, 0xff, 0xff, 0xff, 0xff, 0xff, 0xff, 0xff, 0xff, 0xff, 0xff, 0xff, 0xff,
    0xff, 0xff, 0xff, 0xff, 0xff, 0xff, 0xff, 0xff, 0xff, 0xff, 0xff, 0xff, 0xfc, 0xd8, 0xbd, 0xff,
    0xf8, 0xa8, 0x69, 0xff, 0xf8, 0x9e, 0x59, 0xff, 0xf8, 0xa4, 0x63, 0xff, 0xf8, 0xa2, 0x60, 0xff,
    0xf8, 0xa2, 0x61, 0xff, 0xf8, 0xa3, 0x61, 0xff, 0xf8, 0xa2, 0x61, 0xff, 0xf8, 0xa3, 0x61, 0xff,
    0xf8, 0xa2, 0x61, 0xff, 0xf8, 0xa2, 0x60, 0xff, 0xf8, 0xa2, 0x60, 0xff, 0xf8, 0xa2, 0x60, 0xff,
    0xf8, 0xa2, 0x60, 0xff, 0xf8, 0xa2, 0x60, 0xff, 0xf8, 0xa2, 0x60, 0xff, 0xf8, 0xa2, 0x60, 0xff,
    0xf8, 0xa2, 0x60, 0xff, 0xf8, 0xa2, 0x60, 0xff, 0xf8, 0xa2, 0x60, 0xff, 0xf8, 0xa2, 0x60, 0xff,
    0xf8, 0xa2, 0x60, 0xff, 0xf8, 0xa2, 0x60, 0xff, 0xf8, 0xa2, 0x60, 0xff, 0xf8, 0xa2, 0x60, 0xff,
    0xf8, 0xa2, 0x60, 0xff, 0xf8, 0xa2, 0x60, 0xff, 0xf8, 0xa2, 0x60, 0xff, 0xf8, 0xa2, 0x60, 0xff,
    0xf8, 0xa2, 0x60, 0xff, 0xf8, 0xa2, 0x60, 0xff, 0xf8, 0xa2, 0x60, 0xff, 0xf8, 0xa2, 0x60, 0xff,
    0xf8, 0xa2, 0x60, 0xff, 0xf8, 0xa2, 0x60, 0xff, 0xf8, 0xa2, 0x60, 0xff, 0xf8, 0xa2, 0x60, 0xff,
    0xf8, 0xa2, 0x60, 0xff, 0xf8, 0xa2, 0x60, 0xff, 0xf8, 0xa2, 0x60, 0xff, 0xf8, 0xa2, 0x60, 0xff,
    0xf8, 0xa2, 0x60, 0xff, 0xf8, 0xa2, 0x60, 0xff, 0xf8, 0xa2, 0x60, 0xff, 0xf8, 0xa2, 0x60, 0xff,
    0xf8, 0xa2, 0x60, 0xff, 0xf8, 0xa2, 0x60, 0xff, 0xf8, 0xa2, 0x60, 0xff, 0xf8, 0xa2, 0x60, 0xff,
    0xf8, 0xa2, 0x60, 0xff, 0xf8, 0xa2, 0x60, 0xff, 0xf8, 0xa2, 0x60, 0xff, 0xf8, 0xa2, 0x60, 0xff,
    0xf8, 0xa2, 0x60, 0xff, 0xf8, 0xa2, 0x60, 0xff, 0xf8, 0xa2, 0x60, 0xff, 0xf8, 0xa2, 0x60, 0xff,
    0xf8, 0xa2, 0x60, 0xff, 0xf8, 0xa2, 0x60, 0xff, 0xf8, 0xa2, 0x60, 0xff, 0xf8, 0xa2, 0x60, 0xff,
    0xf8, 0xa2, 0x60, 0xff, 0xf8, 0xa2, 0x60, 0xff, 0xf8, 0xa3, 0x61, 0xff, 0xf8, 0x9f, 0x5c, 0xff,
    0xf9, 0xb3, 0x7e, 0xff, 0xfd, 0xe8, 0xd7, 0xff, 0xff, 0xff, 0xfe, 0xff, 0xff, 0xfd, 0xfc, 0xff,
    0xff, 0xff, 0xff, 0xff, 0xff, 0xff, 0xff, 0xff, 0xff, 0xff, 0xff, 0xff, 0xff, 0xff, 0xff, 0xff,
    0xff, 0xff, 0xff, 0xff, 0xff, 0xff, 0xff, 0xff, 0xff, 0xff, 0xff, 0xff, 0xff, 0xff, 0xff, 0xff,
    0xff, 0xff, 0xff, 0xff, 0xff, 0xff, 0xff, 0xff, 0xff, 0xff, 0xff, 0xff, 0xff, 0xff, 0xff, 0xff,
    0xff, 0xff, 0xff, 0xff, 0xff, 0xff, 0xff, 0xff, 0xff, 0xff, 0xff, 0xff, 0xff, 0xff, 0xff, 0xff,
    0xff, 0xff, 0xff, 0xff, 0xff, 0xff, 0xff, 0xff, 0xff, 0xff, 0xff, 0xff, 0xff, 0xff, 0xff, 0xff,
    0xff, 0xff, 0xff, 0xff, 0xff, 0xff, 0xff, 0xff, 0xff, 0xff, 0xff, 0xff, 0xff, 0xff, 0xff, 0xff,
    0xff, 0xff, 0xff, 0xff, 0xff, 0xff, 0xff, 0xff, 0xff, 0xff, 0xff, 0xff, 0xff, 0xff, 0xff, 0xff,
    0xff, 0xff, 0xff, 0xff, 0xff, 0xff, 0xff, 0xff, 0xff, 0xff, 0xff, 0xff, 0xff, 0xff, 0xff, 0xff,
    0xff, 0xff, 0xff, 0xff, 0xff, 0xff, 0xff, 0xff, 0xff, 0xff, 0xff, 0xff, 0xff, 0xff, 0xff, 0xff,
    0xff, 0xff, 0xff, 0xff, 0xff, 0xff, 0xff, 0xff, 0xff, 0xff, 0xff, 0xff, 0xff, 0xff, 0xff, 0xff,
    0xff, 0xff, 0xff, 0xff, 0xff, 0xff, 0xff, 0xff, 0xff, 0xff, 0xff, 0xff, 0xff, 0xff, 0xff, 0xff,
    0xff, 0xff, 0xff, 0xff, 0xff, 0xff, 0xff, 0xff, 0xff, 0xff, 0xff, 0xff, 0xff, 0xff, 0xff, 0xff,
    0xff, 0xff, 0xff, 0xff, 0xff, 0xff, 0xff, 0xff, 0xff, 0xff, 0xff, 0xff, 0xff, 0xff, 0xff, 0xff,
    0xff, 0xff, 0xff, 0xff, 0xff, 0xff, 0xff, 0xff, 0xff, 0xff, 0xff, 0xff, 0xff, 0xff, 0xff, 0xff,
    0xff, 0xff, 0xfe, 0xff, 0xff, 0xfd, 0xfd, 0xff, 0xf9, 0xbc, 0x8d, 0xff, 0xf7, 0x9d, 0x59, 0xff,
    0xf8, 0xa3, 0x62, 0xff, 0xf8, 0xa2, 0x60, 0xff, 0xf8, 0xa2, 0x60, 0xff, 0xf8, 0xa2, 0x60, 0xff,
    0xf8, 0xa2, 0x60, 0xff, 0xf8, 0xa2, 0x60, 0xff, 0xf8, 0xa2, 0x60, 0xff, 0xf8, 0xa2, 0x60, 0xff,
    0xf8, 0xa2, 0x60, 0xff, 0xf8, 0xa2, 0x60, 0xff, 0xf8, 0xa2, 0x60, 0xff, 0xf8, 0xa2, 0x60, 0xff,
    0xf8, 0xa2, 0x60, 0xff, 0xf8, 0xa2, 0x60, 0xff, 0xf8, 0xa2, 0x60, 0xff, 0xf8, 0xa2, 0x60, 0xff,
    0xf8, 0xa2, 0x60, 0xff, 0xf8, 0xa2, 0x60, 0xff, 0xf8, 0xa2, 0x60, 0xff, 0xf8, 0xa2, 0x60, 0xff,
    0xf8, 0xa2, 0x60, 0xff, 0xf8, 0xa2, 0x60, 0xff, 0xf8, 0xa2, 0x60, 0xff, 0xf8, 0xa2, 0x60, 0xff,
    0xf8, 0xa2, 0x60, 0xff, 0xf8, 0xa2, 0x60, 0xff, 0xf8, 0xa2, 0x60, 0xff, 0xf8, 0xa2, 0x60, 0xff,
    0xf8, 0xa2, 0x60, 0xff, 0xf8, 0xa2, 0x60, 0xff, 0xf8, 0xa2, 0x60, 0xff, 0xf8, 0xa2, 0x60, 0xff,
    0xf8, 0xa2, 0x60, 0xff, 0xf8, 0xa2, 0x60, 0xff, 0xf8, 0xa2, 0x60, 0xff, 0xf8, 0xa2, 0x60, 0xff,
    0xf8, 0xa2, 0x60, 0xff, 0xf8, 0xa2, 0x60, 0xff, 0xf8, 0xa2, 0x60, 0xff, 0xf8, 0xa2, 0x60, 0xff,
    0xf8, 0xa2, 0x60, 0xff, 0xf8, 0xa2, 0x60, 0xff, 0xf8, 0xa2, 0x60, 0xff, 0xf8, 0xa2, 0x60, 0xff,
    0xf8, 0xa2, 0x60, 0xff, 0xf8, 0xa2, 0x60, 0xff, 0xf8, 0xa2, 0x60, 0xff, 0xf8, 0xa2, 0x60, 0xff,
    0xf8, 0xa2, 0x60, 0xff, 0xf8, 0xa2, 0x60, 0xff, 0xf8, 0xa2, 0x60, 0xff, 0xf8, 0xa2, 0x60, 0xff,
    0xf8, 0xa2, 0x60, 0xff, 0xf8, 0xa2, 0x60, 0xff, 0xf8, 0xa2, 0x60, 0xff, 0xf8, 0xa2, 0x60, 0xff,
    0xf8, 0xa2, 0x60, 0xff, 0xf8, 0xa2, 0x60, 0xff, 0xf8, 0xa2, 0x60, 0xff, 0xf8, 0xa2, 0x60, 0xff,
    0xf8, 0xa4, 0x63, 0xff, 0xf7, 0x9d, 0x57, 0xff, 0xfc, 0xda, 0xc0, 0xff, 0xff, 0xfe, 0xfe, 0xff,
    0xff, 0xfd, 0xfc, 0xff, 0xff, 0xff, 0xff, 0xff, 0xff, 0xff, 0xff, 0xff, 0xff, 0xff, 0xff, 0xff,
    0xff, 0xff, 0xff, 0xff, 0xff, 0xff, 0xff, 0xff, 0xff, 0xff, 0xff, 0xff, 0xff, 0xff, 0xff, 0xff,
    0xff, 0xff, 0xff, 0xff, 0xff, 0xff, 0xff, 0xff, 0xff, 0xff, 0xff, 0xff, 0xff, 0xff, 0xff, 0xff,
    0xff, 0xff, 0xff, 0xff, 0xff, 0xff, 0xff, 0xff, 0xff, 0xff, 0xff, 0xff, 0xff, 0xff, 0xff, 0xff,
    0xff, 0xff, 0xff, 0xff, 0xff, 0xff, 0xff, 0xff, 0xff, 0xff, 0xff, 0xff, 0xff, 0xff, 0xff, 0xff,
    0xff, 0xff, 0xff, 0xff, 0xff, 0xff, 0xff, 0xff, 0xff, 0xff, 0xff, 0xff, 0xff, 0xff, 0xff, 0xff,
    0xff, 0xff, 0xff, 0xff, 0xff, 0xff, 0xff, 0xff, 0xff, 0xfe, 0xfe, 0xff, 0xff, 0xfe, 0xfe, 0xff,
    0xff, 0xfe, 0xfd, 0xff, 0xff, 0xfe, 0xfd, 0xff, 0xff, 0xfe, 0xfd, 0xff, 0xff, 0xfe, 0xfe, 0xff,
    0xff, 0xfe, 0xfe, 0xff, 0xff, 0xff, 0xfe, 0xff, 0xff, 0xff, 0xff, 0xff, 0xff, 0xff, 0xff, 0xff,
    0xff, 0xff, 0xff, 0xff, 0xff, 0xff, 0xff, 0xff, 0xff, 0xff, 0xff, 0xff, 0xff, 0xff, 0xff, 0xff,
    0xff, 0xff, 0xff, 0xff, 0xff, 0xff, 0xff, 0xff, 0xff, 0xff, 0xff, 0xff, 0xff, 0xff, 0xff, 0xff,
    0xff, 0xff, 0xff, 0xff, 0xff, 0xff, 0xff, 0xff, 0xff, 0xff, 0xff, 0xff, 0xff, 0xff, 0xff, 0xff,
    0xff, 0xff, 0xff, 0xff, 0xff, 0xff, 0xff, 0xff, 0xff, 0xff, 0xff, 0xff, 0xff, 0xff, 0xff, 0xff,
    0xff, 0xff, 0xff, 0xff, 0xff, 0xff, 0xff, 0xff, 0xff, 0xff, 0xff, 0xff, 0xff, 0xff, 0xff, 0xff,
    0xff, 0xff, 0xff, 0xff, 0xff, 0xff, 0xff, 0xff, 0xff, 0xff, 0xfe, 0xff, 0xff, 0xff, 0xff, 0xff,
    0xfd, 0xdf, 0xc8, 0xff, 0xf9, 0xad, 0x73, 0xff, 0xf8, 0x9e, 0x59, 0xff, 0xf8, 0xa3, 0x62, 0xff,
    0xf8, 0xa2, 0x60, 0xff, 0xf8, 0xa2, 0x60, 0xff, 0xf8, 0xa2, 0x60, 0xff, 0xf8, 0xa2, 0x60, 0xff,
    0xf8, 0xa2, 0x60, 0xff, 0xf8, 0xa2, 0x60, 0xff, 0xf8, 0xa2, 0x60, 0xff, 0xf8, 0xa2, 0x60, 0xff,
    0xf8, 0xa2, 0x60, 0xff, 0xf8, 0xa2, 0x60, 0xff, 0xf8, 0xa2, 0x60, 0xff, 0xf8, 0xa2, 0x60, 0xff,
    0xf8, 0xa2, 0x60, 0xff, 0xf8, 0xa2, 0x60, 0xff, 0xf8, 0xa2, 0x60, 0xff, 0xf8, 0xa2, 0x60, 0xff,
    0xf8, 0xa2, 0x60, 0xff, 0xf8, 0xa2, 0x60, 0xff, 0xf8, 0xa2, 0x60, 0xff, 0xf8, 0xa2, 0x60, 0xff,
    0xf8, 0xa2, 0x60, 0xff, 0xf8, 0xa2, 0x60, 0xff, 0xf8, 0xa2, 0x60, 0xff, 0xf8, 0xa2, 0x60, 0xff,
    0xf8, 0xa2, 0x60, 0xff, 0xf8, 0xa2, 0x60, 0xff, 0xf8, 0xa2, 0x60, 0xff, 0xf8, 0xa2, 0x60, 0xff,
    0xf8, 0xa2, 0x60, 0xff, 0xf8, 0xa2, 0x60, 0xff, 0xf8, 0xa2, 0x60, 0xff, 0xf8, 0xa2, 0x60, 0xff,
    0xf8, 0xa2, 0x60, 0xff, 0xf8, 0xa2, 0x60, 0xff, 0xf8, 0xa2, 0x60, 0xff, 0xf8, 0xa2, 0x60, 0xff,
    0xf8, 0xa2, 0x60, 0xff, 0xf8, 0xa2, 0x60, 0xff, 0xf8, 0xa2, 0x60, 0xff, 0xf8, 0xa2, 0x60, 0xff,
    0xf8, 0xa2, 0x60, 0xff, 0xf8, 0xa2, 0x60, 0xff, 0xf8, 0xa2, 0x60, 0xff, 0xf8, 0xa2, 0x60, 0xff,
    0xf8, 0xa2, 0x60, 0xff, 0xf8, 0xa2, 0x60, 0xff, 0xf8, 0xa2, 0x60, 0xff, 0xf8, 0xa2, 0x60, 0xff,
    0xf8, 0xa2, 0x60, 0xff, 0xf8, 0xa2, 0x60, 0xff, 0xf8, 0xa2, 0x60, 0xff, 0xf8, 0xa2, 0x60, 0xff,
    0xf8, 0xa2, 0x60, 0xff, 0xf8, 0xa2, 0x60, 0xff, 0xf8, 0xa2, 0x60, 0xff, 0xf8, 0xa2, 0x60, 0xff,
    0xf8, 0xa2, 0x60, 0xff, 0xf8, 0xa2, 0x61, 0xff, 0xf8, 0xa0, 0x5d, 0xff, 0xfa, 0xbc, 0x8b, 0xff,
    0xfe, 0xf1, 0xe7, 0xff, 0xff, 0xff, 0xff, 0xff, 0xff, 0xfe, 0xfd, 0xff, 0xff, 0xff, 0xff, 0xff,
    0xff, 0xff, 0xff, 0xff, 0xff, 0xff, 0xff, 0xff, 0xff, 0xff, 0xff, 0xff, 0xff, 0xff, 0xff, 0xff,
    0xff, 0xff, 0xff, 0xff, 0xff, 0xff, 0xff, 0xff, 0xff, 0xff, 0xff, 0xff, 0xff, 0xff, 0xff, 0xff,
    0xff, 0xff, 0xff, 0xff, 0xff, 0xff, 0xff, 0xff, 0xff, 0xff, 0xff, 0xff, 0xff, 0xff, 0xff, 0xff,
    0xff, 0xff, 0xff, 0xff, 0xff, 0xff, 0xff, 0xff, 0xff, 0xff, 0xff, 0xff, 0xff, 0xff, 0xff, 0xff,
    0xff, 0xff, 0xff, 0xff, 0xff, 0xff, 0xff, 0xff, 0xff, 0xff, 0xff, 0xff, 0xff, 0xff, 0xff, 0xff,
    0xff, 0xff, 0xff, 0xff, 0xff, 0xfe, 0xfd, 0xff, 0xff, 0xfd, 0xfc, 0xff, 0xff, 0xff, 0xff, 0xff,
    0xff, 0xff, 0xff, 0xff, 0xff, 0xff, 0xff, 0xff, 0xff, 0xff, 0xff, 0xff, 0xff, 0xff, 0xff, 0xff,
    0xff, 0xff, 0xff, 0xff, 0xff, 0xff, 0xff, 0xff, 0xff, 0xff, 0xff, 0xff, 0xff, 0xff, 0xff, 0xff,
    0xff, 0xfe, 0xfd, 0xff, 0xff, 0xfe, 0xfd, 0xff, 0xff, 0xff, 0xff, 0xff, 0xff, 0xff, 0xff, 0xff,
    0xff, 0xff, 0xff, 0xff, 0xff, 0xff, 0xff, 0xff, 0xff, 0xff, 0xff, 0xff, 0xff, 0xff, 0xff, 0xff,
    0xff, 0xff, 0xff, 0xff, 0xff, 0xff, 0xff, 0xff, 0xff, 0xff, 0xff, 0xff, 0xff, 0xff, 0xff, 0xff,
    0xff, 0xff, 0xff, 0xff, 0xff, 0xff, 0xff, 0xff, 0xff, 0xff, 0xff, 0xff, 0xff, 0xff, 0xff, 0xff,
    0xff, 0xff, 0xff, 0xff, 0xff, 0xff, 0xff, 0xff, 0xff, 0xff, 0xff, 0xff, 0xff, 0xff, 0xff, 0xff,
    0xff, 0xff, 0xff, 0xff, 0xff, 0xff, 0xff, 0xff, 0xff, 0xff, 0xff, 0xff, 0xff, 0xff, 0xff, 0xff,
    0xff, 0xff, 0xff, 0xff, 0xff, 0xfe, 0xfc, 0xff, 0xff, 0xfc, 0xfb, 0xff, 0xfb, 0xc8, 0xa0, 0xff,
    0xf8, 0xa0, 0x5c, 0xff, 0xf8, 0xa3, 0x62, 0xff, 0xf8, 0xa2, 0x61, 0xff, 0xf8, 0xa2, 0x60, 0xff,
    0xf8, 0xa2, 0x60, 0xff, 0xf8, 0xa2, 0x60, 0xff, 0xf8, 0xa2, 0x60, 0xff, 0xf8, 0xa2, 0x60, 0xff,
    0xf8, 0xa2, 0x60, 0xff, 0xf8, 0xa2, 0x60, 0xff, 0xf8, 0xa2, 0x60, 0xff, 0xf8, 0xa2, 0x60, 0xff,
    0xf8, 0xa2, 0x60, 0xff, 0xf8, 0xa2, 0x60, 0xff, 0xf8, 0xa2, 0x60, 0xff, 0xf8, 0xa2, 0x60, 0xff,
    0xf8, 0xa2, 0x60, 0xff, 0xf8, 0xa2, 0x60, 0xff, 0xf8, 0xa2, 0x60, 0xff, 0xf8, 0xa2, 0x60, 0xff,
    0xf8, 0xa2, 0x60, 0xff, 0xf8, 0xa2, 0x60, 0xff, 0xf8, 0xa2, 0x60, 0xff, 0xf8, 0xa2, 0x60, 0xff,
    0xf8, 0xa2, 0x60, 0xff, 0xf8, 0xa2, 0x60, 0xff, 0xf8, 0xa2, 0x60, 0xff, 0xf8, 0xa2, 0x60, 0xff,
    0xf8, 0xa2, 0x60, 0xff, 0xf8, 0xa2, 0x60, 0xff, 0xf8, 0xa2, 0x60, 0xff, 0xf8, 0xa2, 0x60, 0xff,
    0xf8, 0xa2, 0x60, 0xff, 0xf8, 0xa2, 0x60, 0xff, 0xf8, 0xa2, 0x60, 0xff, 0xf8, 0xa2, 0x60, 0xff,
    0xf8, 0xa2, 0x60, 0xff, 0xf8, 0xa2, 0x60, 0xff, 0xf8, 0xa2, 0x60, 0xff, 0xf8, 0xa2, 0x60, 0xff,
    0xf8, 0xa2, 0x60, 0xff, 0xf8, 0xa2, 0x60, 0xff, 0xf8, 0xa2, 0x60, 0xff, 0xf8, 0xa2, 0x60, 0xff,
    0xf8, 0xa2, 0x60, 0xff, 0xf8, 0xa2, 0x60, 0xff, 0xf8, 0xa2, 0x60, 0xff, 0xf8, 0xa2, 0x60, 0xff,
    0xf8, 0xa2, 0x60, 0xff, 0xf8, 0xa2, 0x60, 0xff, 0xf8, 0xa2, 0x60, 0xff, 0xf8, 0xa2, 0x60, 0xff,
    0xf8, 0xa2, 0x60, 0xff, 0xf8, 0xa2, 0x60, 0xff, 0xf8, 0xa2, 0x60, 0xff, 0xf8, 0xa2, 0x60, 0xff,
    0xf8, 0xa2, 0x60, 0xff, 0xf8, 0xa2, 0x60, 0xff, 0xf8, 0xa2, 0x60, 0xff, 0xf8, 0xa3, 0x61, 0xff,
    0xf8, 0x9e, 0x5a, 0xff, 0xfb, 0xc9, 0xa2, 0xff, 0xfe, 0xf7, 0xf0, 0xff, 0xff, 0xff, 0xff, 0xff,
    0xff, 0xfe, 0xfd, 0xff, 0xff, 0xff, 0xff, 0xff, 0xff, 0xff, 0xff, 0xff, 0xff, 0xff, 0xff, 0xff,
    0xff, 0xff, 0xff, 0xff, 0xff, 0xff, 0xff, 0xff, 0xff, 0xff, 0xff, 0xff, 0xff, 0xff, 0xff, 0xff,
    0xff, 0xff, 0xff, 0xff, 0xff, 0xff, 0xff, 0xff, 0xff, 0xff, 0xff, 0xff, 0xff, 0xff, 0xff, 0xff,
    0xff, 0xff, 0xff, 0xff, 0xff, 0xff, 0xff, 0xff, 0xff, 0xff, 0xff, 0xff, 0xff, 0xff, 0xff, 0xff,
    0xff, 0xff, 0xff, 0xff, 0xff, 0xff, 0xff, 0xff, 0xff, 0xff, 0xff, 0xff, 0xff, 0xff, 0xff, 0xff,
    0xff, 0xff, 0xff, 0xff, 0xff, 0xfe, 0xfe, 0xff, 0xff, 0xfd, 0xfc, 0xff, 0xff, 0xff, 0xff, 0xff,
    0xff, 0xff, 0xff, 0xff, 0xfe, 0xf4, 0xea, 0xff, 0xfc, 0xda, 0xbf, 0xff, 0xfb, 0xcb, 0xa7, 0xff,
    0xfb, 0xbf, 0x92, 0xff, 0xfa, 0xb7, 0x84, 0xff, 0xfa, 0xb9, 0x87, 0xff, 0xfb, 0xcb, 0xa7, 0xff,
    0xfc, 0xd9, 0xbe, 0xff, 0xfd, 0xee, 0xe2, 0xff, 0xff, 0xff, 0xff, 0xff, 0xff, 0xff, 0xff, 0xff,
    0xff, 0xfd, 0xfc, 0xff, 0xff, 0xfe, 0xfd, 0xff, 0xff, 0xff, 0xff, 0xff, 0xff, 0xff, 0xff, 0xff,
    0xff, 0xff, 0xff, 0xff, 0xff, 0xff, 0xff, 0xff, 0xff, 0xff, 0xff, 0xff, 0xff, 0xff, 0xff, 0xff,
    0xff, 0xff, 0xff, 0xff, 0xff, 0xff, 0xff, 0xff, 0xff, 0xff, 0xff, 0xff, 0xff, 0xff, 0xff, 0xff,
    0xff, 0xff, 0xff, 0xff, 0xff, 0xff, 0xff, 0xff, 0xff, 0xff, 0xff, 0xff, 0xff, 0xff, 0xff, 0xff,
    0xff, 0xff, 0xff, 0xff, 0xff, 0xff, 0xff, 0xff, 0xff, 0xff, 0xff, 0xff, 0xff, 0xff, 0xff, 0xff,
    0xff, 0xff, 0xff, 0xff, 0xff, 0xff, 0xff, 0xff, 0xff, 0xff, 0xff, 0xff, 0xff, 0xfd, 0xfb, 0xff,
    0xff, 0xff, 0xff, 0xff, 0xfb, 0xcc, 0xa7, 0xff, 0xf7, 0x9d, 0x57, 0xff, 0xf8, 0xa4, 0x63, 0xff,
    0xf8, 0xa2, 0x60, 0xff, 0xf8, 0xa2, 0x60, 0xff, 0xf8, 0xa2, 0x60, 0xff, 0xf8, 0xa2, 0x60, 0xff,
    0xf8, 0xa2, 0x60, 0xff, 0xf8, 0xa2, 0x60, 0xff, 0xf8, 0xa2, 0x60, 0xff, 0xf8, 0xa2, 0x60, 0xff,
    0xf8, 0xa2, 0x60, 0xff, 0xf8, 0xa2, 0x60, 0xff, 0xf8, 0xa2, 0x60, 0xff, 0xf8, 0xa2, 0x60, 0xff,
    0xf8, 0xa2, 0x60, 0xff, 0xf8, 0xa2, 0x60, 0xff, 0xf8, 0xa2, 0x60, 0xff, 0xf8, 0xa2, 0x60, 0xff,
    0xf8, 0xa2, 0x60, 0xff, 0xf8, 0xa2, 0x60, 0xff, 0xf8, 0xa2, 0x60, 0xff, 0xf8, 0xa2, 0x60, 0xff,
    0xf8, 0xa2, 0x60, 0xff, 0xf8, 0xa2, 0x60, 0xff, 0xf8, 0xa2, 0x60, 0xff, 0xf8, 0xa2, 0x60, 0xff,
    0xf8, 0xa2, 0x60, 0xff, 0xf8, 0xa2, 0x60, 0xff, 0xf8, 0xa2, 0x60, 0xff, 0xf8, 0xa2, 0x60, 0xff,
    0xf8, 0xa2, 0x60, 0xff, 0xf8, 0xa2, 0x60, 0xff, 0xf8, 0xa2, 0x60, 0xff, 0xf8, 0xa2, 0x60, 0xff,
    0xf8, 0xa2, 0x60, 0xff, 0xf8, 0xa2, 0x60, 0xff, 0xf8, 0xa2, 0x60, 0xff, 0xf8, 0xa2, 0x60, 0xff,
    0xf8, 0xa2, 0x60, 0xff, 0xf8, 0xa2, 0x60, 0xff, 0xf8, 0xa2, 0x60, 0xff, 0xf8, 0xa2, 0x60, 0xff,
    0xf8, 0xa2, 0x60, 0xff, 0xf8, 0xa2, 0x60, 0xff, 0xf8, 0xa2, 0x60, 0xff, 0xf8, 0xa2, 0x60, 0xff,
    0xf8, 0xa2, 0x60, 0xff, 0xf8, 0xa2, 0x60, 0xff, 0xf8, 0xa2, 0x60, 0xff, 0xf8, 0xa2, 0x60, 0xff,
    0xf8, 0xa2, 0x60, 0xff, 0xf8, 0xa2, 0x60, 0xff, 0xf8, 0xa2, 0x60, 0xff, 0xf8, 0xa2, 0x60, 0xff,
    0xf8, 0xa2, 0x60, 0xff, 0xf8, 0xa2, 0x60, 0xff, 0xf8, 0xa2, 0x60, 0xff, 0xf8, 0xa2, 0x60, 0xff,
    0xf8, 0xa2, 0x60, 0xff, 0xf8, 0xa2, 0x61, 0xff, 0xf8, 0xa0, 0x5d, 0xff, 0xfa, 0xba, 0x8a, 0xff,
    0xfd, 0xed, 0xe2, 0xff, 0xff, 0xfd, 0xfc, 0xff, 0xff, 0xfd, 0xfc, 0xff, 0xff, 0xff, 0xff, 0xff,
    0xff, 0xff, 0xff, 0xff, 0xff, 0xff, 0xff, 0xff, 0xff, 0xff, 0xff, 0xff, 0xff, 0xff, 0xff, 0xff,
    0xff, 0xff, 0xff, 0xff, 0xff, 0xff, 0xff, 0xff, 0xff, 0xff, 0xff, 0xff, 0xff, 0xff, 0xff, 0xff,
    0xff, 0xff, 0xff, 0xff, 0xff, 0xff, 0xff, 0xff, 0xff, 0xff, 0xff, 0xff, 0xff, 0xff, 0xff, 0xff,
    0xff, 0xff, 0xff, 0xff, 0xff, 0xff, 0xff, 0xff, 0xff, 0xff, 0xff, 0xff, 0xff, 0xff, 0xff, 0xff,
    0xff, 0xff, 0xff, 0xff, 0xff, 0xff, 0xff, 0xff, 0xff, 0xfe, 0xfe, 0xff, 0xff, 0xff, 0xff, 0xff,
    0xff, 0xff, 0xff, 0xff, 0xfe, 0xed, 0xe0, 0xff, 0xfb, 0xce, 0xab, 0xff, 0xfa, 0xb8, 0x84, 0xff,
    0xf9, 0xab, 0x70, 0xff, 0xf8, 0xa3, 0x63, 0xff, 0xf8, 0x9d, 0x58, 0xff, 0xf7, 0x99, 0x50, 0xff,
    0xf7, 0x9a, 0x52, 0xff, 0xf8, 0xa3, 0x63, 0xff, 0xf9, 0xac, 0x70, 0xff, 0xf9, 0xb5, 0x80, 0xff,
    0xfb, 0xc9, 0xa2, 0xff, 0xfe, 0xe8, 0xd7, 0xff, 0xff, 0xff, 0xff, 0xff, 0xff, 0xff, 0xff, 0xff,
    0xff, 0xfd, 0xfc, 0xff, 0xff, 0xff, 0xff, 0xff, 0xff, 0xff, 0xff, 0xff, 0xff, 0xff, 0xff, 0xff,
    0xff, 0xff, 0xff, 0xff, 0xff, 0xff, 0xff, 0xff, 0xff, 0xff, 0xff, 0xff, 0xff, 0xff, 0xff, 0xff,
    0xff, 0xff, 0xff, 0xff, 0xff, 0xff, 0xff, 0xff, 0xff, 0xff, 0xff, 0xff, 0xff, 0xff, 0xff, 0xff,
    0xff, 0xff, 0xff, 0xff, 0xff, 0xff, 0xff, 0xff, 0xff, 0xff, 0xff, 0xff, 0xff, 0xff, 0xff, 0xff,
    0xff, 0xff, 0xff, 0xff, 0xff, 0xff, 0xff, 0xff, 0xff, 0xff, 0xff, 0xff, 0xff, 0xff, 0xff, 0xff,
    0xff, 0xff, 0xff, 0xff, 0xff, 0xfc, 0xfa, 0xff, 0xff, 0xfc, 0xfa, 0xff, 0xfa, 0xc1, 0x95, 0xff,
    0xf7, 0x9a, 0x52, 0xff, 0xf8, 0xa4, 0x64, 0xff, 0xf8, 0xa2, 0x60, 0xff, 0xf8, 0xa2, 0x60, 0xff,
    0xf8, 0xa2, 0x60, 0xff, 0xf8, 0xa2, 0x60, 0xff, 0xf8, 0xa2, 0x60, 0xff, 0xf8, 0xa2, 0x60, 0xff,
    0xf8, 0xa2, 0x60, 0xff, 0xf8, 0xa2, 0x60, 0xff, 0xf8, 0xa2, 0x60, 0xff, 0xf8, 0xa2, 0x60, 0xff,
    0xf8, 0xa2, 0x60, 0xff, 0xf8, 0xa2, 0x60, 0xff, 0xf8, 0xa2, 0x60, 0xff, 0xf8, 0xa2, 0x60, 0xff,
    0xf8, 0xa2, 0x60, 0xff, 0xf8, 0xa2, 0x60, 0xff, 0xf8, 0xa2, 0x60, 0xff, 0xf8, 0xa2, 0x60, 0xff,
    0xf8, 0xa2, 0x60, 0xff, 0xf8, 0xa2, 0x60, 0xff, 0xf8, 0xa2, 0x60, 0xff, 0xf8, 0xa2, 0x60, 0xff,
    0xf8, 0xa2, 0x60, 0xff, 0xf8, 0xa2, 0x60, 0xff, 0xf8, 0xa2, 0x60, 0xff, 0xf8, 0xa2, 0x60, 0xff,
    0xf8, 0xa2, 0x60, 0xff, 0xf8, 0xa2, 0x60, 0xff, 0xf8, 0xa2, 0x60, 0xff, 0xf8, 0xa2, 0x60, 0xff,
    0xf8, 0xa2, 0x60, 0xff, 0xf8, 0xa2, 0x60, 0xff, 0xf8, 0xa2, 0x60, 0xff, 0xf8, 0xa2, 0x60, 0xff,
    0xf8, 0xa2, 0x60, 0xff, 0xf8, 0xa2, 0x60, 0xff, 0xf8, 0xa2, 0x60, 0xff, 0xf8, 0xa2, 0x60, 0xff,
    0xf8, 0xa2, 0x60, 0xff, 0xf8, 0xa2, 0x60, 0xff, 0xf8, 0xa2, 0x60, 0xff, 0xf8, 0xa2, 0x60, 0xff,
    0xf8, 0xa2, 0x60, 0xff, 0xf8, 0xa2, 0x60, 0xff, 0xf8, 0xa2, 0x60, 0xff, 0xf8, 0xa2, 0x60, 0xff,
    0xf8, 0xa2, 0x60, 0xff, 0xf8, 0xa2, 0x60, 0xff, 0xf8, 0xa2, 0x60, 0xff, 0xf8, 0xa2, 0x60, 0xff,
    0xf8, 0xa2, 0x60, 0xff, 0xf8, 0xa2, 0x60, 0xff, 0xf8, 0xa2, 0x60, 0xff, 0xf8, 0xa2, 0x60, 0xff,
    0xf8, 0xa2, 0x60, 0xff, 0xf8, 0xa2, 0x60, 0xff, 0xf8, 0xa2, 0x60, 0xff, 0xf8, 0xa2, 0x61, 0xff,
    0xf8, 0xa2, 0x61, 0xff, 0xf8, 0xa8, 0x69, 0xff, 0xfd, 0xea, 0xdb, 0xff, 0xff, 0xff, 0xff, 0xff,
    0xff, 0xfb, 0xf9, 0xff, 0xff, 0xfe, 0xfe, 0xff, 0xff, 0xff, 0xff, 0xff, 0xff, 0xff, 0xff, 0xff,
    0xff, 0xff, 0xff, 0xff, 0xff, 0xff, 0xff, 0xff, 0xff, 0xff, 0xff, 0xff, 0xff, 0xff, 0xff, 0xff,
    0xff, 0xff, 0xff, 0xff, 0xff, 0xff, 0xff, 0xff, 0xff, 0xff, 0xff, 0xff, 0xff, 0xff, 0xff, 0xff,
    0xff, 0xff, 0xff, 0xff, 0xff, 0xff, 0xff, 0xff, 0xff, 0xff, 0xff, 0xff, 0xff, 0xff, 0xff, 0xff,
    0xff, 0xff, 0xff, 0xff, 0xff, 0xff, 0xff, 0xff, 0xff, 0xff, 0xff, 0xff, 0xff, 0xfe, 0xfe, 0xff,
    0xff, 0xff, 0xff, 0xff, 0xff, 0xfd, 0xfc, 0xff, 0xfc, 0xdb, 0xc0, 0xff, 0xfa, 0xb9, 0x88, 0xff,
    0xf8, 0xa0, 0x5c, 0xff, 0xf7, 0x9a, 0x54, 0xff, 0xf8, 0x9f, 0x5c, 0xff, 0xf8, 0xa1, 0x5f, 0xff,
    0xf8, 0xa3, 0x62, 0xff, 0xf8, 0xa4, 0x64, 0xff, 0xf8, 0xa4, 0x64, 0xff, 0xf8, 0xa1, 0x5f, 0xff,
    0xf8, 0xa0, 0x5c, 0xff, 0xf8, 0x9b, 0x54, 0xff, 0xf8, 0x9f, 0x5b, 0xff, 0xfa, 0xb2, 0x7b, 0xff,
    0xfc, 0xd3, 0xb3, 0xff, 0xff, 0xf6, 0xf0, 0xff, 0xff, 0xff, 0xff, 0xff, 0xff, 0xfe, 0xfd, 0xff,
    0xff, 0xff, 0xff, 0xff, 0xff, 0xff, 0xff, 0xff, 0xff, 0xff, 0xff, 0xff, 0xff, 0xff, 0xff, 0xff,
    0xff, 0xff, 0xff, 0xff, 0xff, 0xff, 0xff, 0xff, 0xff, 0xff, 0xff, 0xff, 0xff, 0xff, 0xff, 0xff,
    0xff, 0xff, 0xff, 0xff, 0xff, 0xff, 0xff, 0xff, 0xff, 0xff, 0xff, 0xff, 0xff, 0xff, 0xff, 0xff,
    0xff, 0xff, 0xff, 0xff, 0xff, 0xff, 0xff, 0xff, 0xff, 0xff, 0xff, 0xff, 0xff, 0xff, 0xff, 0xff,
    0xff, 0xff, 0xff, 0xff, 0xff, 0xff, 0xfe, 0xff, 0xff, 0xfd, 0xfb, 0xff, 0xff, 0xff, 0xff, 0xff,
    0xff, 0xf6, 0xf0, 0xff, 0xfa, 0xb8, 0x85, 0xff, 0xf8, 0x9b, 0x54, 0xff, 0xf8, 0xa4, 0x64, 0xff,
    0xf8, 0xa2, 0x60, 0xff, 0xf8, 0xa2, 0x60, 0xff, 0xf8, 0xa2, 0x60, 0xff, 0xf8, 0xa2, 0x60, 0xff,
    0xf8, 0xa2, 0x60, 0xff, 0xf8, 0xa2, 0x60, 0xff, 0xf8, 0xa2, 0x60, 0xff, 0xf8, 0xa2, 0x60, 0xff,
    0xf8, 0xa2, 0x60, 0xff, 0xf8, 0xa2, 0x60, 0xff, 0xf8, 0xa2, 0x60, 0xff, 0xf8, 0xa2, 0x60, 0xff,
    0xf8, 0xa2, 0x60, 0xff, 0xf8, 0xa2, 0x60, 0xff, 0xf8, 0xa2, 0x60, 0xff, 0xf8, 0xa2, 0x60, 0xff,
    0xf8, 0xa2, 0x60, 0xff, 0xf8, 0xa2, 0x60, 0xff, 0xf8, 0xa2, 0x60, 0xff, 0xf8, 0xa2, 0x60, 0xff,
    0xf8, 0xa2, 0x60, 0xff, 0xf8, 0xa2, 0x60, 0xff, 0xf8, 0xa2, 0x60, 0xff, 0xf8, 0xa2, 0x60, 0xff,
    0xf8, 0xa2, 0x60, 0xff, 0xf8, 0xa2, 0x60, 0xff, 0xf8, 0xa2, 0x60, 0xff, 0xf8, 0xa2, 0x60, 0xff,
    0xf8, 0xa2, 0x60, 0xff, 0xf8, 0xa2, 0x60, 0xff, 0xf8, 0xa2, 0x60, 0xff, 0xf8, 0xa2, 0x60, 0xff,
    0xf8, 0xa2, 0x60, 0xff, 0xf8, 0xa2, 0x60, 0xff, 0xf8, 0xa2, 0x60, 0xff, 0xf8, 0xa2, 0x60, 0xff,
    0xf8, 0xa2, 0x60, 0xff, 0xf8, 0xa2, 0x60, 0xff, 0xf8, 0xa2, 0x60, 0xff, 0xf8, 0xa2, 0x60, 0xff,
    0xf8, 0xa2, 0x60, 0xff, 0xf8, 0xa2, 0x60, 0xff, 0xf8, 0xa2, 0x60, 0xff, 0xf8, 0xa2, 0x60, 0xff,
    0xf8, 0xa2, 0x60, 0xff, 0xf8, 0xa2, 0x60, 0xff, 0xf8, 0xa2, 0x60, 0xff, 0xf8, 0xa2, 0x60, 0xff,
    0xf8, 0xa2, 0x60, 0xff, 0xf8, 0xa2, 0x60, 0xff, 0xf8, 0xa2, 0x60, 0xff, 0xf8, 0xa2, 0x60, 0xff,
    0xf8, 0xa2, 0x60, 0xff, 0xf8, 0xa2, 0x60, 0xff, 0xf8, 0xa2, 0x60, 0xff, 0xf8, 0xa2, 0x60, 0xff,
    0xf8, 0xa2, 0x60, 0xff, 0xf8, 0xa2, 0x60, 0xff, 0xf8, 0xa3, 0x61, 0xff, 0xf8, 0xa2, 0x5f, 0xff,
    0xfb, 0xc8, 0xa0, 0xff, 0xfe, 0xf1, 0xe8, 0xff, 0xff, 0xff, 0xff, 0xff, 0xff, 0xff, 0xff, 0xff,
    0xff, 0xfe, 0xfd, 0xff, 0xff, 0xff, 0xff, 0xff, 0xff, 0xff, 0xff, 0xff, 0xff, 0xff, 0xff, 0xff,
    0xff, 0xff, 0xff, 0xff, 0xff, 0xff, 0xff, 0xff, 0xff, 0xff, 0xff, 0xff, 0xff, 0xff, 0xff, 0xff,
    0xff, 0xff, 0xff, 0xff, 0xff, 0xff, 0xff, 0xff, 0xff, 0xff, 0xff, 0xff, 0xff, 0xff, 0xff, 0xff,
    0xff, 0xff, 0xff, 0xff, 0xff, 0xff, 0xff, 0xff, 0xff, 0xff, 0xff, 0xff, 0xff, 0xff, 0xff, 0xff,
    0xff, 0xff, 0xff, 0xff, 0xff, 0xff, 0xff, 0xff, 0xff, 0xfa, 0xf7, 0xff, 0xfc, 0xd1, 0xaf, 0xff,
    0xf8, 0xa7, 0x67, 0xff, 0xf7, 0x9d, 0x57, 0xff, 0xf8, 0xa2, 0x61, 0xff, 0xf8, 0xa4, 0x65, 0xff,
    0xf8, 0xa3, 0x62, 0xff, 0xf8, 0xa3, 0x61, 0xff, 0xf8, 0xa2, 0x60, 0xff, 0xf8, 0xa2, 0x60, 0xff,
    0xf8, 0xa2, 0x60, 0xff, 0xf8, 0xa3, 0x61, 0xff, 0xf8, 0xa3, 0x62, 0xff, 0xf8, 0xa4, 0x63, 0xff,
    0xf8, 0xa4, 0x63, 0xff, 0xf8, 0x9b, 0x54, 0xff, 0xf8, 0xa1, 0x5e, 0xff, 0xfb, 0xc9, 0xa3, 0xff,
    0xfe, 0xf1, 0xe8, 0xff, 0xff, 0xff, 0xff, 0xff, 0xff, 0xff, 0xff, 0xff, 0xff, 0xff, 0xff, 0xff,
    0xff, 0xff, 0xff, 0xff, 0xff, 0xff, 0xff, 0xff, 0xff, 0xff, 0xff, 0xff, 0xff, 0xff, 0xff, 0xff,
    0xff, 0xff, 0xff, 0xff, 0xff, 0xff, 0xff, 0xff, 0xff, 0xff, 0xff, 0xff, 0xff, 0xff, 0xff, 0xff,
    0xff, 0xff, 0xff, 0xff, 0xff, 0xff, 0xff, 0xff, 0xff, 0xff, 0xff, 0xff, 0xff, 0xff, 0xff, 0xff,
    0xff, 0xff, 0xff, 0xff, 0xff, 0xff, 0xff, 0xff, 0xff, 0xfe, 0xfe, 0xff, 0xff, 0xff, 0xff, 0xff,
    0xff, 0xff, 0xff, 0xff, 0xfe, 0xf2, 0xe9, 0xff, 0xfb, 0xcd, 0xa9, 0xff, 0xf9, 0xaa, 0x6e, 0xff,
    0xf8, 0xa0, 0x5c, 0xff, 0xf8, 0xa3, 0x62, 0xff, 0xf8, 0xa2, 0x60, 0xff, 0xf8, 0xa2, 0x60, 0xff,
    0xf8, 0xa2, 0x60, 0xff, 0xf8, 0xa2, 0x60, 0xff, 0xf8, 0xa2, 0x60, 0xff, 0xf8, 0xa2, 0x60, 0xff,
    0xf8, 0xa2, 0x60, 0xff, 0xf8, 0xa2, 0x60, 0xff, 0xf8, 0xa2, 0x60, 0xff, 0xf8, 0xa2, 0x60, 0xff,
    0xf8, 0xa2, 0x60, 0xff, 0xf8, 0xa2, 0x60, 0xff, 0xf8, 0xa2, 0x60, 0xff, 0xf8, 0xa2, 0x60, 0xff,
    0xf8, 0xa2, 0x60, 0xff, 0xf8, 0xa2, 0x60, 0xff, 0xf8, 0xa2, 0x60, 0xff, 0xf8, 0xa2, 0x60, 0xff,
    0xf8, 0xa2, 0x60, 0xff, 0xf8, 0xa2, 0x60, 0xff, 0xf8, 0xa2, 0x60, 0xff, 0xf8, 0xa2, 0x60, 0xff,
    0xf8, 0xa2, 0x60, 0xff, 0xf8, 0xa2, 0x60, 0xff, 0xf8, 0xa2, 0x60, 0xff, 0xf8, 0xa2, 0x60, 0xff,
    0xf8, 0xa2, 0x60, 0xff, 0xf8, 0xa2, 0x60, 0xff, 0xf8, 0xa2, 0x60, 0xff, 0xf8, 0xa2, 0x60, 0xff,
    0xf8, 0xa2, 0x60, 0xff, 0xf8, 0xa2, 0x60, 0xff, 0xf8, 0xa2, 0x60, 0xff, 0xf8, 0xa2, 0x60, 0xff,
    0xf8, 0xa2, 0x60, 0xff, 0xf8, 0xa2, 0x60, 0xff, 0xf8, 0xa2, 0x60, 0xff, 0xf8, 0xa2, 0x60, 0xff,
    0xf8, 0xa2, 0x60, 0xff, 0xf8, 0xa2, 0x60, 0xff, 0xf8, 0xa2, 0x60, 0xff, 0xf8, 0xa2, 0x60, 0xff,
    0xf8, 0xa2, 0x60, 0xff, 0xf8, 0xa2, 0x60, 0xff, 0xf8, 0xa2, 0x60, 0xff, 0xf8, 0xa2, 0x60, 0xff,
    0xf8, 0xa2, 0x60, 0xff, 0xf8, 0xa2, 0x60, 0xff, 0xf8, 0xa2, 0x60, 0xff, 0xf8, 0xa2, 0x60, 0xff,
    0xf8, 0xa2, 0x60, 0xff, 0xf8, 0xa2, 0x60, 0xff, 0xf8, 0xa2, 0x60, 0xff, 0xf8, 0xa2, 0x60, 0xff,
    0xf8, 0xa2, 0x60, 0xff, 0xf8, 0xa2, 0x60, 0xff, 0xf8, 0xa2, 0x60, 0xff, 0xf8, 0xa2, 0x60, 0xff,
    0xf8, 0xa2, 0x60, 0xff, 0xf8, 0xa3, 0x62, 0xff, 0xf7, 0x9d, 0x57, 0xff, 0xfb, 0xbc, 0x8d, 0xff,
    0xfe, 0xeb, 0xdd, 0xff, 0xff, 0xfd, 0xfc, 0xff, 0xff, 0xff, 0xff, 0xff, 0xff, 0xff, 0xfe, 0xff,
    0xff, 0xff, 0xff, 0xff, 0xff, 0xff, 0xff, 0xff, 0xff, 0xff, 0xff, 0xff, 0xff, 0xff, 0xff, 0xff,
    0xff, 0xff, 0xff, 0xff, 0xff, 0xff, 0xff, 0xff, 0xff, 0xff, 0xff, 0xff, 0xff, 0xff, 0xff, 0xff,
    0xff, 0xff, 0xff, 0xff, 0xff, 0xff, 0xff, 0xff, 0xff, 0xff, 0xff, 0xff, 0xff, 0xff, 0xff, 0xff,
    0xff, 0xff, 0xff, 0xff, 0xff, 0xff, 0xfe, 0xff, 0xff, 0xff, 0xff, 0xff, 0xff, 0xfc, 0xfa, 0xff,
    0xfc, 0xd5, 0xb6, 0xff, 0xf7, 0x9e, 0x59, 0xff, 0xf8, 0xa1, 0x5f, 0xff, 0xf8, 0xa4, 0x63, 0xff,
    0xf8, 0xa3, 0x61, 0xff, 0xf8, 0xa2, 0x60, 0xff, 0xf8, 0xa2, 0x60, 0xff, 0xf8, 0xa2, 0x60, 0xff,
    0xf8, 0xa2, 0x60, 0xff, 0xf8, 0xa2, 0x60, 0xff, 0xf8, 0xa2, 0x60, 0xff, 0xf8, 0xa2, 0x60, 0xff,
    0xf8, 0xa2, 0x60, 0xff, 0xf8, 0xa2, 0x60, 0xff, 0xf8, 0xa2, 0x60, 0xff, 0xf8, 0xa5, 0x64, 0xff,
    0xf8, 0xa1, 0x5e, 0xff, 0xf8, 0x9e, 0x5b, 0xff, 0xfb, 0xc1, 0x96, 0xff, 0xff, 0xfb, 0xf8, 0xff,
    0xff, 0xff, 0xff, 0xff, 0xff, 0xff, 0xff, 0xff, 0xff, 0xff, 0xff, 0xff, 0xff, 0xff, 0xff, 0xff,
    0xff, 0xff, 0xff, 0xff, 0xff, 0xff, 0xff, 0xff, 0xff, 0xff, 0xff, 0xff, 0xff, 0xff, 0xff, 0xff,
    0xff, 0xff, 0xff, 0xff, 0xff, 0xff, 0xff, 0xff, 0xff, 0xff, 0xff, 0xff, 0xff, 0xff, 0xff, 0xff,
    0xff, 0xff, 0xff, 0xff, 0xff, 0xff, 0xff, 0xff, 0xff, 0xff, 0xff, 0xff, 0xff, 0xff, 0xff, 0xff,
    0xff, 0xff, 0xff, 0xff, 0xff, 0xff, 0xff, 0xff, 0xfe, 0xef, 0xe4, 0xff, 0xfb, 0xbf, 0x92, 0xff,
    0xf8, 0x9e, 0x5b, 0xff, 0xf8, 0x9f, 0x5a, 0xff, 0xf8, 0xa3, 0x62, 0xff, 0xf8, 0xa2, 0x60, 0xff,
    0xf8, 0xa2, 0x60, 0xff, 0xf8, 0xa2, 0x60, 0xff, 0xf8, 0xa2, 0x60, 0xff, 0xf8, 0xa2, 0x60, 0xff,
    0xf8, 0xa2, 0x60, 0xff, 0xf8, 0xa2, 0x60, 0xff, 0xf8, 0xa2, 0x60, 0xff, 0xf8, 0xa2, 0x60, 0xff,
    0xf8, 0xa2, 0x60, 0xff, 0xf8, 0xa2, 0x60, 0xff, 0xf8, 0xa2, 0x60, 0xff, 0xf8, 0xa2, 0x60, 0xff,
    0xf8, 0xa2, 0x60, 0xff, 0xf8, 0xa2, 0x60, 0xff, 0xf8, 0xa2, 0x60, 0xff, 0xf8, 0xa2, 0x60, 0xff,
    0xf8, 0xa2, 0x60, 0xff, 0xf8, 0xa2, 0x60, 0xff, 0xf8, 0xa2, 0x60, 0xff, 0xf8, 0xa2, 0x60, 0xff,
    0xf8, 0xa2, 0x60, 0xff, 0xf8, 0xa2, 0x60, 0xff, 0xf8, 0xa2, 0x60, 0xff, 0xf8, 0xa2, 0x60, 0xff,
    0xf8, 0xa2, 0x60, 0xff, 0xf8, 0xa2, 0x60, 0xff, 0xf8, 0xa2, 0x60, 0xff, 0xf8, 0xa2, 0x60, 0xff,
    0xf8, 0xa2, 0x60, 0xff, 0xf8, 0xa2, 0x60, 0xff, 0xf8, 0xa2, 0x60, 0xff, 0xf8, 0xa2, 0x60, 0xff,
    0xf8, 0xa2, 0x60, 0xff, 0xf8, 0xa2, 0x60, 0xff, 0xf8, 0xa2, 0x60, 0xff, 0xf8, 0xa2, 0x60, 0xff,
    0xf8, 0xa2, 0x60, 0xff, 0xf8, 0xa2, 0x60, 0xff, 0xf8, 0xa2, 0x60, 0xff, 0xf8, 0xa2, 0x60, 0xff,
    0xf8, 0xa2, 0x60, 0xff, 0xf8, 0xa2, 0x60, 0xff, 0xf8, 0xa2, 0x60, 0xff, 0xf8, 0xa2, 0x60, 0xff,
    0xf8, 0xa2, 0x60, 0xff, 0xf8, 0xa2, 0x60, 0xff, 0xf8, 0xa2, 0x60, 0xff, 0xf8, 0xa2, 0x60, 0xff,
    0xf8, 0xa2, 0x60, 0xff, 0xf8, 0xa2, 0x60, 0xff, 0xf8, 0xa2, 0x60, 0xff, 0xf8, 0xa2, 0x60, 0xff,
    0xf8, 0xa2, 0x60, 0xff, 0xf8, 0xa2, 0x60, 0xff, 0xf8, 0xa2, 0x60, 0xff, 0xf8, 0xa2, 0x60, 0xff,
    0xf8, 0xa2, 0x60, 0xff, 0xf8, 0xa2, 0x60, 0xff, 0xf8, 0xa2, 0x60, 0xff, 0xf8, 0xa2, 0x60, 0xff,
    0xf8, 0xa5, 0x65, 0xff, 0xf8, 0x9b, 0x55, 0xff, 0xf8, 0xaa, 0x6d, 0xff, 0xfc, 0xdc, 0xc2, 0xff,
    0xff, 0xfa, 0xf6, 0xff, 0xff, 0xff, 0xff, 0xff, 0xff, 0xff, 0xff, 0xff, 0xff, 0xff, 0xff, 0xff,
    0xff, 0xff, 0xff, 0xff, 0xff, 0xff, 0xff, 0xff, 0xff, 0xff, 0xff, 0xff, 0xff, 0xff, 0xff, 0xff,
    0xff, 0xff, 0xff, 0xff, 0xff, 0xff, 0xff, 0xff, 0xff, 0xff, 0xff, 0xff, 0xff, 0xff, 0xff, 0xff,
    0xff, 0xff, 0xff, 0xff, 0xff, 0xff, 0xff, 0xff, 0xff, 0xff, 0xff, 0xff, 0xff, 0xfe, 0xfd, 0xff,
    0xff, 0xfe, 0xfe, 0xff, 0xfe, 0xe4, 0xd0, 0xff, 0xf8, 0xa6, 0x67, 0xff, 0xf8, 0xa3, 0x63, 0xff,
    0xf8, 0xa3, 0x61, 0xff, 0xf8, 0xa2, 0x60, 0xff, 0xf8, 0xa2, 0x60, 0xff, 0xf8, 0xa2, 0x60, 0xff,
    0xf8, 0xa2, 0x60, 0xff, 0xf8, 0xa2, 0x60, 0xff, 0xf8, 0xa2, 0x60, 0xff, 0xf8, 0xa2, 0x60, 0xff,
    0xf8, 0xa2, 0x60, 0xff, 0xf8, 0xa2, 0x60, 0xff, 0xf8, 0xa2, 0x60, 0xff, 0xf8, 0xa2, 0x60, 0xff,
    0xf8, 0xa2, 0x60, 0xff, 0xf8, 0xa2, 0x60, 0xff, 0xf8, 0xa3, 0x63, 0xff, 0xf8, 0x9f, 0x5c, 0xff,
    0xf8, 0xa5, 0x66, 0xff, 0xfb, 0xd6, 0xba, 0xff, 0xff, 0xff, 0xff, 0xff, 0xff, 0xff, 0xff, 0xff,
    0xff, 0xff, 0xfe, 0xff, 0xff, 0xff, 0xff, 0xff, 0xff, 0xff, 0xff, 0xff, 0xff, 0xff, 0xff, 0xff,
    0xff, 0xff, 0xff, 0xff, 0xff, 0xff, 0xff, 0xff, 0xff, 0xff, 0xff, 0xff, 0xff, 0xff, 0xff, 0xff,
    0xff, 0xff, 0xff, 0xff, 0xff, 0xff, 0xff, 0xff, 0xff, 0xff, 0xff, 0xff, 0xff, 0xff, 0xff, 0xff,
    0xff, 0xff, 0xff, 0xff, 0xff, 0xff, 0xff, 0xff, 0xff, 0xfc, 0xfb, 0xff, 0xfd, 0xe6, 0xd6, 0xff,
    0xf8, 0xaf, 0x74, 0xff, 0xf8, 0xa0, 0x5c, 0xff, 0xf8, 0xa2, 0x61, 0xff, 0xf8, 0xa3, 0x62, 0xff,
    0xf8, 0xa2, 0x60, 0xff, 0xf8, 0xa2, 0x60, 0xff, 0xf8, 0xa2, 0x60, 0xff, 0xf8, 0xa2, 0x60, 0xff,
    0xf8, 0xa2, 0x60, 0xff, 0xf8, 0xa2, 0x60, 0xff, 0xf8, 0xa2, 0x60, 0xff, 0xf8, 0xa2, 0x60, 0xff,
    0xf8, 0xa2, 0x60, 0xff, 0xf8, 0xa2, 0x60, 0xff, 0xf8, 0xa2, 0x60, 0xff, 0xf8, 0xa2, 0x60, 0xff,
    0xf8, 0xa2, 0x60, 0xff, 0xf8, 0xa2, 0x60, 0xff, 0xf8, 0xa2, 0x60, 0xff, 0xf8, 0xa2, 0x60, 0xff,
    0xf8, 0xa2, 0x60, 0xff, 0xf8, 0xa2, 0x60, 0xff, 0xf8, 0xa2, 0x60, 0xff, 0xf8, 0xa2, 0x60, 0xff,
    0xf8, 0xa2, 0x60, 0xff, 0xf8, 0xa2, 0x60, 0xff, 0xf8, 0xa2, 0x60, 0xff, 0xf8, 0xa2, 0x60, 0xff,
    0xf8, 0xa2, 0x60, 0xff, 0xf8, 0xa2, 0x60, 0xff, 0xf8, 0xa2, 0x60, 0xff, 0xf8, 0xa2, 0x60, 0xff,
    0xf8, 0xa2, 0x60, 0xff, 0xf8, 0xa2, 0x60, 0xff, 0xf8, 0xa2, 0x60, 0xff, 0xf8, 0xa2, 0x60, 0xff,
    0xf8, 0xa2, 0x60, 0xff, 0xf8, 0xa2, 0x60, 0xff, 0xf8, 0xa2, 0x60, 0xff, 0xf8, 0xa2, 0x60, 0xff,
    0xf8, 0xa2, 0x60, 0xff, 0xf8, 0xa2, 0x60, 0xff, 0xf8, 0xa2, 0x60, 0xff, 0xf8, 0xa2, 0x60, 0xff,
    0xf8, 0xa2, 0x60, 0xff, 0xf8, 0xa2, 0x60, 0xff, 0xf8, 0xa2, 0x60, 0xff, 0xf8, 0xa2, 0x60, 0xff,
    0xf8, 0xa2, 0x60, 0xff, 0xf8, 0xa2, 0x60, 0xff, 0xf8, 0xa2, 0x60, 0xff, 0xf8, 0xa2, 0x60, 0xff,
    0xf8, 0xa2, 0x60, 0xff, 0xf8, 0xa2, 0x60, 0xff, 0xf8, 0xa2, 0x60, 0xff, 0xf8, 0xa2, 0x60, 0xff,
    0xf8, 0xa2, 0x60, 0xff, 0xf8, 0xa2, 0x60, 0xff, 0xf8, 0xa2, 0x60, 0xff, 0xf8, 0xa2, 0x60, 0xff,
    0xf8, 0xa2, 0x60, 0xff, 0xf8, 0xa2, 0x60, 0xff, 0xf8, 0xa2, 0x60, 0xff, 0xf8, 0xa2, 0x60, 0xff,
    0xf8, 0xa2, 0x60, 0xff, 0xf8, 0xa2, 0x60, 0xff, 0xf8, 0xa2, 0x60, 0xff, 0xf8, 0xa4, 0x62, 0xff,
    0xf8, 0xa0, 0x5d, 0xff, 0xf8, 0xa3, 0x62, 0xff, 0xfb, 0xc6, 0x9d, 0xff, 0xff, 0xf9, 0xf4, 0xff,
    0xff, 0xff, 0xfe, 0xff, 0xff, 0xff, 0xff, 0xff, 0xff, 0xff, 0xff, 0xff, 0xff, 0xff, 0xff, 0xff,
    0xff, 0xff, 0xff, 0xff, 0xff, 0xff, 0xff, 0xff, 0xff, 0xff, 0xff, 0xff, 0xff, 0xff, 0xff, 0xff,
    0xff, 0xff, 0xff, 0xff, 0xff, 0xff, 0xff, 0xff, 0xff, 0xff, 0xff, 0xff, 0xff, 0xff, 0xff, 0xff,
    0xff, 0xfe, 0xfd, 0xff, 0xff, 0xff, 0xff, 0xff, 0xfe, 0xf2, 0xe8, 0xff, 0xfb, 0xbf, 0x90, 0xff,
    0xf8, 0x9f, 0x5d, 0xff, 0xf8, 0xa2, 0x61, 0xff, 0xf8, 0xa2, 0x60, 0xff, 0xf8, 0xa2, 0x60, 0xff,
    0xf8, 0xa2, 0x60, 0xff, 0xf8, 0xa2, 0x60, 0xff, 0xf8, 0xa2, 0x60, 0xff, 0xf8, 0xa2, 0x60, 0xff,
    0xf8, 0xa2, 0x60, 0xff, 0xf8, 0xa2, 0x60, 0xff, 0xf8, 0xa2, 0x60, 0xff, 0xf8, 0xa2, 0x60, 0xff,
    0xf8, 0xa2, 0x60, 0xff, 0xf8, 0xa2, 0x60, 0xff, 0xf8, 0xa2, 0x60, 0xff, 0xf8, 0xa2, 0x60, 0xff,
    0xf8, 0xa2, 0x60, 0xff, 0xf8, 0xa2, 0x61, 0xff, 0xf8, 0xa0, 0x5c, 0xff, 0xf8, 0xa9, 0x6c, 0xff,
    0xff, 0xf5, 0xee, 0xff, 0xff, 0xff, 0xff, 0xff, 0xff, 0xff, 0xfe, 0xff, 0xff, 0xff, 0xff, 0xff,
    0xff, 0xff, 0xff, 0xff, 0xff, 0xff, 0xff, 0xff, 0xff, 0xff, 0xff, 0xff, 0xff, 0xff, 0xff, 0xff,
    0xff, 0xff, 0xff, 0xff, 0xff, 0xff, 0xff, 0xff, 0xff, 0xff, 0xff, 0xff, 0xff, 0xff, 0xff, 0xff,
    0xff, 0xff, 0xff, 0xff, 0xff, 0xfe, 0xfe, 0xff, 0xff, 0xff, 0xff, 0xff, 0xff, 0xfa, 0xf7, 0xff,
    0xfc, 0xd5, 0xb8, 0xff, 0xf8, 0xa4, 0x63, 0xff, 0xf8, 0xa2, 0x5f, 0xff, 0xf8, 0xa2, 0x61, 0xff,
    0xf8, 0xa2, 0x60, 0xff, 0xf8, 0xa2, 0x60, 0xff, 0xf8, 0xa2, 0x60, 0xff, 0xf8, 0xa2, 0x60, 0xff,
    0xf8, 0xa2, 0x60, 0xff, 0xf8, 0xa2, 0x60, 0xff, 0xf8, 0xa2, 0x60, 0xff, 0xf8, 0xa2, 0x60, 0xff,
    0xf8, 0xa2, 0x60, 0xff, 0xf8, 0xa2, 0x60, 0xff, 0xf8, 0xa2, 0x60, 0xff, 0xf8, 0xa2, 0x60, 0xff,
    0xf8, 0xa2, 0x60, 0xff, 0xf8, 0xa2, 0x60, 0xff, 0xf8, 0xa2, 0x60, 0xff, 0xf8, 0xa2, 0x60, 0xff,
    0xf8, 0xa2, 0x60, 0xff, 0xf8, 0xa2, 0x60, 0xff, 0xf8, 0xa2, 0x60, 0xff, 0xf8, 0xa2, 0x60, 0xff,
    0xf8, 0xa2, 0x60, 0xff, 0xf8, 0xa2, 0x60, 0xff, 0xf8, 0xa2, 0x60, 0xff, 0xf8, 0xa2, 0x60, 0xff,
    0xf8, 0xa2, 0x60, 0xff, 0xf8, 0xa2, 0x60, 0xff, 0xf8, 0xa2, 0x60, 0xff, 0xf8, 0xa2, 0x60, 0xff,
    0xf8, 0xa2, 0x60, 0xff, 0xf8, 0xa2, 0x60, 0xff, 0xf8, 0xa2, 0x60, 0xff, 0xf8, 0xa2, 0x60, 0xff,
    0xf8, 0xa2, 0x60, 0xff, 0xf8, 0xa2, 0x60, 0xff, 0xf8, 0xa2, 0x60, 0xff, 0xf8, 0xa2, 0x60, 0xff,
    0xf8, 0xa2, 0x60, 0xff, 0xf8, 0xa2, 0x60, 0xff, 0xf8, 0xa2, 0x60, 0xff, 0xf8, 0xa2, 0x60, 0xff,
    0xf8, 0xa2, 0x60, 0xff, 0xf8, 0xa2, 0x60, 0xff, 0xf8, 0xa2, 0x60, 0xff, 0xf8, 0xa2, 0x60, 0xff,
    0xf8, 0xa2, 0x60, 0xff, 0xf8, 0xa2, 0x60, 0xff, 0xf8, 0xa2, 0x60, 0xff, 0xf8, 0xa2, 0x60, 0xff,
    0xf8, 0xa2, 0x60, 0xff, 0xf8, 0xa2, 0x60, 0xff, 0xf8, 0xa2, 0x60, 0xff, 0xf8, 0xa2, 0x60, 0xff,
    0xf8, 0xa2, 0x60, 0xff, 0xf8, 0xa2, 0x60, 0xff, 0xf8, 0xa2, 0x60, 0xff, 0xf8, 0xa2, 0x60, 0xff,
    0xf8, 0xa2, 0x60, 0xff, 0xf8, 0xa2, 0x60, 0xff, 0xf8, 0xa2, 0x60, 0xff, 0xf8, 0xa2, 0x60, 0xff,
    0xf8, 0xa2, 0x60, 0xff, 0xf8, 0xa2, 0x60, 0xff, 0xf8, 0xa2, 0x60, 0xff, 0xf8, 0xa2, 0x60, 0xff,
    0xf8, 0xa2, 0x60, 0xff, 0xf8, 0xa2, 0x60, 0xff, 0xf8, 0xa2, 0x60, 0xff, 0xf8, 0xa1, 0x5f, 0xff,
    0xf8, 0xa2, 0x5f, 0xff, 0xf9, 0xb4, 0x7f, 0xff, 0xff, 0xf7, 0xf1, 0xff, 0xff, 0xff, 0xff, 0xff,
    0xff, 0xff, 0xfe, 0xff, 0xff, 0xff, 0xff, 0xff, 0xff, 0xff, 0xff, 0xff, 0xff, 0xff, 0xff, 0xff,
    0xff, 0xff, 0xff, 0xff, 0xff, 0xff, 0xff, 0xff, 0xff, 0xff, 0xff, 0xff, 0xff, 0xff, 0xff, 0xff,
    0xff, 0xff, 0xff, 0xff, 0xff, 0xff, 0xff, 0xff, 0xff, 0xfd, 0xfc, 0xff, 0xff, 0xff, 0xff, 0xff,
    0xfc, 0xdd, 0xc5, 0xff, 0xf7, 0x9f, 0x5a, 0xff, 0xf8, 0xa4, 0x63, 0xff, 0xf8, 0xa2, 0x60, 0xff,
    0xf8, 0xa2, 0x60, 0xff, 0xf8, 0xa2, 0x60, 0xff, 0xf8, 0xa2, 0x60, 0xff, 0xf8, 0xa2, 0x60, 0xff,
    0xf8, 0xa2, 0x60, 0xff, 0xf8, 0xa2, 0x60, 0xff, 0xf8, 0xa2, 0x60, 0xff, 0xf8, 0xa2, 0x60, 0xff,
    0xf8, 0xa2, 0x60, 0xff, 0xf8, 0xa2, 0x60, 0xff, 0xf8, 0xa2, 0x60, 0xff, 0xf8, 0xa2, 0x60, 0xff,
    0xf8, 0xa2, 0x60, 0xff, 0xf8, 0xa2, 0x60, 0xff, 0xf8, 0xa2, 0x60, 0xff, 0xf8, 0xa2, 0x61, 0xff,
    0xf8, 0xa1, 0x5e, 0xff, 0xf8, 0xa3, 0x61, 0xff, 0xfb, 0xcb, 0xa6, 0xff, 0xff, 0xfa, 0xf6, 0xff,
    0xff, 0xff, 0xff, 0xff, 0xff, 0xfe, 0xfe, 0xff, 0xff, 0xff, 0xff, 0xff, 0xff, 0xff, 0xff, 0xff,
    0xff, 0xff, 0xff, 0xff, 0xff, 0xff, 0xff, 0xff, 0xff, 0xff, 0xff, 0xff, 0xff, 0xff, 0xff, 0xff,
    0xff, 0xff, 0xff, 0xff, 0xff, 0xff, 0xff, 0xff, 0xff, 0xfe, 0xfd, 0xff, 0xff, 0xff, 0xff, 0xff,
    0xfe, 0xf8, 0xf4, 0xff, 0xfb, 0xcc, 0xaa, 0xff, 0xf8, 0xa0, 0x5c, 0xff, 0xf8, 0xa2, 0x60, 0xff,
    0xf8, 0xa2, 0x60, 0xff, 0xf8, 0xa2, 0x60, 0xff, 0xf8, 0xa2, 0x60, 0xff, 0xf8, 0xa2, 0x60, 0xff,
    0xf8, 0xa2, 0x60, 0xff, 0xf8, 0xa2, 0x60, 0xff, 0xf8, 0xa2, 0x60, 0xff, 0xf8, 0xa2, 0x60, 0xff,
    0xf8, 0xa2, 0x60, 0xff, 0xf8, 0xa2, 0x60, 0xff, 0xf8, 0xa2, 0x60, 0xff, 0xf8, 0xa2, 0x60, 0xff,
    0xf8, 0xa2, 0x60, 0xff, 0xf8, 0xa2, 0x60, 0xff, 0xf8, 0xa2, 0x60, 0xff, 0xf8, 0xa2, 0x60, 0xff,
    0xf8, 0xa2, 0x60, 0xff, 0xf8, 0xa2, 0x60, 0xff, 0xf8, 0xa2, 0x60, 0xff, 0xf8, 0xa2, 0x60, 0xff,
    0xf8, 0xa2, 0x60, 0xff, 0xf8, 0xa2, 0x60, 0xff, 0xf8, 0xa2, 0x60, 0xff, 0xf8, 0xa2, 0x60, 0xff,
    0xf8, 0xa2, 0x60, 0xff, 0xf8, 0xa2, 0x60, 0xff, 0xf8, 0xa2, 0x60, 0xff, 0xf8, 0xa2, 0x60, 0xff,
    0xf8, 0xa2, 0x60, 0xff, 0xf8, 0xa2, 0x60, 0xff, 0xf8, 0xa2, 0x60, 0xff, 0xf8, 0xa2, 0x60, 0xff,
    0xf8, 0xa2, 0x60, 0xff, 0xf8, 0xa2, 0x60, 0xff, 0xf8, 0xa2, 0x60, 0xff, 0xf8, 0xa2, 0x60, 0xff,
    0xf8, 0xa2, 0x60, 0xff, 0xf8, 0xa2, 0x60, 0xff, 0xf8, 0xa2, 0x60, 0xff, 0xf8, 0xa2, 0x60, 0xff,
    0xf8, 0xa2, 0x60, 0xff, 0xf8, 0xa2, 0x60, 0xff, 0xf8, 0xa2, 0x60, 0xff, 0xf8, 0xa2, 0x60, 0xff,
    0xf8, 0xa2, 0x60, 0xff, 0xf8, 0xa2, 0x60, 0xff, 0xf8, 0xa2, 0x60, 0xff, 0xf8, 0xa2, 0x60, 0xff,
    0xf8, 0xa2, 0x60, 0xff, 0xf8, 0xa2, 0x60, 0xff, 0xf8, 0xa2, 0x60, 0xff, 0xf8, 0xa2, 0x60, 0xff,
    0xf8, 0xa2, 0x60, 0xff, 0xf8, 0xa2, 0x60, 0xff, 0xf8, 0xa2, 0x60, 0xff, 0xf8, 0xa2, 0x60, 0xff,
    0xf8, 0xa2, 0x60, 0xff, 0xf8, 0xa2, 0x60, 0xff, 0xf8, 0xa2, 0x60, 0xff, 0xf8, 0xa2, 0x60, 0xff,
    0xf8, 0xa2, 0x60, 0xff, 0xf8, 0xa2, 0x60, 0xff, 0xf8, 0xa2, 0x60, 0xff, 0xf8, 0xa2, 0x60, 0xff,
    0xf8, 0xa2, 0x60, 0xff, 0xf8, 0xa2, 0x60, 0xff, 0xf8, 0xa2, 0x60, 0xff, 0xf8, 0xa2, 0x60, 0xff,
    0xf8, 0xa2, 0x60, 0xff, 0xf8, 0xa3, 0x61, 0xff, 0xf8, 0x9d, 0x58, 0xff, 0xf8, 0xa3, 0x62, 0xff,
    0xff, 0xfb, 0xf7, 0xff, 0xff, 0xff, 0xff, 0xff, 0xff, 0xfe, 0xfe, 0xff, 0xff, 0xff, 0xff, 0xff,
    0xff, 0xff, 0xff, 0xff, 0xff, 0xff, 0xff, 0xff, 0xff, 0xff, 0xff, 0xff, 0xff, 0xff, 0xff, 0xff,
    0xff, 0xff, 0xff, 0xff, 0xff, 0xff, 0xff, 0xff, 0xff, 0xff, 0xff, 0xff, 0xff, 0xfe, 0xfd, 0xff,
    0xff, 0xff, 0xff, 0xff, 0xfe, 0xf4, 0xec, 0xff, 0xfa, 0xc3, 0x98, 0xff, 0xf8, 0x9c, 0x56, 0xff,
    0xf8, 0xa3, 0x63, 0xff, 0xf8, 0xa2, 0x60, 0xff, 0xf8, 0xa2, 0x60, 0xff, 0xf8, 0xa2, 0x60, 0xff,
    0xf8, 0xa2, 0x60, 0xff, 0xf8, 0xa2, 0x60, 0xff, 0xf8, 0xa2, 0x60, 0xff, 0xf8, 0xa2, 0x60, 0xff,
    0xf8, 0xa2, 0x60, 0xff, 0xf8, 0xa2, 0x60, 0xff, 0xf8, 0xa2, 0x60, 0xff, 0xf8, 0xa2, 0x60, 0xff,
    0xf8, 0xa2, 0x60, 0xff, 0xf8, 0xa2, 0x60, 0xff, 0xf8, 0xa2, 0x60, 0xff, 0xf8, 0xa2, 0x60, 0xff,
    0xf8, 0xa2, 0x60, 0xff, 0xf8, 0xa2, 0x60, 0xff, 0xf8, 0xa2, 0x60, 0xff, 0xf8, 0xa1, 0x5f, 0xff,
    0xf8, 0xa8, 0x6a, 0xff, 0xfe, 0xf6, 0xef, 0xff, 0xff, 0xff, 0xff, 0xff, 0xff, 0xfe, 0xfd, 0xff,
    0xff, 0xff, 0xff, 0xff, 0xff, 0xff, 0xff, 0xff, 0xff, 0xff, 0xff, 0xff, 0xff, 0xff, 0xff, 0xff,
    0xff, 0xff, 0xff, 0xff, 0xff, 0xff, 0xff, 0xff, 0xff, 0xff, 0xff, 0xff, 0xff, 0xff, 0xff, 0xff,
    0xff, 0xfe, 0xfd, 0xff, 0xff, 0xff, 0xff, 0xff, 0xfe, 0xf3, 0xea, 0xff, 0xfb, 0xc0, 0x92, 0xff,
    0xf8, 0x9d, 0x58, 0xff, 0xf8, 0xa2, 0x61, 0xff, 0xf8, 0xa2, 0x60, 0xff, 0xf8, 0xa2, 0x60, 0xff,
    0xf8, 0xa2, 0x60, 0xff, 0xf8, 0xa2, 0x60, 0xff, 0xf8, 0xa2, 0x60, 0xff, 0xf8, 0xa2, 0x60, 0xff,
    0xf8, 0xa2, 0x60, 0xff, 0xf8, 0xa2, 0x60, 0xff, 0xf8, 0xa2, 0x60, 0xff, 0xf8, 0xa2, 0x60, 0xff,
    0xf8, 0xa2, 0x60, 0xff, 0xf8, 0xa2, 0x60, 0xff, 0xf8, 0xa2, 0x60, 0xff, 0xf8, 0xa2, 0x60, 0xff,
    0xf8, 0xa2, 0x60, 0xff, 0xf8, 0xa2, 0x60, 0xff, 0xf8, 0xa2, 0x60, 0xff, 0xf8, 0xa2, 0x60, 0xff,
    0xf8, 0xa2, 0x60, 0xff, 0xf8, 0xa2, 0x60, 0xff, 0xf8, 0xa2, 0x60, 0xff, 0xf8, 0xa2, 0x60, 0xff,
    0xf8, 0xa2, 0x60, 0xff, 0xf8, 0xa2, 0x60, 0xff, 0xf8, 0xa2, 0x60, 0xff, 0xf8, 0xa2, 0x60, 0xff,
    0xf8, 0xa2, 0x60, 0xff, 0xf8, 0xa2, 0x60, 0xff, 0xf8, 0xa2, 0x60, 0xff, 0xf8, 0xa2, 0x60, 0xff,
    0xf8, 0xa2, 0x60, 0xff, 0xf8, 0xa2, 0x60, 0xff, 0xf8, 0xa2, 0x60, 0xff, 0xf8, 0xa2, 0x60, 0xff,
    0xf8, 0xa2, 0x60, 0xff, 0xf8, 0xa2, 0x60, 0xff, 0xf8, 0xa2, 0x60, 0xff, 0xf8, 0xa2, 0x60, 0xff,
    0xf8, 0xa2, 0x60, 0xff, 0xf8, 0xa2, 0x60, 0xff, 0xf8, 0xa2, 0x60, 0xff, 0xf8, 0xa2, 0x60, 0xff,
    0xf8, 0xa2, 0x60, 0xff, 0xf8, 0xa2, 0x60, 0xff, 0xf8, 0xa2, 0x60, 0xff, 0xf8, 0xa2, 0x60, 0xff,
    0xf8, 0xa2, 0x60, 0xff, 0xf8, 0xa2, 0x60, 0xff, 0xf8, 0xa2, 0x60, 0xff, 0xf8, 0xa2, 0x60, 0xff,
    0xf8, 0xa2, 0x60, 0xff, 0xf8, 0xa2, 0x60, 0xff, 0xf8, 0xa2, 0x60, 0xff, 0xf8, 0xa2, 0x60, 0xff,
    0xf8, 0xa2, 0x60, 0xff, 0xf8, 0xa2, 0x60, 0xff, 0xf8, 0xa2, 0x60, 0xff, 0xf8, 0xa2, 0x60, 0xff,
    0xf8, 0xa2, 0x60, 0xff, 0xf8, 0xa2, 0x60, 0xff, 0xf8, 0xa2, 0x60, 0xff, 0xf8, 0xa2, 0x60, 0xff,
    0xf8, 0xa2, 0x60, 0xff, 0xf8, 0xa2, 0x60, 0xff, 0xf8, 0xa2, 0x60, 0xff, 0xf8, 0xa2, 0x60, 0xff,
    0xf8, 0xa2, 0x60, 0xff, 0xf8, 0xa2, 0x60, 0xff, 0xf8, 0xa2, 0x60, 0xff, 0xf8, 0xa2, 0x61, 0xff,
    0xf8, 0x9f, 0x5c, 0xff, 0xf9, 0xad, 0x73, 0xff, 0xff, 0xfc, 0xfa, 0xff, 0xff, 0xff, 0xff, 0xff,
    0xff, 0xfe, 0xfe, 0xff, 0xff, 0xff, 0xff, 0xff, 0xff, 0xff, 0xff, 0xff, 0xff, 0xff, 0xff, 0xff,
    0xff, 0xff, 0xff, 0xff, 0xff, 0xff, 0xff, 0xff, 0xff, 0xff, 0xff, 0xff, 0xff, 0xff, 0xff, 0xff,
    0xff, 0xff, 0xff, 0xff, 0xff, 0xfd, 0xfc, 0xff, 0xff, 0xff, 0xff, 0xff, 0xfd, 0xe6, 0xd4, 0xff,
    0xf9, 0xb1, 0x79, 0xff, 0xf8, 0xa0, 0x5d, 0xff, 0xf8, 0xa3, 0x61, 0xff, 0xf8, 0xa2, 0x60, 0xff,
    0xf8, 0xa2, 0x60, 0xff, 0xf8, 0xa2, 0x60, 0xff, 0xf8, 0xa2, 0x60, 0xff, 0xf8, 0xa2, 0x60, 0xff,
    0xf8, 0xa2, 0x60, 0xff, 0xf8, 0xa2, 0x60, 0xff, 0xf8, 0xa2, 0x60, 0xff, 0xf8, 0xa2, 0x60, 0xff,
    0xf8, 0xa2, 0x60, 0xff, 0xf8, 0xa2, 0x60, 0xff, 0xf8, 0xa2, 0x60, 0xff, 0xf8, 0xa2, 0x60, 0xff,
    0xf8, 0xa2, 0x60, 0xff, 0xf8, 0xa2, 0x60, 0xff, 0xf8, 0xa2, 0x60, 0xff, 0xf8, 0xa2, 0x60, 0xff,
    0xf8, 0xa2, 0x60, 0xff, 0xf8, 0xa1, 0x5e, 0xff, 0xf8, 0x9f, 0x5b, 0xff, 0xfd, 0xe8, 0xd8, 0xff,
    0xff, 0xff, 0xff, 0xff, 0xff, 0xff, 0xfe, 0xff, 0xff, 0xff, 0xfe, 0xff, 0xff, 0xff, 0xff, 0xff,
    0xff, 0xff, 0xff, 0xff, 0xff, 0xff, 0xff, 0xff, 0xff, 0xff, 0xff, 0xff, 0xff, 0xff, 0xff, 0xff,
    0xff, 0xff, 0xff, 0xff, 0xff, 0xff, 0xff, 0xff, 0xff, 0xfe, 0xfd, 0xff, 0xff, 0xff, 0xff, 0xff,
    0xfe, 0xf6, 0xef, 0xff, 0xfb, 0xc6, 0x9f, 0xff, 0xf8, 0x9f, 0x5b, 0xff, 0xf8, 0xa3, 0x61, 0xff,
    0xf8, 0xa2, 0x60, 0xff, 0xf8, 0xa2, 0x60, 0xff, 0xf8, 0xa2, 0x60, 0xff, 0xf8, 0xa2, 0x60, 0xff,
    0xf8, 0xa2, 0x60, 0xff, 0xf8, 0xa2, 0x60, 0xff, 0xf8, 0xa2, 0x60, 0xff, 0xf8, 0xa2, 0x60, 0xff,
    0xf8, 0xa2, 0x60, 0xff, 0xf8, 0xa2, 0x60, 0xff, 0xf8, 0xa2, 0x60, 0xff, 0xf8, 0xa2, 0x60, 0xff,
    0xf8, 0xa2, 0x60, 0xff, 0xf8, 0xa2, 0x60, 0xff, 0xf8, 0xa2, 0x60, 0xff, 0xf8, 0xa2, 0x60, 0xff,
    0xf8, 0xa2, 0x60, 0xff, 0xf8, 0xa2, 0x60, 0xff, 0xf8, 0xa2, 0x60, 0xff, 0xf8, 0xa2, 0x60, 0xff,
    0xf8, 0xa2, 0x60, 0xff, 0xf8, 0xa2, 0x60, 0xff, 0xf8, 0xa2, 0x60, 0xff, 0xf8, 0xa2, 0x60, 0xff,
    0xf8, 0xa2, 0x60, 0xff, 0xf8, 0xa2, 0x60, 0xff, 0xf8, 0xa2, 0x60, 0xff, 0xf8, 0xa2, 0x60, 0xff,
    0xf8, 0xa2, 0x60, 0xff, 0xf8, 0xa2, 0x60, 0xff, 0xf8, 0xa2, 0x60, 0xff, 0xf8, 0xa2, 0x60, 0xff,
    0xf8, 0xa2, 0x60, 0xff, 0xf8, 0xa2, 0x60, 0xff, 0xf8, 0xa2, 0x60, 0xff, 0xf8, 0xa2, 0x60, 0xff,
    0xf8, 0xa2, 0x60, 0xff, 0xf8, 0xa2, 0x60, 0xff, 0xf8, 0xa2, 0x60, 0xff, 0xf8, 0xa2, 0x60, 0xff,
    0xf8, 0xa2, 0x60, 0xff, 0xf8, 0xa2, 0x60, 0xff, 0xf8, 0xa2, 0x60, 0xff, 0xf8, 0xa2, 0x60, 0xff,
    0xf8, 0xa2, 0x60, 0xff, 0xf8, 0xa2, 0x60, 0xff, 0xf8, 0xa2, 0x60, 0xff, 0xf8, 0xa2, 0x60, 0xff,
    0xf8, 0xa2, 0x60, 0xff, 0xf8, 0xa2, 0x60, 0xff, 0xf8, 0xa2, 0x60, 0xff, 0xf8, 0xa2, 0x60, 0xff,
    0xf8, 0xa2, 0x60, 0xff, 0xf8, 0xa2, 0x60, 0xff, 0xf8, 0xa2, 0x60, 0xff, 0xf8, 0xa2, 0x60, 0xff,
    0xf8, 0xa2, 0x60, 0xff, 0xf8, 0xa2, 0x60, 0xff, 0xf8, 0xa2, 0x60, 0xff, 0xf8, 0xa2, 0x60, 0xff,
    0xf8, 0xa2, 0x60, 0xff, 0xf8, 0xa2, 0x60, 0xff, 0xf8, 0xa2, 0x60, 0xff, 0xf8, 0xa2, 0x60, 0xff,
    0xf8, 0xa2, 0x60, 0xff, 0xf8, 0xa2, 0x60, 0xff, 0xf8, 0xa2, 0x60, 0xff, 0xf8, 0xa2, 0x60, 0xff,
    0xf8, 0xa2, 0x61, 0xff, 0xf8, 0xa1, 0x5f, 0xff, 0xf8, 0xa2, 0x5f, 0xff, 0xfa, 0xb9, 0x89, 0xff,
    0xff, 0xfd, 0xfb, 0xff, 0xff, 0xff, 0xff, 0xff, 0xff, 0xfe, 0xfe, 0xff, 0xff, 0xff, 0xff, 0xff,
    0xff, 0xff, 0xff, 0xff, 0xff, 0xff, 0xff, 0xff, 0xff, 0xff, 0xff, 0xff, 0xff, 0xff, 0xff, 0xff,
    0xff, 0xff, 0xff, 0xff, 0xff, 0xff, 0xff, 0xff, 0xff, 0xff, 0xff, 0xff, 0xff, 0xfc, 0xfb, 0xff,
    0xff, 0xff, 0xff, 0xff, 0xfc, 0xdb, 0xc2, 0xff, 0xf8, 0xa5, 0x64, 0xff, 0xf8, 0xa2, 0x61, 0xff,
    0xf8, 0xa2, 0x60, 0xff, 0xf8, 0xa2, 0x60, 0xff, 0xf8, 0xa2, 0x60, 0xff, 0xf8, 0xa2, 0x60, 0xff,
    0xf8, 0xa2, 0x60, 0xff, 0xf8, 0xa2, 0x60, 0xff, 0xf8, 0xa2, 0x60, 0xff, 0xf8, 0xa2, 0x60, 0xff,
    0xf8, 0xa2, 0x60, 0xff, 0xf8, 0xa2, 0x60, 0xff, 0xf8, 0xa2, 0x60, 0xff, 0xf8, 0xa2, 0x60, 0xff,
    0xf8, 0xa2, 0x60, 0xff, 0xf8, 0xa2, 0x60, 0xff, 0xf8, 0xa2, 0x60, 0xff, 0xf8, 0xa2, 0x60, 0xff,
    0xf8, 0xa2, 0x60, 0xff, 0xf8, 0xa2, 0x60, 0xff, 0xf8, 0xa2, 0x60, 0xff, 0xf8, 0xa1, 0x5f, 0xff,
    0xf8, 0xa1, 0x5d, 0xff, 0xfc, 0xd8, 0xbc, 0xff, 0xff, 0xfd, 0xfb, 0xff, 0xff, 0xff, 0xff, 0xff,
    0xff, 0xfe, 0xfe, 0xff, 0xff, 0xff, 0xff, 0xff, 0xff, 0xff, 0xff, 0xff, 0xff, 0xff, 0xff, 0xff,
    0xff, 0xff, 0xff, 0xff, 0xff, 0xff, 0xff, 0xff, 0xff, 0xff, 0xff, 0xff, 0xff, 0xff, 0xff, 0xff,
    0xff, 0xfe, 0xfe, 0xff, 0xff, 0xff, 0xff, 0xff, 0xff, 0xfc, 0xfa, 0xff, 0xfc, 0xd2, 0xb3, 0xff,
    0xf8, 0x9d, 0x57, 0xff, 0xf8, 0xa3, 0x61, 0xff, 0xf8, 0xa2, 0x60, 0xff, 0xf8, 0xa2, 0x60, 0xff,
    0xf8, 0xa2, 0x60, 0xff, 0xf8, 0xa2, 0x60, 0xff, 0xf8, 0xa2, 0x60, 0xff, 0xf8, 0xa2, 0x60, 0xff,
    0xf8, 0xa2, 0x60, 0xff, 0xf8, 0xa2, 0x60, 0xff, 0xf8, 0xa2, 0x60, 0xff, 0xf8, 0xa2, 0x60, 0xff,
    0xf8, 0xa2, 0x60, 0xff, 0xf8, 0xa2, 0x60, 0xff, 0xf8, 0xa2, 0x60, 0xff, 0xf8, 0xa2, 0x60, 0xff,
    0xf8, 0xa2, 0x60, 0xff, 0xf8, 0xa2, 0x60, 0xff, 0xf8, 0xa2, 0x60, 0xff, 0xf8, 0xa2, 0x60, 0xff,
    0xf8, 0xa2, 0x60, 0xff, 0xf8, 0xa2, 0x60, 0xff, 0xf8, 0xa2, 0x60, 0xff, 0xf8, 0xa2, 0x60, 0xff,
    0xf8, 0xa2, 0x60, 0xff, 0xf8, 0xa2, 0x60, 0xff, 0xf8, 0xa2, 0x60, 0xff, 0xf8, 0xa2, 0x60, 0xff,
    0xf8, 0xa2, 0x60, 0xff, 0xf8, 0xa2, 0x60, 0xff, 0xf8, 0xa2, 0x60, 0xff, 0xf8, 0xa2, 0x60, 0xff,
    0xf8, 0xa2, 0x60, 0xff, 0xf8, 0xa2, 0x60, 0xff, 0xf8, 0xa2, 0x60, 0xff, 0xf8, 0xa2, 0x60, 0xff,
    0xf8, 0xa2, 0x60, 0xff, 0xf8, 0xa2, 0x60, 0xff, 0xf8, 0xa2, 0x60, 0xff, 0xf8, 0xa2, 0x60, 0xff,
    0xf8, 0xa2, 0x60, 0xff, 0xf8, 0xa2, 0x60, 0xff, 0xf8, 0xa2, 0x60, 0xff, 0xf8, 0xa2, 0x60, 0xff,
    0xf8, 0xa2, 0x60, 0xff, 0xf8, 0xa2, 0x60, 0xff, 0xf8, 0xa2, 0x60, 0xff, 0xf8, 0xa2, 0x60, 0xff,
    0xf8, 0xa2, 0x60, 0xff, 0xf8, 0xa2, 0x60, 0xff, 0xf8, 0xa2, 0x60, 0xff, 0xf8, 0xa2, 0x60, 0xff,
    0xf8, 0xa2, 0x60, 0xff, 0xf8, 0xa2, 0x60, 0xff, 0xf8, 0xa2, 0x60, 0xff, 0xf8, 0xa2, 0x60, 0xff,
    0xf8, 0xa2, 0x60, 0xff, 0xf8, 0xa2, 0x60, 0xff, 0xf8, 0xa2, 0x60, 0xff, 0xf8, 0xa2, 0x60, 0xff,
    0xf8, 0xa2, 0x60, 0xff, 0xf8, 0xa2, 0x60, 0xff, 0xf8, 0xa2, 0x60, 0xff, 0xf8, 0xa2, 0x60, 0xff,
    0xf8, 0xa2, 0x60, 0xff, 0xf8, 0xa2, 0x60, 0xff, 0xf8, 0xa2, 0x60, 0xff, 0xf8, 0xa2, 0x60, 0xff,
    0xf8, 0xa2, 0x60, 0xff, 0xf8, 0xa2, 0x60, 0xff, 0xf8, 0xa2, 0x61, 0xff, 0xf8, 0xa1, 0x5e, 0xff,
    0xf8, 0xa2, 0x60, 0xff, 0xfa, 0xbd, 0x90, 0xff, 0xff, 0xfd, 0xfb, 0xff, 0xff, 0xff, 0xff, 0xff,
    0xff, 0xfe, 0xfe, 0xff, 0xff, 0xff, 0xff, 0xff, 0xff, 0xff, 0xff, 0xff, 0xff, 0xff, 0xff, 0xff,
    0xff, 0xff, 0xff, 0xff, 0xff, 0xff, 0xff, 0xff, 0xff, 0xff, 0xff, 0xff, 0xff, 0xff, 0xff, 0xff,
    0xff, 0xff, 0xff, 0xff, 0xff, 0xfc, 0xfa, 0xff, 0xff, 0xff, 0xff, 0xff, 0xfc, 0xd4, 0xb5, 0xff,
    0xf7, 0x9b, 0x53, 0xff, 0xf8, 0xa4, 0x64, 0xff, 0xf8, 0xa2, 0x60, 0xff, 0xf8, 0xa2, 0x60, 0xff,
    0xf8, 0xa2, 0x60, 0xff, 0xf8, 0xa2, 0x60, 0xff, 0xf8, 0xa2, 0x60, 0xff, 0xf8, 0xa2, 0x60, 0xff,
    0xf8, 0xa2, 0x60, 0xff, 0xf8, 0xa2, 0x60, 0xff, 0xf8, 0xa2, 0x60, 0xff, 0xf8, 0xa2, 0x60, 0xff,
    0xf8, 0xa2, 0x60, 0xff, 0xf8, 0xa2, 0x60, 0xff, 0xf8, 0xa2, 0x60, 0xff, 0xf8, 0xa2, 0x60, 0xff,
    0xf8, 0xa2, 0x60, 0xff, 0xf8, 0xa2, 0x60, 0xff, 0xf8, 0xa2, 0x60, 0xff, 0xf8, 0xa2, 0x60, 0xff,
    0xf8, 0xa2, 0x60, 0xff, 0xf8, 0xa1, 0x5f, 0xff, 0xf8, 0xa1, 0x5e, 0xff, 0xfb, 0xcc, 0xa7, 0xff,
    0xff, 0xf9, 0xf4, 0xff, 0xff, 0xff, 0xff, 0xff, 0xff, 0xfe, 0xfe, 0xff, 0xff, 0xff, 0xff, 0xff,
    0xff, 0xff, 0xff, 0xff, 0xff, 0xff, 0xff, 0xff, 0xff, 0xff, 0xff, 0xff, 0xff, 0xff, 0xff, 0xff,
    0xff, 0xff, 0xff, 0xff, 0xff, 0xff, 0xff, 0xff, 0xff, 0xfe, 0xfe, 0xff, 0xff, 0xff, 0xff, 0xff,
    0xff, 0xfd, 0xfd, 0xff, 0xfc, 0xd6, 0xb8, 0xff, 0xf8, 0x9d, 0x57, 0xff, 0xf8, 0xa3, 0x61, 0xff,
    0xf8, 0xa2, 0x60, 0xff, 0xf8, 0xa2, 0x60, 0xff, 0xf8, 0xa2, 0x60, 0xff, 0xf8, 0xa2, 0x60, 0xff,
    0xf8, 0xa2, 0x60, 0xff, 0xf8, 0xa2, 0x60, 0xff, 0xf8, 0xa2, 0x60, 0xff, 0xf8, 0xa2, 0x60, 0xff,
    0xf8, 0xa2, 0x60, 0xff, 0xf8, 0xa2, 0x60, 0xff, 0xf8, 0xa2, 0x60, 0xff, 0xf8, 0xa2, 0x60, 0xff,
    0xf8, 0xa2, 0x60, 0xff, 0xf8, 0xa2, 0x60, 0xff, 0xf8, 0xa2, 0x60, 0xff, 0xf8, 0xa2, 0x60, 0xff,
    0xf8, 0xa2, 0x60, 0xff, 0xf8, 0xa2, 0x60, 0xff, 0xf8, 0xa2, 0x60, 0xff, 0xf8, 0xa2, 0x60, 0xff,
    0xf8, 0xa2, 0x60, 0xff, 0xf8, 0xa2, 0x60, 0xff, 0xf8, 0xa2, 0x60, 0xff, 0xf8, 0xa2, 0x60, 0xff,
    0xf8, 0xa2, 0x60, 0xff, 0xf8, 0xa2, 0x60, 0xff, 0xf8, 0xa2, 0x60, 0xff, 0xf8, 0xa2, 0x60, 0xff,
    0xf8, 0xa2, 0x60, 0xff, 0xf8, 0xa2, 0x60, 0xff, 0xf8, 0xa2, 0x60, 0xff, 0xf8, 0xa2, 0x60, 0xff,
    0xf8, 0xa2, 0x60, 0xff, 0xf8, 0xa2, 0x60, 0xff, 0xf8, 0xa2, 0x60, 0xff, 0xf8, 0xa2, 0x60, 0xff,
    0xf8, 0xa2, 0x60, 0xff, 0xf8, 0xa2, 0x60, 0xff, 0xf8, 0xa2, 0x60, 0xff, 0xf8, 0xa2, 0x60, 0xff,
    0xf8, 0xa2, 0x60, 0xff, 0xf8, 0xa2, 0x60, 0xff, 0xf8, 0xa2, 0x60, 0xff, 0xf8, 0xa2, 0x60, 0xff,
    0xf8, 0xa2, 0x60, 0xff, 0xf8, 0xa2, 0x60, 0xff, 0xf8, 0xa2, 0x60, 0xff, 0xf8, 0xa2, 0x60, 0xff,
    0xf8, 0xa2, 0x60, 0xff, 0xf8, 0xa2, 0x60, 0xff, 0xf8, 0xa2, 0x60, 0xff, 0xf8, 0xa2, 0x60, 0xff,
    0xf8, 0xa2, 0x60, 0xff, 0xf8, 0xa2, 0x60, 0xff, 0xf8, 0xa2, 0x60, 0xff, 0xf8, 0xa2, 0x60, 0xff,
    0xf8, 0xa2, 0x60, 0xff, 0xf8, 0xa2, 0x60, 0xff, 0xf8, 0xa2, 0x60, 0xff, 0xf8, 0xa2, 0x60, 0xff,
    0xf8, 0xa2, 0x60, 0xff, 0xf8, 0xa2, 0x60, 0xff, 0xf8, 0xa2, 0x60, 0xff, 0xf8, 0xa2, 0x60, 0xff,
    0xf8, 0xa2, 0x60, 0xff, 0xf8, 0xa2, 0x60, 0xff, 0xf8, 0xa2, 0x60, 0xff, 0xf8, 0xa2, 0x60, 0xff,
    0xf8, 0xa2, 0x61, 0xff, 0xf8, 0xa1, 0x5e, 0xff, 0xf8, 0xa2, 0x60, 0xff, 0xfa, 0xbb, 0x8d, 0xff,
    0xff, 0xfd, 0xfb, 0xff, 0xff, 0xff, 0xff, 0xff, 0xff, 0xfe, 0xfe, 0xff, 0xff, 0xff, 0xff, 0xff,
    0xff, 0xff, 0xff, 0xff, 0xff, 0xff, 0xff, 0xff, 0xff, 0xff, 0xff, 0xff, 0xff, 0xff, 0xff, 0xff,
    0xff, 0xff, 0xff, 0xff, 0xff, 0xff, 0xff, 0xff, 0xff, 0xff, 0xff, 0xff, 0xff, 0xfc, 0xfa, 0xff,
    0xff, 0xff, 0xff, 0xff, 0xfc, 0xcf, 0xad, 0xff, 0xf7, 0x95, 0x4a, 0xff, 0xf8, 0xa5, 0x66, 0xff,
    0xf8, 0xa2, 0x60, 0xff, 0xf8, 0xa2, 0x60, 0xff, 0xf8, 0xa2, 0x60, 0xff, 0xf8, 0xa2, 0x60, 0xff,
    0xf8, 0xa2, 0x60, 0xff, 0xf8, 0xa2, 0x60, 0xff, 0xf8, 0xa2, 0x60, 0xff, 0xf8, 0xa2, 0x60, 0xff,
    0xf8, 0xa2, 0x60, 0xff, 0xf8, 0xa2, 0x60, 0xff, 0xf8, 0xa2, 0x60, 0xff, 0xf8, 0xa2, 0x60, 0xff,
    0xf8, 0xa2, 0x60, 0xff, 0xf8, 0xa2, 0x60, 0xff, 0xf8, 0xa2, 0x60, 0xff, 0xf8, 0xa2, 0x60, 0xff,
    0xf8, 0xa2, 0x60, 0xff, 0xf8, 0xa2, 0x60, 0xff, 0xf8, 0xa2, 0x60, 0xff, 0xf8, 0xa1, 0x5f, 0xff,
    0xf8, 0xa1, 0x5e, 0xff, 0xfb, 0xc4, 0x9b, 0xff, 0xff, 0xf6, 0xef, 0xff, 0xff, 0xff, 0xff, 0xff,
    0xff, 0xfe, 0xfd, 0xff, 0xff, 0xff, 0xff, 0xff, 0xff, 0xff, 0xff, 0xff, 0xff, 0xff, 0xff, 0xff,
    0xff, 0xff, 0xff, 0xff, 0xff, 0xff, 0xff, 0xff, 0xff, 0xff, 0xff, 0xff, 0xff, 0xff, 0xff, 0xff,
    0xff, 0xfe, 0xfe, 0xff, 0xff, 0xff, 0xff, 0xff, 0xff, 0xfd, 0xfb, 0xff, 0xfc, 0xd4, 0xb6, 0xff,
    0xf8, 0x9d, 0x57, 0xff, 0xf8, 0xa3, 0x61, 0xff, 0xf8, 0xa2, 0x60, 0xff, 0xf8, 0xa2, 0x60, 0xff,
    0xf8, 0xa2, 0x60, 0xff, 0xf8, 0xa2, 0x60, 0xff, 0xf8, 0xa2, 0x60, 0xff, 0xf8, 0xa2, 0x60, 0xff,
    0xf8, 0xa2, 0x60, 0xff, 0xf8, 0xa2, 0x60, 0xff, 0xf8, 0xa2, 0x60, 0xff, 0xf8, 0xa2, 0x60, 0xff,
    0xf8, 0xa2, 0x60, 0xff, 0xf8, 0xa2, 0x60, 0xff, 0xf8, 0xa2, 0x60, 0xff, 0xf8, 0xa2, 0x60, 0xff,
    0xf8, 0xa2, 0x60, 0xff, 0xf8, 0xa2, 0x60, 0xff, 0xf8, 0xa2, 0x60, 0xff, 0xf8, 0xa2, 0x60, 0xff,
    0xf8, 0xa2, 0x60, 0xff, 0xf8, 0xa2, 0x60, 0xff, 0xf8, 0xa2, 0x60, 0xff, 0xf8, 0xa2, 0x60, 0xff,
    0xf8, 0xa2, 0x60, 0xff, 0xf8, 0xa2, 0x60, 0xff, 0xf8, 0xa2, 0x60, 0xff, 0xf8, 0xa2, 0x60, 0xff,
    0xf8, 0xa2, 0x60, 0xff, 0xf8, 0xa2, 0x60, 0xff, 0xf8, 0xa2, 0x60, 0xff, 0xf8, 0xa2, 0x60, 0xff,
    0xf8, 0xa2, 0x60, 0xff, 0xf8, 0xa2, 0x60, 0xff, 0xf8, 0xa2, 0x60, 0xff, 0xf8, 0xa2, 0x60, 0xff,
    0xf8, 0xa2, 0x60, 0xff, 0xf8, 0xa2, 0x60, 0xff, 0xf8, 0xa2, 0x60, 0xff, 0xf8, 0xa2, 0x60, 0xff,
    0xf8, 0xa2, 0x60, 0xff, 0xf8, 0xa2, 0x60, 0xff, 0xf8, 0xa2, 0x60, 0xff, 0xf8, 0xa2, 0x60, 0xff,
    0xf8, 0xa2, 0x60, 0xff, 0xf8, 0xa2, 0x60, 0xff, 0xf8, 0xa2, 0x60, 0xff, 0xf8, 0xa2, 0x60, 0xff,
    0xf8, 0xa2, 0x60, 0xff, 0xf8, 0xa2, 0x60, 0xff, 0xf8, 0xa2, 0x60, 0xff, 0xf8, 0xa2, 0x60, 0xff,
    0xf8, 0xa2, 0x60, 0xff, 0xf8, 0xa2, 0x60, 0xff, 0xf8, 0xa2, 0x60, 0xff, 0xf8, 0xa2, 0x60, 0xff,
    0xf8, 0xa2, 0x60, 0xff, 0xf8, 0xa2, 0x60, 0xff, 0xf8, 0xa2, 0x60, 0xff, 0xf8, 0xa2, 0x60, 0xff,
    0xf8, 0xa2, 0x60, 0xff, 0xf8, 0xa2, 0x60, 0xff, 0xf8, 0xa2, 0x60, 0xff, 0xf8, 0xa2, 0x60, 0xff,
    0xf8, 0xa2, 0x60, 0xff, 0xf8, 0xa2, 0x60, 0xff, 0xf8, 0xa2, 0x60, 0xff, 0xf8, 0xa2, 0x60, 0xff,
    0xf8, 0xa2, 0x60, 0xff, 0xf8, 0xa2, 0x60, 0xff, 0xf8, 0xa2, 0x61, 0xff, 0xf8, 0xa1, 0x5e, 0xff,
    0xf8, 0xa2, 0x60, 0xff, 0xfa, 0xbe, 0x91, 0xff, 0xff, 0xfd, 0xfb, 0xff, 0xff, 0xff, 0xff, 0xff,
    0xff, 0xfe, 0xfe, 0xff, 0xff, 0xff, 0xff, 0xff, 0xff, 0xff, 0xff, 0xff, 0xff, 0xff, 0xff, 0xff,
    0xff, 0xff, 0xff, 0xff, 0xff, 0xff, 0xff, 0xff, 0xff, 0xff, 0xff, 0xff, 0xff, 0xff, 0xff, 0xff,
    0xff, 0xff, 0xff, 0xff, 0xff, 0xfc, 0xfa, 0xff, 0xff, 0xff, 0xff, 0xff, 0xfc, 0xd4, 0xb5, 0xff,
    0xf8, 0x9b, 0x53, 0xff, 0xf8, 0xa4, 0x64, 0xff, 0xf8, 0xa2, 0x60, 0xff, 0xf8, 0xa2, 0x60, 0xff,
    0xf8, 0xa2, 0x60, 0xff, 0xf8, 0xa2, 0x60, 0xff, 0xf8, 0xa2, 0x60, 0xff, 0xf8, 0xa2, 0x60, 0xff,
    0xf8, 0xa2, 0x60, 0xff, 0xf8, 0xa2, 0x60, 0xff, 0xf8, 0xa2, 0x60, 0xff, 0xf8, 0xa2, 0x60, 0xff,
    0xf8, 0xa2, 0x60, 0xff, 0xf8, 0xa2, 0x60, 0xff, 0xf8, 0xa2, 0x60, 0xff, 0xf8, 0xa2, 0x60, 0xff,
    0xf8, 0xa2, 0x60, 0xff, 0xf8, 0xa2, 0x60, 0xff, 0xf8, 0xa2, 0x60, 0xff, 0xf8, 0xa2, 0x60, 0xff,
    0xf8, 0xa2, 0x60, 0xff, 0xf8, 0xa1, 0x5f, 0xff, 0xf8, 0xa1, 0x5e, 0xff, 0xfb, 0xcc, 0xa7, 0xff,
    0xff, 0xf9, 0xf4, 0xff, 0xff, 0xff, 0xff, 0xff, 0xff, 0xfe, 0xfd, 0xff, 0xff, 0xff, 0xff, 0xff,
    0xff, 0xff, 0xff, 0xff, 0xff, 0xff, 0xff, 0xff, 0xff, 0xff, 0xff, 0xff, 0xff, 0xff, 0xff, 0xff,
    0xff, 0xff, 0xff, 0xff, 0xff, 0xff, 0xff, 0xff, 0xff, 0xfe, 0xfe, 0xff, 0xff, 0xff, 0xff, 0xff,
    0xff, 0xfe, 0xfd, 0xff, 0xfc, 0xd6, 0xb9, 0xff, 0xf8, 0x9d, 0x57, 0xff, 0xf8, 0xa3, 0x61, 0xff,
    0xf8, 0xa2, 0x60, 0xff, 0xf8, 0xa2, 0x60, 0xff, 0xf8, 0xa2, 0x60, 0xff, 0xf8, 0xa2, 0x60, 0xff,
    0xf8, 0xa2, 0x60, 0xff, 0xf8, 0xa2, 0x60, 0xff, 0xf8, 0xa2, 0x60, 0xff, 0xf8, 0xa2, 0x60, 0xff,
    0xf8, 0xa2, 0x60, 0xff, 0xf8, 0xa2, 0x60, 0xff, 0xf8, 0xa2, 0x60, 0xff, 0xf8, 0xa2, 0x60, 0xff,
    0xf8, 0xa2, 0x60, 0xff, 0xf8, 0xa2, 0x60, 0xff, 0xf8, 0xa2, 0x60, 0xff, 0xf8, 0xa2, 0x60, 0xff,
    0xf8, 0xa2, 0x60, 0xff, 0xf8, 0xa2, 0x60, 0xff, 0xf8, 0xa2, 0x60, 0xff, 0xf8, 0xa2, 0x60, 0xff,
    0xf8, 0xa2, 0x60, 0xff, 0xf8, 0xa2, 0x60, 0xff, 0xf8, 0xa2, 0x60, 0xff, 0xf8, 0xa2, 0x60, 0xff,
    0xf8, 0xa2, 0x60, 0xff, 0xf8, 0xa2, 0x60, 0xff, 0xf8, 0xa2, 0x60, 0xff, 0xf8, 0xa2, 0x60, 0xff,
    0xf8, 0xa2, 0x60, 0xff, 0xf8, 0xa2, 0x60, 0xff, 0xf8, 0xa2, 0x60, 0xff, 0xf8, 0xa2, 0x60, 0xff,
    0xf8, 0xa2, 0x60, 0xff, 0xf8, 0xa2, 0x60, 0xff, 0xf8, 0xa2, 0x60, 0xff, 0xf8, 0xa2, 0x60, 0xff,
    0xf8, 0xa2, 0x60, 0xff, 0xf8, 0xa2, 0x60, 0xff, 0xf8, 0xa2, 0x60, 0xff, 0xf8, 0xa2, 0x60, 0xff,
    0xf8, 0xa2, 0x60, 0xff, 0xf8, 0xa2, 0x60, 0xff, 0xf8, 0xa2, 0x60, 0xff, 0xf8, 0xa2, 0x60, 0xff,
    0xf8, 0xa2, 0x60, 0xff, 0xf8, 0xa2, 0x60, 0xff, 0xf8, 0xa2, 0x60, 0xff, 0xf8, 0xa2, 0x60, 0xff,
    0xf8, 0xa2, 0x60, 0xff, 0xf8, 0xa2, 0x60, 0xff, 0xf8, 0xa2, 0x60, 0xff, 0xf8, 0xa2, 0x60, 0xff,
    0xf8, 0xa2, 0x60, 0xff, 0xf8, 0xa2, 0x60, 0xff, 0xf8, 0xa2, 0x60, 0xff, 0xf8, 0xa2, 0x60, 0xff,
    0xf8, 0xa2, 0x60, 0xff, 0xf8, 0xa2, 0x60, 0xff, 0xf8, 0xa2, 0x60, 0xff, 0xf8, 0xa2, 0x60, 0xff,
    0xf8, 0xa2, 0x60, 0xff, 0xf8, 0xa2, 0x60, 0xff, 0xf8, 0xa2, 0x60, 0xff, 0xf8, 0xa2, 0x60, 0xff,
    0xf8, 0xa2, 0x60, 0xff, 0xf8, 0xa2, 0x60, 0xff, 0xf8, 0xa2, 0x60, 0xff, 0xf8, 0xa2, 0x60, 0xff,
    0xf8, 0xa2, 0x61, 0xff, 0xf8, 0xa1, 0x5e, 0xff, 0xf8, 0xa2, 0x5f, 0xff, 0xfa, 0xb9, 0x89, 0xff,
    0xff, 0xfd, 0xfb, 0xff, 0xff, 0xff, 0xff, 0xff, 0xff, 0xfe, 0xfe, 0xff, 0xff, 0xff, 0xff, 0xff,
    0xff, 0xff, 0xff, 0xff, 0xff, 0xff, 0xff, 0xff, 0xff, 0xff, 0xff, 0xff, 0xff, 0xff, 0xff, 0xff,
    0xff, 0xff, 0xff, 0xff, 0xff, 0xff, 0xff, 0xff, 0xff, 0xff, 0xff, 0xff, 0xff, 0xfd, 0xfb, 0xff,
    0xff, 0xff, 0xff, 0xff, 0xfd, 0xe1, 0xcb, 0xff, 0xf9, 0xaa, 0x6f, 0xff, 0xf8, 0xa2, 0x5e, 0xff,
    0xf8, 0xa3, 0x61, 0xff, 0xf8, 0xa2, 0x60, 0xff, 0xf8, 0xa2, 0x60, 0xff, 0xf8, 0xa2, 0x60, 0xff,
    0xf8, 0xa2, 0x60, 0xff, 0xf8, 0xa2, 0x60, 0xff, 0xf8, 0xa2, 0x60, 0xff, 0xf8, 0xa2, 0x60, 0xff,
    0xf8, 0xa2, 0x60, 0xff, 0xf8, 0xa2, 0x60, 0xff, 0xf8, 0xa2, 0x60, 0xff, 0xf8, 0xa2, 0x60, 0xff,
    0xf8, 0xa2, 0x60, 0xff, 0xf8, 0xa2, 0x60, 0xff, 0xf8, 0xa2, 0x60, 0xff, 0xf8, 0xa2, 0x60, 0xff,
    0xf8, 0xa2, 0x60, 0xff, 0xf8, 0xa2, 0x60, 0xff, 0xf8, 0xa2, 0x60, 0xff, 0xf8, 0xa1, 0x5f, 0xff,
    0xf8, 0x9f, 0x5b, 0xff, 0xfc, 0xe1, 0xcb, 0xff, 0xff, 0xff, 0xff, 0xff, 0xff, 0xff, 0xff, 0xff,
    0xff, 0xfe, 0xfe, 0xff, 0xff, 0xff, 0xff, 0xff, 0xff, 0xff, 0xff, 0xff, 0xff, 0xff, 0xff, 0xff,
    0xff, 0xff, 0xff, 0xff, 0xff, 0xff, 0xff, 0xff, 0xff, 0xff, 0xff, 0xff, 0xff, 0xff, 0xff, 0xff,
    0xff, 0xfe, 0xfe, 0xff, 0xff, 0xff, 0xff, 0xff, 0xff, 0xfc, 0xfa, 0xff, 0xfc, 0xd3, 0xb3, 0xff,
    0xf8, 0x9d, 0x58, 0xff, 0xf8, 0xa3, 0x61, 0xff, 0xf8, 0xa2, 0x60, 0xff, 0xf8, 0xa2, 0x60, 0xff,
    0xf8, 0xa2, 0x60, 0xff, 0xf8, 0xa2, 0x60, 0xff, 0xf8, 0xa2, 0x60, 0xff, 0xf8, 0xa2, 0x60, 0xff,
    0xf8, 0xa2, 0x60, 0xff, 0xf8, 0xa2, 0x60, 0xff, 0xf8, 0xa2, 0x60, 0xff, 0xf8, 0xa2, 0x60, 0xff,
    0xf8, 0xa2, 0x60, 0xff, 0xf8, 0xa2, 0x60, 0xff, 0xf8, 0xa2, 0x60, 0xff, 0xf8, 0xa2, 0x60, 0xff,
    0xf8, 0xa2, 0x60, 0xff, 0xf8, 0xa2, 0x60, 0xff, 0xf8, 0xa2, 0x60, 0xff, 0xf8, 0xa2, 0x60, 0xff,
    0xf8, 0xa2, 0x60, 0xff, 0xf8, 0xa2, 0x60, 0xff, 0xf8, 0xa2, 0x60, 0xff, 0xf8, 0xa2, 0x60, 0xff,
    0xf8, 0xa2, 0x60, 0xff, 0xf8, 0xa2, 0x60, 0xff, 0xf8, 0xa2, 0x60, 0xff, 0xf8, 0xa2, 0x60, 0xff,
    0xf8, 0xa2, 0x60, 0xff, 0xf8, 0xa2, 0x60, 0xff, 0xf8, 0xa2, 0x60, 0xff, 0xf8, 0xa2, 0x60, 0xff,
    0xf8, 0xa2, 0x60, 0xff, 0xf8, 0xa2, 0x60, 0xff, 0xf8, 0xa2, 0x60, 0xff, 0xf8, 0xa2, 0x60, 0xff,
    0xf8, 0xa2, 0x60, 0xff, 0xf8, 0xa2, 0x60, 0xff, 0xf8, 0xa2, 0x60, 0xff, 0xf8, 0xa2, 0x60, 0xff,
    0xf8, 0xa2, 0x60, 0xff, 0xf8, 0xa2, 0x60, 0xff, 0xf8, 0xa2, 0x60, 0xff, 0xf8, 0xa2, 0x60, 0xff,
    0xf8, 0xa2, 0x60, 0xff, 0xf8, 0xa2, 0x60, 0xff, 0xf8, 0xa2, 0x60, 0xff, 0xf8, 0xa2, 0x60, 0xff,
    0xf8, 0xa2, 0x60, 0xff, 0xf8, 0xa2, 0x60, 0xff, 0xf8, 0xa2, 0x60, 0xff, 0xf8, 0xa2, 0x60, 0xff,
    0xf8, 0xa2, 0x60, 0xff, 0xf8, 0xa2, 0x60, 0xff, 0xf8, 0xa2, 0x60, 0xff, 0xf8, 0xa2, 0x60, 0xff,
    0xf8, 0xa2, 0x60, 0xff, 0xf8, 0xa2, 0x60, 0xff, 0xf8, 0xa2, 0x60, 0xff, 0xf8, 0xa2, 0x60, 0xff,
    0xf8, 0xa2, 0x60, 0xff, 0xf8, 0xa2, 0x60, 0xff, 0xf8, 0xa2, 0x60, 0xff, 0xf8, 0xa2, 0x60, 0xff,
    0xf8, 0xa2, 0x60, 0xff, 0xf8, 0xa2, 0x60, 0xff, 0xf8, 0xa2, 0x60, 0xff, 0xf8, 0xa2, 0x60, 0xff,
    0xf8, 0xa2, 0x60, 0xff, 0xf8, 0xa2, 0x60, 0xff, 0xf8, 0xa2, 0x60, 0xff, 0xf8, 0xa3, 0x61, 0xff,
    0xf8, 0x9e, 0x5a, 0xff, 0xf8, 0xa4, 0x64, 0xff, 0xff, 0xfc, 0xf9, 0xff, 0xff, 0xff, 0xff, 0xff,
    0xff, 0xfe, 0xfe, 0xff, 0xff, 0xff, 0xff, 0xff, 0xff, 0xff, 0xff, 0xff, 0xff, 0xff, 0xff, 0xff,
    0xff, 0xff, 0xff, 0xff, 0xff, 0xff, 0xff, 0xff, 0xff, 0xff, 0xff, 0xff, 0xff, 0xff, 0xff, 0xff,
    0xff, 0xff, 0xff, 0xff, 0xff, 0xfd, 0xfc, 0xff, 0xff, 0xff, 0xff, 0xff, 0xfd, 0xeb, 0xdb, 0xff,
    0xf9, 0xb7, 0x83, 0xff, 0xf8, 0x9f, 0x5a, 0xff, 0xf8, 0xa3, 0x62, 0xff, 0xf8, 0xa2, 0x60, 0xff,
    0xf8, 0xa2, 0x60, 0xff, 0xf8, 0xa2, 0x60, 0xff, 0xf8, 0xa2, 0x60, 0xff, 0xf8, 0xa2, 0x60, 0xff,
    0xf8, 0xa2, 0x60, 0xff, 0xf8, 0xa2, 0x60, 0xff, 0xf8, 0xa2, 0x60, 0xff, 0xf8, 0xa2, 0x60, 0xff,
    0xf8, 0xa2, 0x60, 0xff, 0xf8, 0xa2, 0x60, 0xff, 0xf8, 0xa2, 0x60, 0xff, 0xf8, 0xa2, 0x60, 0xff,
    0xf8, 0xa2, 0x60, 0xff, 0xf8, 0xa2, 0x60, 0xff, 0xf8, 0xa2, 0x60, 0xff, 0xf8, 0xa2, 0x60, 0xff,
    0xf8, 0xa2, 0x60, 0xff, 0xf8, 0xa1, 0x5e, 0xff, 0xf8, 0x9f, 0x5b, 0xff, 0xfe, 0xef, 0xe3, 0xff,
    0xff, 0xff, 0xff, 0xff, 0xff, 0xfe, 0xfd, 0xff, 0xff, 0xff, 0xff, 0xff, 0xff, 0xff, 0xff, 0xff,
    0xff, 0xff, 0xff, 0xff, 0xff, 0xff, 0xff, 0xff, 0xff, 0xff, 0xff, 0xff, 0xff, 0xff, 0xff, 0xff,
    0xff, 0xff, 0xff, 0xff, 0xff, 0xff, 0xff, 0xff, 0xff, 0xfe, 0xfd, 0xff, 0xff, 0xff, 0xff, 0xff,
    0xfe, 0xf3, 0xe9, 0xff, 0xfb, 0xc0, 0x92, 0xff, 0xf8, 0x9f, 0x5c, 0xff, 0xf8, 0xa2, 0x61, 0xff,
    0xf8, 0xa2, 0x60, 0xff, 0xf8, 0xa2, 0x60, 0xff, 0xf8, 0xa2, 0x60, 0xff, 0xf8, 0xa2, 0x60, 0xff,
    0xf8, 0xa2, 0x60, 0xff, 0xf8, 0xa2, 0x60, 0xff, 0xf8, 0xa2, 0x60, 0xff, 0xf8, 0xa2, 0x60, 0xff,
    0xf8, 0xa2, 0x60, 0xff, 0xf8, 0xa2, 0x60, 0xff, 0xf8, 0xa2, 0x60, 0xff, 0xf8, 0xa2, 0x60, 0xff,
    0xf8, 0xa2, 0x60, 0xff, 0xf8, 0xa2, 0x60, 0xff, 0xf8, 0xa2, 0x60, 0xff, 0xf8, 0xa2, 0x60, 0xff,
    0xf8, 0xa2, 0x60, 0xff, 0xf8, 0xa2, 0x60, 0xff, 0xf8, 0xa2, 0x60, 0xff, 0xf8, 0xa2, 0x60, 0xff,
    0xf8, 0xa2, 0x60, 0xff, 0xf8, 0xa2, 0x60, 0xff, 0xf8, 0xa2, 0x60, 0xff, 0xf8, 0xa2, 0x60, 0xff,
    0xf8, 0xa2, 0x60, 0xff, 0xf8, 0xa2, 0x60, 0xff, 0xf8, 0xa2, 0x60, 0xff, 0xf8, 0xa2, 0x60, 0xff,
    0xf8, 0xa2, 0x60, 0xff, 0xf8, 0xa2, 0x60, 0xff, 0xf8, 0xa2, 0x60, 0xff, 0xf8, 0xa2, 0x60, 0xff,
    0xf8, 0xa2, 0x60, 0xff, 0xf8, 0xa2, 0x60, 0xff, 0xf8, 0xa2, 0x60, 0xff, 0xf8, 0xa2, 0x60, 0xff,
    0xf8, 0xa2, 0x60, 0xff, 0xf8, 0xa2, 0x60, 0xff, 0xf8, 0xa2, 0x60, 0xff, 0xf8, 0xa2, 0x60, 0xff,
    0xf8, 0xa2, 0x60, 0xff, 0xf8, 0xa2, 0x60, 0xff, 0xf8, 0xa2, 0x60, 0xff, 0xf8, 0xa2, 0x60, 0xff,
    0xf8, 0xa2, 0x60, 0xff, 0xf8, 0xa2, 0x60, 0xff, 0xf8, 0xa2, 0x60, 0xff, 0xf8, 0xa2, 0x60, 0xff,
    0xf8, 0xa2, 0x60, 0xff, 0xf8, 0xa2, 0x60, 0xff, 0xf8, 0xa2, 0x60, 0xff, 0xf8, 0xa2, 0x60, 0xff,
    0xf8, 0xa2, 0x60, 0xff, 0xf8, 0xa2, 0x60, 0xff, 0xf8, 0xa2, 0x60, 0xff, 0xf8, 0xa2, 0x60, 0xff,
    0xf8, 0xa2, 0x60, 0xff, 0xf8, 0xa2, 0x60, 0xff, 0xf8, 0xa2, 0x60, 0xff, 0xf8, 0xa2, 0x60, 0xff,
    0xf8, 0xa2, 0x60, 0xff, 0xf8, 0xa2, 0x60, 0xff, 0xf8, 0xa2, 0x60, 0xff, 0xf8, 0xa2, 0x60, 0xff,
    0xf8, 0xa2, 0x60, 0xff, 0xf8, 0xa2, 0x60, 0xff, 0xf8, 0xa2, 0x60, 0xff, 0xf8, 0xa2, 0x60, 0xff,
    0xf8, 0xa2, 0x60, 0xff, 0xf8, 0xa3, 0x62, 0xff, 0xf8, 0x9e, 0x5b, 0xff, 0xf8, 0xa4, 0x64, 0xff,
    0xff, 0xfc, 0xf9, 0xff, 0xff, 0xff, 0xff, 0xff, 0xff, 0xfe, 0xfe, 0xff, 0xff, 0xff, 0xff, 0xff,
    0xff, 0xff, 0xff, 0xff, 0xff, 0xff, 0xff, 0xff, 0xff, 0xff, 0xff, 0xff, 0xff, 0xff, 0xff, 0xff,
    0xff, 0xff, 0xff, 0xff, 0xff, 0xff, 0xff, 0xff, 0xff, 0xff, 0xff, 0xff, 0xff, 0xfe, 0xfe, 0xff,
    0xff, 0xff, 0xff, 0xff, 0xff, 0xfa, 0xf8, 0xff, 0xfb, 0xcb, 0xa6, 0xff, 0xf8, 0x9b, 0x54, 0xff,
    0xf8, 0xa4, 0x63, 0xff, 0xf8, 0xa2, 0x60, 0xff, 0xf8, 0xa2, 0x60, 0xff, 0xf8, 0xa2, 0x60, 0xff,
    0xf8, 0xa2, 0x60, 0xff, 0xf8, 0xa2, 0x60, 0xff, 0xf8, 0xa2, 0x60, 0xff, 0xf8, 0xa2, 0x60, 0xff,
    0xf8, 0xa2, 0x60, 0xff, 0xf8, 0xa2, 0x60, 0xff, 0xf8, 0xa2, 0x60, 0xff, 0xf8, 0xa2, 0x60, 0xff,
    0xf8, 0xa2, 0x60, 0xff, 0xf8, 0xa2, 0x60, 0xff, 0xf8, 0xa2, 0x60, 0xff, 0xf8, 0xa2, 0x60, 0xff,
    0xf8, 0xa2, 0x60, 0xff, 0xf8, 0xa2, 0x60, 0xff, 0xf8, 0xa1, 0x5f, 0xff, 0xf8, 0xa2, 0x60, 0xff,
    0xfa, 0xb4, 0x7f, 0xff, 0xfe, 0xf7, 0xf0, 0xff, 0xff, 0xff, 0xff, 0xff, 0xff, 0xfe, 0xfd, 0xff,
    0xff, 0xff, 0xff, 0xff, 0xff, 0xff, 0xff, 0xff, 0xff, 0xff, 0xff, 0xff, 0xff, 0xff, 0xff, 0xff,
    0xff, 0xff, 0xff, 0xff, 0xff, 0xff, 0xff, 0xff, 0xff, 0xff, 0xff, 0xff, 0xff, 0xff, 0xff, 0xff,
    0xff, 0xfe, 0xfd, 0xff, 0xff, 0xff, 0xff, 0xff, 0xfe, 0xf2, 0xe9, 0xff, 0xfb, 0xc0, 0x92, 0xff,
    0xf8, 0x9f, 0x5d, 0xff, 0xf8, 0xa2, 0x62, 0xff, 0xf8, 0xa2, 0x60, 0xff, 0xf8, 0xa2, 0x60, 0xff,
    0xf8, 0xa2, 0x60, 0xff, 0xf8, 0xa2, 0x60, 0xff, 0xf8, 0xa2, 0x60, 0xff, 0xf8, 0xa2, 0x60, 0xff,
    0xf8, 0xa2, 0x60, 0xff, 0xf8, 0xa2, 0x60, 0xff, 0xf8, 0xa2, 0x60, 0xff, 0xf8, 0xa2, 0x60, 0xff,
    0xf8, 0xa2, 0x60, 0xff, 0xf8, 0xa2, 0x60, 0xff, 0xf8, 0xa2, 0x60, 0xff, 0xf8, 0xa2, 0x60, 0xff,
    0xf8, 0xa2, 0x60, 0xff, 0xf8, 0xa2, 0x60, 0xff, 0xf8, 0xa2, 0x60, 0xff, 0xf8, 0xa2, 0x60, 0xff,
    0xf8, 0xa2, 0x60, 0xff, 0xf8, 0xa2, 0x60, 0xff, 0xf8, 0xa2, 0x60, 0xff, 0xf8, 0xa2, 0x60, 0xff,
    0xf8, 0xa2, 0x60, 0xff, 0xf8, 0xa2, 0x60, 0xff, 0xf8, 0xa2, 0x60, 0xff, 0xf8, 0xa2, 0x60, 0xff,
    0xf8, 0xa2, 0x60, 0xff, 0xf8, 0xa2, 0x60, 0xff, 0xf8, 0xa2, 0x60, 0xff, 0xf8, 0xa2, 0x60, 0xff,
    0xf8, 0xa2, 0x60, 0xff, 0xf8, 0xa2, 0x60, 0xff, 0xf8, 0xa2, 0x60, 0xff, 0xf8, 0xa2, 0x60, 0xff,
    0xf8, 0xa2, 0x60, 0xff, 0xf8, 0xa2, 0x60, 0xff, 0xf8, 0xa2, 0x60, 0xff, 0xf8, 0xa2, 0x60, 0xff,
    0xf8, 0xa2, 0x60, 0xff, 0xf8, 0xa2, 0x60, 0xff, 0xf8, 0xa2, 0x60, 0xff, 0xf8, 0xa2, 0x60, 0xff,
    0xf8, 0xa2, 0x60, 0xff, 0xf8, 0xa2, 0x60, 0xff, 0xf8, 0xa2, 0x60, 0xff, 0xf8, 0xa2, 0x60, 0xff,
    0xf8, 0xa2, 0x60, 0xff, 0xf8, 0xa2, 0x60, 0xff, 0xf8, 0xa2, 0x60, 0xff, 0xf8, 0xa2, 0x60, 0xff,
    0xf8, 0xa2, 0x60, 0xff, 0xf8, 0xa2, 0x60, 0xff, 0xf8, 0xa2, 0x60, 0xff, 0xf8, 0xa2, 0x60, 0xff,
    0xf8, 0xa2, 0x60, 0xff, 0xf8, 0xa2, 0x60, 0xff, 0xf8, 0xa2, 0x60, 0xff, 0xf8, 0xa2, 0x60, 0xff,
    0xf8, 0xa2, 0x60, 0xff, 0xf8, 0xa2, 0x60, 0xff, 0xf8, 0xa2, 0x60, 0xff, 0xf8, 0xa2, 0x60, 0xff,
    0xf8, 0xa2, 0x60, 0xff, 0xf8, 0xa2, 0x60, 0xff, 0xf8, 0xa2, 0x60, 0xff, 0xf8, 0xa2, 0x60, 0xff,
    0xf8, 0xa2, 0x60, 0xff, 0xf8, 0xa2, 0x60, 0xff, 0xf8, 0xa4, 0x64, 0xff, 0xf8, 0x9f, 0x5c, 0xff,
    0xf8, 0x9f, 0x5c, 0xff, 0xfb, 0xcb, 0xa6, 0xff, 0xff, 0xfe, 0xfc, 0xff, 0xff, 0xff, 0xff, 0xff,
    0xff, 0xff, 0xfe, 0xff, 0xff, 0xff, 0xff, 0xff, 0xff, 0xff, 0xff, 0xff, 0xff, 0xff, 0xff, 0xff,
    0xff, 0xff, 0xff, 0xff, 0xff, 0xff, 0xff, 0xff, 0xff, 0xff, 0xff, 0xff, 0xff, 0xff, 0xff, 0xff,
    0xff, 0xff, 0xff, 0xff, 0xff, 0xff, 0xff, 0xff, 0xff, 0xfd, 0xfb, 0xff, 0xff, 0xff, 0xff, 0xff,
    0xfd, 0xe4, 0xcf, 0xff, 0xf9, 0xa7, 0x6a, 0xff, 0xf8, 0xa4, 0x63, 0xff, 0xf8, 0xa2, 0x60, 0xff,
    0xf8, 0xa2, 0x60, 0xff, 0xf8, 0xa2, 0x60, 0xff, 0xf8, 0xa2, 0x60, 0xff, 0xf8, 0xa2, 0x60, 0xff,
    0xf8, 0xa2, 0x60, 0xff, 0xf8, 0xa2, 0x60, 0xff, 0xf8, 0xa2, 0x60, 0xff, 0xf8, 0xa2, 0x60, 0xff,
    0xf8, 0xa2, 0x60, 0xff, 0xf8, 0xa2, 0x60, 0xff, 0xf8, 0xa2, 0x60, 0xff, 0xf8, 0xa2, 0x60, 0xff,
    0xf8, 0xa2, 0x60, 0xff, 0xf8, 0xa2, 0x60, 0xff, 0xf8, 0xa2, 0x60, 0xff, 0xf8, 0xa3, 0x61, 0xff,
    0xf8, 0x9f, 0x5c, 0xff, 0xf8, 0xa3, 0x63, 0xff, 0xfd, 0xde, 0xc6, 0xff, 0xff, 0xfe, 0xfe, 0xff,
    0xff, 0xff, 0xff, 0xff, 0xff, 0xff, 0xfe, 0xff, 0xff, 0xff, 0xff, 0xff, 0xff, 0xff, 0xff, 0xff,
    0xff, 0xff, 0xff, 0xff, 0xff, 0xff, 0xff, 0xff, 0xff, 0xff, 0xff, 0xff, 0xff, 0xff, 0xff, 0xff,
    0xff, 0xff, 0xff, 0xff, 0xff, 0xff, 0xff, 0xff, 0xff, 0xff, 0xfe, 0xff, 0xff, 0xff, 0xfe, 0xff,
    0xff, 0xfe, 0xfc, 0xff, 0xfd, 0xde, 0xc7, 0xff, 0xf7, 0xa5, 0x65, 0xff, 0xf8, 0xa0, 0x5d, 0xff,
    0xf8, 0xa4, 0x63, 0xff, 0xf8, 0xa2, 0x61, 0xff, 0xf8, 0xa2, 0x60, 0xff, 0xf8, 0xa2, 0x60, 0xff,
    0xf8, 0xa2, 0x60, 0xff, 0xf8, 0xa2, 0x60, 0xff, 0xf8, 0xa2, 0x60, 0xff, 0xf8, 0xa2, 0x60, 0xff,
    0xf8, 0xa2, 0x60, 0xff, 0xf8, 0xa2, 0x60, 0xff, 0xf8, 0xa2, 0x60, 0xff, 0xf8, 0xa2, 0x60, 0xff,
    0xf8, 0xa2, 0x60, 0xff, 0xf8, 0xa2, 0x60, 0xff, 0xf8, 0xa2, 0x60, 0xff, 0xf8, 0xa2, 0x60, 0xff,
    0xf8, 0xa2, 0x60, 0xff, 0xf8, 0xa2, 0x60, 0xff, 0xf8, 0xa2, 0x60, 0xff, 0xf8, 0xa2, 0x60, 0xff,
    0xf8, 0xa2, 0x60, 0xff, 0xf8, 0xa2, 0x60, 0xff, 0xf8, 0xa2, 0x60, 0xff, 0xf8, 0xa2, 0x60, 0xff,
    0xf8, 0xa2, 0x60, 0xff, 0xf8, 0xa2, 0x60, 0xff, 0xf8, 0xa2, 0x60, 0xff, 0xf8, 0xa2, 0x60, 0xff,
    0xf8, 0xa2, 0x60, 0xff, 0xf8, 0xa2, 0x60, 0xff, 0xf8, 0xa2, 0x60, 0xff, 0xf8, 0xa2, 0x60, 0xff,
    0xf8, 0xa2, 0x60, 0xff, 0xf8, 0xa2, 0x60, 0xff, 0xf8, 0xa2, 0x60, 0xff, 0xf8, 0xa2, 0x60, 0xff,
    0xf8, 0xa2, 0x60, 0xff, 0xf8, 0xa2, 0x60, 0xff, 0xf8, 0xa2, 0x60, 0xff, 0xf8, 0xa2, 0x60, 0xff,
    0xf8, 0xa2, 0x60, 0xff, 0xf8, 0xa2, 0x60, 0xff, 0xf8, 0xa2, 0x60, 0xff, 0xf8, 0xa2, 0x60, 0xff,
    0xf8, 0xa2, 0x60, 0xff, 0xf8, 0xa2, 0x60, 0xff, 0xf8, 0xa2, 0x60, 0xff, 0xf8, 0xa2, 0x60, 0xff,
    0xf8, 0xa2, 0x60, 0xff, 0xf8, 0xa2, 0x60, 0xff, 0xf8, 0xa2, 0x60, 0xff, 0xf8, 0xa2, 0x60, 0xff,
    0xf8, 0xa2, 0x60, 0xff, 0xf8, 0xa2, 0x60, 0xff, 0xf8, 0xa2, 0x60, 0xff, 0xf8, 0xa2, 0x60, 0xff,
    0xf8, 0xa2, 0x60, 0xff, 0xf8, 0xa2, 0x60, 0xff, 0xf8, 0xa2, 0x60, 0xff, 0xf8, 0xa2, 0x60, 0xff,
    0xf8, 0xa2, 0x60, 0xff, 0xf8, 0xa2, 0x60, 0xff, 0xf8, 0xa2, 0x60, 0xff, 0xf8, 0xa2, 0x60, 0xff,
    0xf8, 0xa2, 0x60, 0xff, 0xf8, 0xa2, 0x60, 0xff, 0xf8, 0xa3, 0x61, 0xff, 0xf8, 0xa5, 0x65, 0xff,
    0xf8, 0x9c, 0x54, 0xff, 0xf8, 0xa8, 0x6c, 0xff, 0xfc, 0xdd, 0xc6, 0xff, 0xff, 0xf8, 0xf3, 0xff,
    0xff, 0xff, 0xff, 0xff, 0xff, 0xff, 0xff, 0xff, 0xff, 0xff, 0xff, 0xff, 0xff, 0xff, 0xff, 0xff,
    0xff, 0xff, 0xff, 0xff, 0xff, 0xff, 0xff, 0xff, 0xff, 0xff, 0xff, 0xff, 0xff, 0xff, 0xff, 0xff,
    0xff, 0xff, 0xff, 0xff, 0xff, 0xff, 0xff, 0xff, 0xff, 0xff, 0xff, 0xff, 0xff, 0xff, 0xff, 0xff,
    0xff, 0xfe, 0xfd, 0xff, 0xff, 0xff, 0xff, 0xff, 0xff, 0xf9, 0xf6, 0xff, 0xfb, 0xc9, 0xa3, 0xff,
    0xf8, 0x9b, 0x54, 0xff, 0xf8, 0xa4, 0x63, 0xff, 0xf8, 0xa2, 0x60, 0xff, 0xf8, 0xa2, 0x60, 0xff,
    0xf8, 0xa2, 0x60, 0xff, 0xf8, 0xa2, 0x60, 0xff, 0xf8, 0xa2, 0x60, 0xff, 0xf8, 0xa2, 0x60, 0xff,
    0xf8, 0xa2, 0x60, 0xff, 0xf8, 0xa2, 0x60, 0xff, 0xf8, 0xa2, 0x60, 0xff, 0xf8, 0xa2, 0x60, 0xff,
    0xf8, 0xa2, 0x60, 0xff, 0xf8, 0xa2, 0x60, 0xff, 0xf8, 0xa2, 0x60, 0xff, 0xf8, 0xa2, 0x60, 0xff,
    0xf8, 0xa2, 0x61, 0xff, 0xf8, 0xa3, 0x61, 0xff, 0xf8, 0xa1, 0x5f, 0xff, 0xf9, 0xaf, 0x78, 0xff,
    0xff, 0xfa, 0xf6, 0xff, 0xff, 0xff, 0xff, 0xff, 0xff, 0xfe, 0xfe, 0xff, 0xff, 0xff, 0xff, 0xff,
    0xff, 0xff, 0xff, 0xff, 0xff, 0xff, 0xff, 0xff, 0xff, 0xff, 0xff, 0xff, 0xff, 0xff, 0xff, 0xff,
    0xff, 0xff, 0xff, 0xff, 0xff, 0xff, 0xff, 0xff, 0xff, 0xff, 0xff, 0xff, 0xff, 0xff, 0xff, 0xff,
    0xff, 0xff, 0xff, 0xff, 0xff, 0xff, 0xff, 0xff, 0xff, 0xff, 0xff, 0xff, 0xff, 0xfb, 0xf8, 0xff,
    0xfd, 0xe8, 0xd7, 0xff, 0xfa, 0xb9, 0x87, 0xff, 0xf8, 0x9c, 0x57, 0xff, 0xf8, 0xa2, 0x60, 0xff,
    0xf8, 0xa3, 0x63, 0xff, 0xf8, 0xa2, 0x60, 0xff, 0xf8, 0xa2, 0x60, 0xff, 0xf8, 0xa2, 0x60, 0xff,
    0xf8, 0xa2, 0x60, 0xff, 0xf8, 0xa2, 0x60, 0xff, 0xf8, 0xa2, 0x60, 0xff, 0xf8, 0xa2, 0x60, 0xff,
    0xf8, 0xa2, 0x60, 0xff, 0xf8, 0xa2, 0x60, 0xff, 0xf8, 0xa2, 0x60, 0xff, 0xf8, 0xa2, 0x60, 0xff,
    0xf8, 0xa2, 0x60, 0xff, 0xf8, 0xa2, 0x60, 0xff, 0xf8, 0xa2, 0x60, 0xff, 0xf8, 0xa2, 0x60, 0xff,
    0xf8, 0xa2, 0x60, 0xff, 0xf8, 0xa2, 0x60, 0xff, 0xf8, 0xa2, 0x60, 0xff, 0xf8, 0xa2, 0x60, 0xff,
    0xf8, 0xa2, 0x60, 0xff, 0xf8, 0xa2, 0x60, 0xff, 0xf8, 0xa2, 0x60, 0xff, 0xf8, 0xa2, 0x60, 0xff,
    0xf8, 0xa2, 0x60, 0xff, 0xf8, 0xa2, 0x60, 0xff, 0xf8, 0xa2, 0x60, 0xff, 0xf8, 0xa2, 0x60, 0xff,
    0xf8, 0xa2, 0x60, 0xff, 0xf8, 0xa2, 0x60, 0xff, 0xf8, 0xa2, 0x60, 0xff, 0xf8, 0xa2, 0x60, 0xff,
    0xf8, 0xa2, 0x60, 0xff, 0xf8, 0xa2, 0x60, 0xff, 0xf8, 0xa2, 0x60, 0xff, 0xf8, 0xa2, 0x60, 0xff,
    0xf8, 0xa2, 0x60, 0xff, 0xf8, 0xa2, 0x60, 0xff, 0xf8, 0xa2, 0x60, 0xff, 0xf8, 0xa2, 0x60, 0xff,
    0xf8, 0xa2, 0x60, 0xff, 0xf8, 0xa2, 0x60, 0xff, 0xf8, 0xa2, 0x60, 0xff, 0xf8, 0xa2, 0x60, 0xff,
    0xf8, 0xa2, 0x60, 0xff, 0xf8, 0xa2, 0x60, 0xff, 0xf8, 0xa2, 0x60, 0xff, 0xf8, 0xa2, 0x60, 0xff,
    0xf8, 0xa2, 0x60, 0xff, 0xf8, 0xa2, 0x60, 0xff, 0xf8, 0xa2, 0x60, 0xff, 0xf8, 0xa2, 0x60, 0xff,
    0xf8, 0xa2, 0x60, 0xff, 0xf8, 0xa2, 0x60, 0xff, 0xf8, 0xa2, 0x60, 0xff, 0xf8, 0xa2, 0x60, 0xff,
    0xf8, 0xa2, 0x60, 0xff, 0xf8, 0xa2, 0x60, 0xff, 0xf8, 0xa2, 0x60, 0xff, 0xf8, 0xa2, 0x60, 0xff,
    0xf8, 0xa2, 0x60, 0xff, 0xf8, 0xa2, 0x60, 0xff, 0xf8, 0xa2, 0x60, 0xff, 0xf8, 0xa4, 0x62, 0xff,
    0xf8, 0xa0, 0x5d, 0xff, 0xf7, 0x9d, 0x59, 0xff, 0xfa, 0xba, 0x89, 0xff, 0xfd, 0xe7, 0xd6, 0xff,
    0xff, 0xff, 0xff, 0xff, 0xff, 0xff, 0xff, 0xff, 0xff, 0xff, 0xff, 0xff, 0xff, 0xff, 0xff, 0xff,
    0xff, 0xff, 0xff, 0xff, 0xff, 0xff, 0xff, 0xff, 0xff, 0xff, 0xff, 0xff, 0xff, 0xff, 0xff, 0xff,
    0xff, 0xff, 0xff, 0xff, 0xff, 0xff, 0xff, 0xff, 0xff, 0xff, 0xff, 0xff, 0xff, 0xff, 0xff, 0xff,
    0xff, 0xff, 0xff, 0xff, 0xff, 0xff, 0xff, 0xff, 0xff, 0xff, 0xff, 0xff, 0xff, 0xfe, 0xfd, 0xff,
    0xff, 0xff, 0xff, 0xff, 0xfe, 0xed, 0xe0, 0xff, 0xf9, 0xb1, 0x7a, 0xff, 0xf8, 0xa0, 0x5c, 0xff,
    0xf8, 0xa3, 0x62, 0xff, 0xf8, 0xa3, 0x61, 0xff, 0xf8, 0xa2, 0x60, 0xff, 0xf8, 0xa2, 0x60, 0xff,
    0xf8, 0xa2, 0x60, 0xff, 0xf8, 0xa2, 0x60, 0xff, 0xf8, 0xa2, 0x60, 0xff, 0xf8, 0xa2, 0x60, 0xff,
    0xf8, 0xa2, 0x60, 0xff, 0xf8, 0xa2, 0x60, 0xff, 0xf8, 0xa2, 0x60, 0xff, 0xf8, 0xa2, 0x60, 0xff,
    0xf8, 0xa2, 0x60, 0xff, 0xf8, 0xa2, 0x60, 0xff, 0xf8, 0xa5, 0x65, 0xff, 0xf8, 0x9e, 0x59, 0xff,
    0xf8, 0xa5, 0x65, 0xff, 0xfd, 0xe7, 0xd6, 0xff, 0xff, 0xff, 0xff, 0xff, 0xff, 0xff, 0xff, 0xff,
    0xff, 0xff, 0xff, 0xff, 0xff, 0xff, 0xff, 0xff, 0xff, 0xff, 0xff, 0xff, 0xff, 0xff, 0xff, 0xff,
    0xff, 0xff, 0xff, 0xff, 0xff, 0xff, 0xff, 0xff, 0xff, 0xff, 0xff, 0xff, 0xff, 0xff, 0xff, 0xff,
    0xff, 0xff, 0xff, 0xff, 0xff, 0xff, 0xff, 0xff, 0xff, 0xff, 0xff, 0xff, 0xff, 0xff, 0xff, 0xff,
    0xff, 0xfe, 0xfe, 0xff, 0xff, 0xff, 0xff, 0xff, 0xff, 0xff, 0xff, 0xff, 0xfe, 0xee, 0xe2, 0xff,
    0xfb, 0xca, 0xa5, 0xff, 0xf8, 0xa2, 0x60, 0xff, 0xf8, 0x9e, 0x5a, 0xff, 0xf8, 0xa3, 0x62, 0xff,
    0xf8, 0xa2, 0x60, 0xff, 0xf8, 0xa2, 0x60, 0xff, 0xf8, 0xa2, 0x60, 0xff, 0xf8, 0xa2, 0x60, 0xff,
    0xf8, 0xa2, 0x60, 0xff, 0xf8, 0xa2, 0x60, 0xff, 0xf8, 0xa2, 0x60, 0xff, 0xf8, 0xa2, 0x60, 0xff,
    0xf8, 0xa2, 0x60, 0xff, 0xf8, 0xa2, 0x60, 0xff, 0xf8, 0xa2, 0x60, 0xff, 0xf8, 0xa2, 0x60, 0xff,
    0xf8, 0xa2, 0x60, 0xff, 0xf8, 0xa2, 0x60, 0xff, 0xf8, 0xa2, 0x60, 0xff, 0xf8, 0xa2, 0x60, 0xff,
    0xf8, 0xa2, 0x60, 0xff, 0xf8, 0xa2, 0x60, 0xff, 0xf8, 0xa2, 0x60, 0xff, 0xf8, 0xa2, 0x60, 0xff,
    0xf8, 0xa2, 0x60, 0xff, 0xf8, 0xa2, 0x60, 0xff, 0xf8, 0xa2, 0x60, 0xff, 0xf8, 0xa2, 0x60, 0xff,
    0xf8, 0xa2, 0x60, 0xff, 0xf8, 0xa2, 0x60, 0xff, 0xf8, 0xa2, 0x60, 0xff, 0xf8, 0xa2, 0x60, 0xff,
    0xf8, 0xa2, 0x60, 0xff, 0xf8, 0xa2, 0x60, 0xff, 0xf8, 0xa2, 0x60, 0xff, 0xf8, 0xa2, 0x60, 0xff,
    0xf9, 0xa2, 0x60, 0xff, 0xf8, 0xa2, 0x60, 0xff, 0xf8, 0xa2, 0x60, 0xff, 0xf8, 0xa2, 0x60, 0xff,
    0xf8, 0xa2, 0x60, 0xff, 0xf8, 0xa2, 0x60, 0xff, 0xf8, 0xa2, 0x60, 0xff, 0xf8, 0xa2, 0x60, 0xff,
    0xf8, 0xa2, 0x60, 0xff, 0xf8, 0xa2, 0x60, 0xff, 0xf8, 0xa2, 0x60, 0xff, 0xf8, 0xa2, 0x60, 0xff,
    0xf8, 0xa2, 0x60, 0xff, 0xf8, 0xa2, 0x60, 0xff, 0xf8, 0xa2, 0x60, 0xff, 0xf8, 0xa2, 0x60, 0xff,
    0xf8, 0xa2, 0x60, 0xff, 0xf8, 0xa2, 0x60, 0xff, 0xf8, 0xa2, 0x60, 0xff, 0xf8, 0xa2, 0x60, 0xff,
    0xf8, 0xa2, 0x60, 0xff, 0xf8, 0xa2, 0x60, 0xff, 0xf8, 0xa2, 0x60, 0xff, 0xf8, 0xa2, 0x60, 0xff,
    0xf8, 0xa2, 0x60, 0xff, 0xf8, 0xa2, 0x60, 0xff, 0xf8, 0xa2, 0x60, 0xff, 0xf8, 0xa2, 0x60, 0xff,
    0xf8, 0xa3, 0x61, 0xff, 0xf8, 0x9f, 0x5c, 0xff, 0xf9, 0xa8, 0x6c, 0xff, 0xfb, 0xc8, 0xa1, 0xff,
    0xfe, 0xef, 0xe4, 0xff, 0xff, 0xff, 0xff, 0xff, 0xff, 0xfe, 0xfd, 0xff, 0xff, 0xfe, 0xfd, 0xff,
    0xff, 0xff, 0xff, 0xff, 0xff, 0xff, 0xff, 0xff, 0xff, 0xff, 0xff, 0xff, 0xff, 0xff, 0xff, 0xff,
    0xff, 0xff, 0xff, 0xff, 0xff, 0xff, 0xff, 0xff, 0xff, 0xff, 0xff, 0xff, 0xff, 0xff, 0xff, 0xff,
    0xff, 0xff, 0xff, 0xff, 0xff, 0xff, 0xff, 0xff, 0xff, 0xff, 0xff, 0xff, 0xff, 0xff, 0xff, 0xff,
    0xff, 0xff, 0xff, 0xff, 0xff, 0xfe, 0xfe, 0xff, 0xff, 0xfe, 0xfd, 0xff, 0xff, 0xfe, 0xfd, 0xff,
    0xfd, 0xe4, 0xd1, 0xff, 0xf9, 0xab, 0x6f, 0xff, 0xf8, 0x9c, 0x56, 0xff, 0xf8, 0xa2, 0x60, 0xff,
    0xf8, 0xa4, 0x64, 0xff, 0xf8, 0xa2, 0x61, 0xff, 0xf8, 0xa2, 0x60, 0xff, 0xf8, 0xa2, 0x60, 0xff,
    0xf8, 0xa2, 0x60, 0xff, 0xf8, 0xa2, 0x60, 0xff, 0xf8, 0xa2, 0x60, 0xff, 0xf8, 0xa2, 0x60, 0xff,
    0xf8, 0xa2, 0x60, 0xff, 0xf8, 0xa2, 0x60, 0xff, 0xf8, 0xa3, 0x62, 0xff, 0xf8, 0xa4, 0x64, 0xff,
    0xf7, 0x9c, 0x55, 0xff, 0xf8, 0xa3, 0x62, 0xff, 0xfc, 0xd5, 0xb7, 0xff, 0xff, 0xff, 0xff, 0xff,
    0xff, 0xff, 0xfe, 0xff, 0xff, 0xff, 0xff, 0xff, 0xff, 0xff, 0xff, 0xff, 0xff, 0xff, 0xff, 0xff,
    0xff, 0xff, 0xff, 0xff, 0xff, 0xff, 0xff, 0xff, 0xff, 0xff, 0xff, 0xff, 0xff, 0xff, 0xff, 0xff,
    0xff, 0xff, 0xff, 0xff, 0xff, 0xff, 0xff, 0xff, 0xff, 0xff, 0xff, 0xff, 0xff, 0xff, 0xff, 0xff,
    0xff, 0xff, 0xff, 0xff, 0xff, 0xff, 0xff, 0xff, 0xff, 0xff, 0xff, 0xff, 0xff, 0xfe, 0xfe, 0xff,
    0xff, 0xfe, 0xfd, 0xff, 0xff, 0xff, 0xff, 0xff, 0xff, 0xf9, 0xf6, 0xff, 0xfc, 0xd2, 0xb2, 0xff,
    0xf9, 0xac, 0x70, 0xff, 0xf8, 0xa0, 0x5e, 0xff, 0xf8, 0xa2, 0x61, 0xff, 0xf8, 0xa2, 0x60, 0xff,
    0xf8, 0xa2, 0x60, 0xff, 0xf8, 0xa2, 0x60, 0xff, 0xf8, 0xa2, 0x60, 0xff, 0xf8, 0xa2, 0x60, 0xff,
    0xf8, 0xa2, 0x60, 0xff, 0xf8, 0xa2, 0x60, 0xff, 0xf8, 0xa2, 0x60, 0xff, 0xf8, 0xa2, 0x60, 0xff,
    0xf8, 0xa2, 0x60, 0xff, 0xf8, 0xa2, 0x60, 0xff, 0xf8, 0xa2, 0x60, 0xff, 0xf8, 0xa2, 0x60, 0xff,
    0xf8, 0xa2, 0x60, 0xff, 0xf8, 0xa2, 0x60, 0xff, 0xf8, 0xa2, 0x60, 0xff, 0xf8, 0xa2, 0x60, 0xff,
    0xf8, 0xa2, 0x60, 0xff, 0xf8, 0xa2, 0x60, 0xff, 0xf8, 0xa2, 0x60, 0xff, 0xf8, 0xa2, 0x60, 0xff,
    0xf8, 0xa2, 0x60, 0xff, 0xf8, 0xa2, 0x60, 0xff, 0xf8, 0xa2, 0x60, 0xff, 0xf8, 0xa2, 0x60, 0xff,
    0xf8, 0xa2, 0x60, 0xff, 0xf8, 0xa2, 0x60, 0xff, 0xf8, 0xa2, 0x60, 0xff, 0xf8, 0xa2, 0x60, 0xff,
    0xf8, 0xa2, 0x60, 0xff, 0xf9, 0xa2, 0x60, 0xff, 0xf6, 0xa1, 0x5f, 0xff, 0xf8, 0xa2, 0x60, 0xff,
    0xf8, 0xa2, 0x60, 0xff, 0xf8, 0xa2, 0x60, 0xff, 0xf8, 0xa2, 0x60, 0xff, 0xf8, 0xa2, 0x60, 0xff,
    0xf8, 0xa2, 0x60, 0xff, 0xf8, 0xa2, 0x60, 0xff, 0xf8, 0xa2, 0x60, 0xff, 0xf8, 0xa2, 0x60, 0xff,
    0xf8, 0xa2, 0x60, 0xff, 0xf8, 0xa2, 0x60, 0xff, 0xf8, 0xa2, 0x60, 0xff, 0xf8, 0xa2, 0x60, 0xff,
    0xf8, 0xa2, 0x60, 0xff, 0xf8, 0xa2, 0x60, 0xff, 0xf8, 0xa2, 0x60, 0xff, 0xf8, 0xa2, 0x60, 0xff,
    0xf8, 0xa2, 0x60, 0xff, 0xf8, 0xa2, 0x60, 0xff, 0xf8, 0xa2, 0x60, 0xff, 0xf8, 0xa2, 0x60, 0xff,
    0xf8, 0xa2, 0x60, 0xff, 0xf8, 0xa2, 0x60, 0xff, 0xf8, 0xa2, 0x60, 0xff, 0xf8, 0xa2, 0x60, 0xff,
    0xf8, 0xa2, 0x60, 0xff, 0xf8, 0xa2, 0x60, 0xff, 0xf8, 0xa3, 0x62, 0xff, 0xf8, 0xa1, 0x60, 0xff,
    0xfb, 0xcd, 0xa9, 0xff, 0xff, 0xfc, 0xf9, 0xff, 0xff, 0xff, 0xff, 0xff, 0xff, 0xfc, 0xfa, 0xff,
    0xff, 0xff, 0xff, 0xff, 0xff, 0xff, 0xff, 0xff, 0xff, 0xff, 0xff, 0xff, 0xff, 0xff, 0xff, 0xff,
    0xff, 0xff, 0xff, 0xff, 0xff, 0xff, 0xff, 0xff, 0xff, 0xff, 0xff, 0xff, 0xff, 0xff, 0xff, 0xff,
    0xff, 0xff, 0xff, 0xff, 0xff, 0xff, 0xff, 0xff, 0xff, 0xff, 0xff, 0xff, 0xff, 0xff, 0xff, 0xff,
    0xff, 0xff, 0xff, 0xff, 0xff, 0xff, 0xff, 0xff, 0xff, 0xff, 0xff, 0xff, 0xff, 0xff, 0xff, 0xff,
    0xff, 0xfe, 0xfd, 0xff, 0xff, 0xff, 0xfe, 0xff, 0xff, 0xff, 0xff, 0xff, 0xfd, 0xdc, 0xc3, 0xff,
    0xf9, 0xb6, 0x82, 0xff, 0xf7, 0x9e, 0x59, 0xff, 0xf8, 0x9c, 0x57, 0xff, 0xf8, 0xa2, 0x60, 0xff,
    0xf8, 0xa4, 0x63, 0xff, 0xf8, 0xa3, 0x62, 0xff, 0xf8, 0xa3, 0x62, 0xff, 0xf8, 0xa3, 0x61, 0xff,
    0xf8, 0xa3, 0x61, 0xff, 0xf8, 0xa3, 0x62, 0xff, 0xf8, 0xa4, 0x63, 0xff, 0xf8, 0xa3, 0x61, 0xff,
    0xf8, 0x9d, 0x58, 0xff, 0xf7, 0x9d, 0x58, 0xff, 0xf8, 0xad, 0x72, 0xff, 0xfb, 0xd5, 0xb8, 0xff,
    0xff, 0xff, 0xff, 0xff, 0xff, 0xfd, 0xfc, 0xff, 0xff, 0xff, 0xff, 0xff, 0xff, 0xff, 0xff, 0xff,
    0xff, 0xff, 0xff, 0xff, 0xff, 0xff, 0xff, 0xff, 0xff, 0xff, 0xff, 0xff, 0xff, 0xff, 0xff, 0xff,
    0xff, 0xff, 0xff, 0xff, 0xff, 0xff, 0xff, 0xff, 0xff, 0xff, 0xff, 0xff, 0xff, 0xff, 0xff, 0xff,
    0xff, 0xff, 0xff, 0xff, 0xff, 0xff, 0xff, 0xff, 0xff, 0xff, 0xff, 0xff, 0xff, 0xff, 0xff, 0xff,
    0xff, 0xff, 0xff, 0xff, 0xff, 0xff, 0xff, 0xff, 0xff, 0xff, 0xff, 0xff, 0xff, 0xfd, 0xfc, 0xff,
    0xff, 0xff, 0xff, 0xff, 0xff, 0xff, 0xff, 0xff, 0xfc, 0xd9, 0xbc, 0xff, 0xf9, 0xab, 0x6f, 0xff,
    0xf8, 0x9f, 0x5c, 0xff, 0xf8, 0xa3, 0x62, 0xff, 0xf8, 0xa2, 0x60, 0xff, 0xf8, 0xa2, 0x60, 0xff,
    0xf8, 0xa2, 0x60, 0xff, 0xf8, 0xa2, 0x60, 0xff, 0xf8, 0xa2, 0x60, 0xff, 0xf8, 0xa2, 0x60, 0xff,
    0xf8, 0xa2, 0x60, 0xff, 0xf8, 0xa2, 0x60, 0xff, 0xf8, 0xa2, 0x60, 0xff, 0xf8, 0xa2, 0x60, 0xff,
    0xf8, 0xa2, 0x60, 0xff, 0xf8, 0xa2, 0x60, 0xff, 0xf8, 0xa2, 0x60, 0xff, 0xf8, 0xa2, 0x60, 0xff,
    0xf8, 0xa2, 0x60, 0xff, 0xf8, 0xa2, 0x60, 0xff, 0xf8, 0xa2, 0x60, 0xff, 0xf8, 0xa2, 0x60, 0xff,
    0xf8, 0xa2, 0x60, 0xff, 0xf8, 0xa2, 0x60, 0xff, 0xf8, 0xa2, 0x60, 0xff, 0xf8, 0xa2, 0x60, 0xff,
    0xf8, 0xa2, 0x60, 0xff, 0xf8, 0xa2, 0x60, 0xff, 0xf8, 0xa2, 0x60, 0xff, 0xf8, 0xa2, 0x60, 0xff,
    0xf8, 0xa2, 0x60, 0xff, 0xf8, 0xa2, 0x60, 0xff, 0xf8, 0xa2, 0x60, 0xff, 0xf5, 0xa1, 0x5f, 0xff,
    0xf2, 0x9e, 0x5c, 0xff, 0xf7, 0xa2, 0x60, 0xff, 0xf8, 0xa2, 0x60, 0xff, 0xf8, 0xa2, 0x60, 0xff,
    0xf8, 0xa2, 0x60, 0xff, 0xf8, 0xa2, 0x60, 0xff, 0xf8, 0xa2, 0x60, 0xff, 0xf8, 0xa2, 0x60, 0xff,
    0xf8, 0xa2, 0x60, 0xff, 0xf8, 0xa2, 0x60, 0xff, 0xf8, 0xa2, 0x60, 0xff, 0xf8, 0xa2, 0x60, 0xff,
    0xf8, 0xa2, 0x60, 0xff, 0xf8, 0xa2, 0x60, 0xff, 0xf8, 0xa2, 0x60, 0xff, 0xf8, 0xa2, 0x60, 0xff,
    0xf8, 0xa2, 0x60, 0xff, 0xf8, 0xa2, 0x60, 0xff, 0xf8, 0xa2, 0x60, 0xff, 0xf8, 0xa2, 0x60, 0xff,
    0xf8, 0xa2, 0x60, 0xff, 0xf8, 0xa2, 0x60, 0xff, 0xf8, 0xa2, 0x60, 0xff, 0xf8, 0xa2, 0x60, 0xff,
    0xf8, 0xa2, 0x60, 0xff, 0xf8, 0xa2, 0x60, 0xff, 0xf8, 0xa2, 0x60, 0xff, 0xf8, 0xa2, 0x60, 0xff,
    0xf8, 0xa2, 0x5f, 0xff, 0xf9, 0xb0, 0x79, 0xff, 0xfd, 0xed, 0xe0, 0xff, 0xff, 0xff, 0xff, 0xff,
    0xff, 0xfb, 0xf8, 0xff, 0xff, 0xff, 0xff, 0xff, 0xff, 0xff, 0xff, 0xff, 0xff, 0xff, 0xff, 0xff,
    0xff, 0xff, 0xff, 0xff, 0xff, 0xff, 0xff, 0xff, 0xff, 0xff, 0xff, 0xff, 0xff, 0xff, 0xff, 0xff,
    0xff, 0xff, 0xff, 0xff, 0xff, 0xff, 0xff, 0xff, 0xff, 0xff, 0xff, 0xff, 0xff, 0xff, 0xff, 0xff,
    0xff, 0xff, 0xff, 0xff, 0xff, 0xff, 0xff, 0xff, 0xff, 0xff, 0xff, 0xff, 0xff, 0xff, 0xff, 0xff,
    0xff, 0xff, 0xff, 0xff, 0xff, 0xff, 0xff, 0xff, 0xff, 0xff, 0xff, 0xff, 0xff, 0xff, 0xfe, 0xff,
    0xff, 0xfe, 0xfd, 0xff, 0xff, 0xff, 0xff, 0xff, 0xfd, 0xed, 0xe1, 0xff, 0xfa, 0xc2, 0x97, 0xff,
    0xf9, 0xad, 0x72, 0xff, 0xf8, 0xa1, 0x5f, 0xff, 0xf8, 0x9c, 0x56, 0xff, 0xf8, 0x9e, 0x59, 0xff,
    0xf8, 0x9f, 0x5a, 0xff, 0xf8, 0x9f, 0x5b, 0xff, 0xf8, 0x9f, 0x5b, 0xff, 0xf8, 0x9e, 0x58, 0xff,
    0xf8, 0x9c, 0x56, 0xff, 0xf8, 0xa1, 0x5d, 0xff, 0xf9, 0xab, 0x70, 0xff, 0xf9, 0xb9, 0x89, 0xff,
    0xfd, 0xe3, 0xd0, 0xff, 0xff, 0xff, 0xff, 0xff, 0xff, 0xfd, 0xfb, 0xff, 0xff, 0xff, 0xff, 0xff,
    0xff, 0xff, 0xff, 0xff, 0xff, 0xff, 0xff, 0xff, 0xff, 0xff, 0xff, 0xff, 0xff, 0xff, 0xff, 0xff,
    0xff, 0xff, 0xff, 0xff, 0xff, 0xff, 0xff, 0xff, 0xff, 0xff, 0xff, 0xff, 0xff, 0xff, 0xff, 0xff,
    0xff, 0xff, 0xff, 0xff, 0xff, 0xff, 0xff, 0xff, 0xff, 0xff, 0xff, 0xff, 0xff, 0xff, 0xff, 0xff,
    0xff, 0xff, 0xff, 0xff, 0xff, 0xff, 0xff, 0xff, 0xff, 0xff, 0xff, 0xff, 0xff, 0xff, 0xff, 0xff,
    0xff, 0xff, 0xff, 0xff, 0xff, 0xff, 0xff, 0xff, 0xff, 0xfe, 0xfe, 0xff, 0xff, 0xfe, 0xfd, 0xff,
    0xff, 0xfc, 0xfa, 0xff, 0xfa, 0xbc, 0x8d, 0xff, 0xf7, 0x99, 0x51, 0xff, 0xf8, 0xa5, 0x65, 0xff,
    0xf8, 0xa2, 0x60, 0xff, 0xf8, 0xa2, 0x60, 0xff, 0xf8, 0xa2, 0x60, 0xff, 0xf8, 0xa2, 0x60, 0xff,
    0xf8, 0xa2, 0x60, 0xff, 0xf8, 0xa2, 0x60, 0xff, 0xf8, 0xa2, 0x60, 0xff, 0xf8, 0xa2, 0x60, 0xff,
    0xf8, 0xa2, 0x60, 0xff, 0xf8, 0xa2, 0x60, 0xff, 0xf8, 0xa2, 0x60, 0xff, 0xf8, 0xa2, 0x60, 0xff,
    0xf8, 0xa2, 0x60, 0xff, 0xf8, 0xa2, 0x60, 0xff, 0xf8, 0xa2, 0x60, 0xff, 0xf8, 0xa2, 0x60, 0xff,
    0xf8, 0xa2, 0x60, 0xff, 0xf8, 0xa2, 0x60, 0xff, 0xf8, 0xa2, 0x60, 0xff, 0xf8, 0xa2, 0x60, 0xff,
    0xf8, 0xa2, 0x60, 0xff, 0xf8, 0xa2, 0x60, 0xff, 0xf8, 0xa2, 0x60, 0xff, 0xf8, 0xa2, 0x60, 0xff,
    0xf8, 0xa2, 0x60, 0xff, 0xf8, 0xa2, 0x60, 0xff, 0xf8, 0xa2, 0x60, 0xff, 0xf9, 0xa2, 0x60, 0xff,
    0xf7, 0xa1, 0x5f, 0xff, 0xf0, 0x9e, 0x5c, 0xff, 0xf1, 0x9e, 0x5c, 0xff, 0xf7, 0xa1, 0x5f, 0xff,
    0xf9, 0xa2, 0x60, 0xff, 0xf8, 0xa2, 0x60, 0xff, 0xf8, 0xa2, 0x60, 0xff, 0xf8, 0xa2, 0x60, 0xff,
    0xf8, 0xa2, 0x60, 0xff, 0xf8, 0xa2, 0x60, 0xff, 0xf8, 0xa2, 0x60, 0xff, 0xf8, 0xa2, 0x60, 0xff,
    0xf8, 0xa2, 0x60, 0xff, 0xf8, 0xa2, 0x60, 0xff, 0xf8, 0xa2, 0x60, 0xff, 0xf8, 0xa2, 0x60, 0xff,
    0xf8, 0xa2, 0x60, 0xff, 0xf8, 0xa2, 0x60, 0xff, 0xf8, 0xa2, 0x60, 0xff, 0xf8, 0xa2, 0x60, 0xff,
    0xf8, 0xa2, 0x60, 0xff, 0xf8, 0xa2, 0x60, 0xff, 0xf8, 0xa2, 0x60, 0xff, 0xf8, 0xa2, 0x60, 0xff,
    0xf8, 0xa2, 0x60, 0xff, 0xf8, 0xa2, 0x60, 0xff, 0xf8, 0xa2, 0x60, 0xff, 0xf8, 0xa2, 0x60, 0xff,
    0xf8, 0xa2, 0x60, 0xff, 0xf8, 0xa2, 0x61, 0xff, 0xf8, 0x9f, 0x5c, 0xff, 0xfa, 0xc0, 0x93, 0xff,
    0xfe, 0xf1, 0xe7, 0xff, 0xff, 0xff, 0xfe, 0xff, 0xff, 0xfd, 0xfc, 0xff, 0xff, 0xff, 0xff, 0xff,
    0xff, 0xff, 0xff, 0xff, 0xff, 0xff, 0xff, 0xff, 0xff, 0xff, 0xff, 0xff, 0xff, 0xff, 0xff, 0xff,
    0xff, 0xff, 0xff, 0xff, 0xff, 0xff, 0xff, 0xff, 0xff, 0xff, 0xff, 0xff, 0xff, 0xff, 0xff, 0xff,
    0xff, 0xff, 0xff, 0xff, 0xff, 0xff, 0xff, 0xff, 0xff, 0xff, 0xff, 0xff, 0xff, 0xff, 0xff, 0xff,
    0xff, 0xff, 0xff, 0xff, 0xff, 0xff, 0xff, 0xff, 0xff, 0xff, 0xff, 0xff, 0xff, 0xff, 0xff, 0xff,
    0xff, 0xff, 0xff, 0xff, 0xff, 0xff, 0xff, 0xff, 0xff, 0xff, 0xff, 0xff, 0xff, 0xfe, 0xfd, 0xff,
    0xff, 0xff, 0xff, 0xff, 0xff, 0xff, 0xff, 0xff, 0xfe, 0xe8, 0xd7, 0xff, 0xfa, 0xbf, 0x91, 0xff,
    0xf9, 0xac, 0x71, 0xff, 0xf9, 0xab, 0x6e, 0xff, 0xf8, 0xa7, 0x69, 0xff, 0xf8, 0xa6, 0x67, 0xff,
    0xf8, 0xa6, 0x67, 0xff, 0xf9, 0xaa, 0x6e, 0xff, 0xf9, 0xac, 0x71, 0xff, 0xfa, 0xba, 0x8a, 0xff,
    0xfd, 0xe0, 0xca, 0xff, 0xff, 0xff, 0xff, 0xff, 0xff, 0xff, 0xff, 0xff, 0xff, 0xfc, 0xfb, 0xff,
    0xff, 0xff, 0xff, 0xff, 0xff, 0xff, 0xff, 0xff, 0xff, 0xff, 0xff, 0xff, 0xff, 0xff, 0xff, 0xff,
    0xff, 0xff, 0xff, 0xff, 0xff, 0xff, 0xff, 0xff, 0xff, 0xff, 0xff, 0xff, 0xff, 0xff, 0xff, 0xff,
    0xff, 0xff, 0xff, 0xff, 0xff, 0xff, 0xff, 0xff, 0xff, 0xff, 0xff, 0xff, 0xff, 0xff, 0xff, 0xff,
    0xff, 0xff, 0xff, 0xff, 0xff, 0xff, 0xff, 0xff, 0xff, 0xff, 0xff, 0xff, 0xff, 0xff, 0xff, 0xff,
    0xff, 0xff, 0xff, 0xff, 0xff, 0xff, 0xff, 0xff, 0xff, 0xff, 0xff, 0xff, 0xff, 0xff, 0xff, 0xff,
    0xff, 0xff, 0xff, 0xff, 0xff, 0xfc, 0xfb, 0xff, 0xff, 0xff, 0xff, 0xff, 0xfb, 0xc5, 0x9b, 0xff,
    0xf7, 0x9a, 0x53, 0xff, 0xf8, 0xa5, 0x64, 0xff, 0xf8, 0xa2, 0x60, 0xff, 0xf8, 0xa2, 0x60, 0xff,
    0xf8, 0xa2, 0x60, 0xff, 0xf8, 0xa2, 0x60, 0xff, 0xf8, 0xa2, 0x60, 0xff, 0xf8, 0xa2, 0x60, 0xff,
    0xf8, 0xa2, 0x60, 0xff, 0xf8, 0xa2, 0x60, 0xff, 0xf8, 0xa2, 0x60, 0xff, 0xf8, 0xa2, 0x60, 0xff,
    0xf8, 0xa2, 0x60, 0xff, 0xf8, 0xa2, 0x60, 0xff, 0xf8, 0xa2, 0x60, 0xff, 0xf8, 0xa2, 0x60, 0xff,
    0xf8, 0xa2, 0x60, 0xff, 0xf8, 0xa2, 0x60, 0xff, 0xf8, 0xa2, 0x60, 0xff, 0xf8, 0xa2, 0x60, 0xff,
    0xf8, 0xa2, 0x60, 0xff, 0xf8, 0xa2, 0x60, 0xff, 0xf8, 0xa2, 0x60, 0xff, 0xf8, 0xa2, 0x60, 0xff,
    0xf8, 0xa2, 0x60, 0xff, 0xf8, 0xa2, 0x60, 0xff, 0xf8, 0xa2, 0x60, 0xff, 0xf8, 0xa2, 0x60, 0xff,
    0xf8, 0xa2, 0x60, 0xff, 0xf9, 0xa2, 0x60, 0xff, 0xf7, 0xa1, 0x5f, 0xff, 0xf1, 0x9e, 0x5c, 0xff,
    0xf1, 0x9e, 0x5c, 0xff, 0xf7, 0xa1, 0x5f, 0xff, 0xf9, 0xa2, 0x60, 0xff, 0xf8, 0xa2, 0x60, 0xff,
    0xf8, 0xa2, 0x60, 0xff, 0xf8, 0xa2, 0x60, 0xff, 0xf8, 0xa2, 0x60, 0xff, 0xf8, 0xa2, 0x60, 0xff,
    0xf8, 0xa2, 0x60, 0xff, 0xf8, 0xa2, 0x60, 0xff, 0xf8, 0xa2, 0x60, 0xff, 0xf8, 0xa2, 0x60, 0xff,
    0xf8, 0xa2, 0x60, 0xff, 0xf8, 0xa2, 0x60, 0xff, 0xf8, 0xa2, 0x60, 0xff, 0xf8, 0xa2, 0x60, 0xff,
    0xf8, 0xa2, 0x60, 0xff, 0xf8, 0xa2, 0x60, 0xff, 0xf8, 0xa2, 0x60, 0xff, 0xf8, 0xa2, 0x60, 0xff,
    0xf8, 0xa2, 0x60, 0xff, 0xf8, 0xa2, 0x60, 0xff, 0xf8, 0xa2, 0x60, 0xff, 0xf8, 0xa2, 0x60, 0xff,
    0xf8, 0xa2, 0x60, 0xff, 0xf8, 0xa2, 0x60, 0xff, 0xf8, 0xa2, 0x60, 0xff, 0xf8, 0xa3, 0x61, 0xff,
    0xf8, 0x9e, 0x59, 0xff, 0xfb, 0xc9, 0xa5, 0xff, 0xfe, 0xf8, 0xf3, 0xff, 0xff, 0xff, 0xff, 0xff,
    0xff, 0xfe, 0xfd, 0xff, 0xff, 0xff, 0xff, 0xff, 0xff, 0xff, 0xff, 0xff, 0xff, 0xff, 0xff, 0xff,
    0xff, 0xff, 0xff, 0xff, 0xff, 0xff, 0xff, 0xff, 0xff, 0xff, 0xff, 0xff, 0xff, 0xff, 0xff, 0xff,
    0xff, 0xff, 0xff, 0xff, 0xff, 0xff, 0xff, 0xff, 0xff, 0xff, 0xff, 0xff, 0xff, 0xff, 0xff, 0xff,
    0xff, 0xff, 0xff, 0xff, 0xff, 0xff, 0xff, 0xff, 0xff, 0xff, 0xff, 0xff, 0xff, 0xff, 0xff, 0xff,
    0xff, 0xff, 0xff, 0xff, 0xff, 0xff, 0xff, 0xff, 0xff, 0xff, 0xff, 0xff, 0xff, 0xff, 0xff, 0xff,
    0xff, 0xff, 0xff, 0xff, 0xff, 0xff, 0xff, 0xff, 0xff, 0xff, 0xfe, 0xff, 0xff, 0xfe, 0xfe, 0xff,
    0xff, 0xfe, 0xff, 0xff, 0xff, 0xff, 0xff, 0xff, 0xff, 0xfb, 0xf8, 0xff, 0xfd, 0xe9, 0xda, 0xff,
    0xfc, 0xdb, 0xc2, 0xff, 0xfc, 0xd3, 0xb4, 0xff, 0xfc, 0xd5, 0xb6, 0xff, 0xfd, 0xea, 0xdb, 0xff,
    0xff, 0xfb, 0xf8, 0xff, 0xff, 0xff, 0xff, 0xff, 0xff, 0xff, 0xff, 0xff, 0xff, 0xfe, 0xfe, 0xff,
    0xff, 0xff, 0xfe, 0xff, 0xff, 0xff, 0xff, 0xff, 0xff, 0xff, 0xff, 0xff, 0xff, 0xff, 0xff, 0xff,
    0xff, 0xff, 0xff, 0xff, 0xff, 0xff, 0xff, 0xff, 0xff, 0xff, 0xff, 0xff, 0xff, 0xff, 0xff, 0xff,
    0xff, 0xff, 0xff, 0xff, 0xff, 0xff, 0xff, 0xff, 0xff, 0xff, 0xff, 0xff, 0xff, 0xff, 0xff, 0xff,
    0xff, 0xff, 0xff, 0xff, 0xff, 0xff, 0xff, 0xff, 0xff, 0xff, 0xff, 0xff, 0xff, 0xff, 0xff, 0xff,
    0xff, 0xff, 0xff, 0xff, 0xff, 0xff, 0xff, 0xff, 0xff, 0xff, 0xff, 0xff, 0xff, 0xff, 0xff, 0xff,
    0xff, 0xff, 0xff, 0xff, 0xff, 0xff, 0xff, 0xff, 0xff, 0xff, 0xff, 0xff, 0xff, 0xfd, 0xfc, 0xff,
    0xff, 0xff, 0xff, 0xff, 0xfb, 0xd2, 0xb1, 0xff, 0xf8, 0xa3, 0x61, 0xff, 0xf8, 0xa2, 0x60, 0xff,
    0xf8, 0xa3, 0x61, 0xff, 0xf8, 0xa2, 0x60, 0xff, 0xf8, 0xa2, 0x60, 0xff, 0xf8, 0xa2, 0x60, 0xff,
    0xf8, 0xa2, 0x60, 0xff, 0xf8, 0xa2, 0x60, 0xff, 0xf8, 0xa2, 0x60, 0xff, 0xf8, 0xa2, 0x60, 0xff,
    0xf8, 0xa2, 0x60, 0xff, 0xf8, 0xa2, 0x60, 0xff, 0xf8, 0xa2, 0x60, 0xff, 0xf8, 0xa2, 0x60, 0xff,
    0xf8, 0xa2, 0x60, 0xff, 0xf8, 0xa2, 0x60, 0xff, 0xf8, 0xa2, 0x60, 0xff, 0xf8, 0xa2, 0x60, 0xff,
    0xf8, 0xa2, 0x60, 0xff, 0xf8, 0xa2, 0x60, 0xff, 0xf8, 0xa2, 0x60, 0xff, 0xf8, 0xa2, 0x60, 0xff,
    0xf8, 0xa2, 0x60, 0xff, 0xf8, 0xa2, 0x60, 0xff, 0xf8, 0xa2, 0x60, 0xff, 0xf8, 0xa2, 0x60, 0xff,
    0xf8, 0xa2, 0x60, 0xff, 0xf8, 0xa2, 0x60, 0xff, 0xf8, 0xa2, 0x60, 0xff, 0xf9, 0xa2, 0x60, 0xff,
    0xf7, 0xa1, 0x5f, 0xff, 0xf1, 0x9e, 0x5c, 0xff, 0xf1, 0x9e, 0x5c, 0xff, 0xf7, 0xa1, 0x5f, 0xff,
    0xf9, 0xa2, 0x60, 0xff, 0xf8, 0xa2, 0x60, 0xff, 0xf8, 0xa2, 0x60, 0xff, 0xf8, 0xa2, 0x60, 0xff,
    0xf8, 0xa2, 0x60, 0xff, 0xf8, 0xa2, 0x60, 0xff, 0xf8, 0xa2, 0x60, 0xff, 0xf8, 0xa2, 0x60, 0xff,
    0xf8, 0xa2, 0x60, 0xff, 0xf8, 0xa2, 0x60, 0xff, 0xf8, 0xa2, 0x60, 0xff, 0xf8, 0xa2, 0x60, 0xff,
    0xf8, 0xa2, 0x60, 0xff, 0xf8, 0xa2, 0x60, 0xff, 0xf8, 0xa2, 0x60, 0xff, 0xf8, 0xa2, 0x60, 0xff,
    0xf8, 0xa2, 0x60, 0xff, 0xf8, 0xa2, 0x60, 0xff, 0xf8, 0xa2, 0x60, 0xff, 0xf8, 0xa2, 0x60, 0xff,
    0xf8, 0xa2, 0x60, 0xff, 0xf8, 0xa2, 0x60, 0xff, 0xf8, 0xa2, 0x60, 0xff, 0xf8, 0xa2, 0x60, 0xff,
    0xf8, 0xa2, 0x60, 0xff, 0xf8, 0xa2, 0x60, 0xff, 0xf8, 0xa2, 0x60, 0xff, 0xf9, 0xae, 0x75, 0xff,
    0xfd, 0xe9, 0xd9, 0xff, 0xff, 0xff, 0xff, 0xff, 0xff, 0xfd, 0xfb, 0xff, 0xff, 0xff, 0xff, 0xff,
    0xff, 0xff, 0xff, 0xff, 0xff, 0xff, 0xff, 0xff, 0xff, 0xff, 0xff, 0xff, 0xff, 0xff, 0xff, 0xff,
    0xff, 0xff, 0xff, 0xff, 0xff, 0xff, 0xff, 0xff, 0xff, 0xff, 0xff, 0xff, 0xff, 0xff, 0xff, 0xff,
    0xff, 0xff, 0xff, 0xff, 0xff, 0xff, 0xff, 0xff, 0xff, 0xff, 0xff, 0xff, 0xff, 0xff, 0xff, 0xff,
    0xff, 0xff, 0xff, 0xff, 0xff, 0xff, 0xff, 0xff, 0xff, 0xff, 0xff, 0xff, 0xff, 0xff, 0xff, 0xff,
    0xff, 0xff, 0xff, 0xff, 0xff, 0xff, 0xff, 0xff, 0xff, 0xff, 0xff, 0xff, 0xff, 0xff, 0xff, 0xff,
    0xff, 0xff, 0xff, 0xff, 0xff, 0xff, 0xff, 0xff, 0xff, 0xff, 0xff, 0xff, 0xff, 0xff, 0xff, 0xff,
    0xff, 0xff, 0xff, 0xff, 0xff, 0xff, 0xff, 0xff, 0xff, 0xfe, 0xfe, 0xff, 0xff, 0xfe, 0xfd, 0xff,
    0xff, 0xfe, 0xfd, 0xff, 0xff, 0xff, 0xff, 0xff, 0xff, 0xff, 0xff, 0xff, 0xff, 0xff, 0xff, 0xff,
    0xff, 0xff, 0xff, 0xff, 0xff, 0xff, 0xff, 0xff, 0xff, 0xff, 0xff, 0xff, 0xff, 0xff, 0xff, 0xff,
    0xff, 0xff, 0xff, 0xff, 0xff, 0xff, 0xff, 0xff, 0xff, 0xff, 0xff, 0xff, 0xff, 0xff, 0xff, 0xff,
    0xff, 0xff, 0xff, 0xff, 0xff, 0xff, 0xff, 0xff, 0xff, 0xff, 0xff, 0xff, 0xff, 0xff, 0xff, 0xff,
    0xff, 0xff, 0xff, 0xff, 0xff, 0xff, 0xff, 0xff, 0xff, 0xff, 0xff, 0xff, 0xff, 0xff, 0xff, 0xff,
    0xff, 0xff, 0xff, 0xff, 0xff, 0xff, 0xff, 0xff, 0xff, 0xff, 0xff, 0xff, 0xff, 0xff, 0xff, 0xff,
    0xff, 0xff, 0xff, 0xff, 0xff, 0xff, 0xff, 0xff, 0xff, 0xff, 0xff, 0xff, 0xff, 0xff, 0xff, 0xff,
    0xff, 0xff, 0xff, 0xff, 0xff, 0xff, 0xfe, 0xff, 0xfe, 0xf6, 0xf0, 0xff, 0xfa, 0xbb, 0x8b, 0xff,
    0xf7, 0x9b, 0x54, 0xff, 0xf8, 0xa4, 0x64, 0xff, 0xf8, 0xa2, 0x60, 0xff, 0xf8, 0xa2, 0x60, 0xff,
    0xf8, 0xa2, 0x60, 0xff, 0xf8, 0xa2, 0x60, 0xff, 0xf8, 0xa2, 0x60, 0xff, 0xf8, 0xa2, 0x60, 0xff,
    0xf8, 0xa2, 0x60, 0xff, 0xf8, 0xa2, 0x60, 0xff, 0xf8, 0xa2, 0x60, 0xff, 0xf8, 0xa2, 0x60, 0xff,
    0xf8, 0xa2, 0x60, 0xff, 0xf8, 0xa2, 0x60, 0xff, 0xf8, 0xa2, 0x60, 0xff, 0xf8, 0xa2, 0x60, 0xff,
    0xf8, 0xa2, 0x60, 0xff, 0xf8, 0xa2, 0x60, 0xff, 0xf8, 0xa2, 0x60, 0xff, 0xf8, 0xa2, 0x60, 0xff,
    0xf8, 0xa2, 0x60, 0xff, 0xf8, 0xa2, 0x60, 0xff, 0xf8, 0xa2, 0x60, 0xff, 0xf8, 0xa2, 0x60, 0xff,
    0xf8, 0xa2, 0x60, 0xff, 0xf8, 0xa2, 0x60, 0xff, 0xf8, 0xa2, 0x60, 0xff, 0xf8, 0xa2, 0x60, 0xff,
    0xf8, 0xa2, 0x60, 0xff, 0xf9, 0xa2, 0x60, 0xff, 0xf7, 0xa1, 0x5f, 0xff, 0xf1, 0x9e, 0x5c, 0xff,
    0xed, 0x9b, 0x59, 0xff, 0xf6, 0xa1, 0x5f, 0xff, 0xf9, 0xa3, 0x61, 0xff, 0xf8, 0xa2, 0x60, 0xff,
    0xf8, 0xa2, 0x60, 0xff, 0xf8, 0xa2, 0x60, 0xff, 0xf8, 0xa2, 0x60, 0xff, 0xf8, 0xa2, 0x60, 0xff,
    0xf8, 0xa2, 0x60, 0xff, 0xf8, 0xa2, 0x60, 0xff, 0xf8, 0xa2, 0x60, 0xff, 0xf8, 0xa2, 0x60, 0xff,
    0xf8, 0xa2, 0x60, 0xff, 0xf8, 0xa2, 0x60, 0xff, 0xf8, 0xa2, 0x60, 0xff, 0xf8, 0xa2, 0x60, 0xff,
    0xf8, 0xa2, 0x60, 0xff, 0xf8, 0xa2, 0x60, 0xff, 0xf8, 0xa2, 0x60, 0xff, 0xf8, 0xa2, 0x60, 0xff,
    0xf8, 0xa2, 0x60, 0xff, 0xf8, 0xa2, 0x60, 0xff, 0xf8, 0xa2, 0x60, 0xff, 0xf8, 0xa2, 0x60, 0xff,
    0xf8, 0xa2, 0x60, 0xff, 0xf8, 0xa2, 0x60, 0xff, 0xf8, 0xa2, 0x60, 0xff, 0xf8, 0xa2, 0x60, 0xff,
    0xf8, 0xa4, 0x63, 0xff, 0xf8, 0x9c, 0x57, 0xff, 0xfb, 0xce, 0xab, 0xff, 0xff, 0xfb, 0xf7, 0xff,
    0xff, 0xfe, 0xfd, 0xff, 0xff, 0xfe, 0xfe, 0xff, 0xff, 0xff, 0xff, 0xff, 0xff, 0xff, 0xff, 0xff,
    0xff, 0xff, 0xff, 0xff, 0xff, 0xff, 0xff, 0xff, 0xff, 0xff, 0xff, 0xff, 0xff, 0xff, 0xff, 0xff,
    0xff, 0xff, 0xff, 0xff, 0xff, 0xff, 0xff, 0xff, 0xff, 0xff, 0xff, 0xff, 0xff, 0xff, 0xff, 0xff,
    0xff, 0xff, 0xff, 0xff, 0xff, 0xff, 0xff, 0xff, 0xff, 0xff, 0xff, 0xff, 0xff, 0xff, 0xff, 0xff,
    0xff, 0xff, 0xff, 0xff, 0xff, 0xff, 0xff, 0xff, 0xff, 0xff, 0xff, 0xff, 0xff, 0xff, 0xff, 0xff,
    0xff, 0xff, 0xff, 0xff, 0xff, 0xff, 0xff, 0xff, 0xff, 0xff, 0xff, 0xff, 0xff, 0xff, 0xff, 0xff,
    0xff, 0xff, 0xff, 0xff, 0xff, 0xff, 0xff, 0xff, 0xff, 0xff, 0xff, 0xff, 0xff, 0xff, 0xff, 0xff,
    0xff, 0xff, 0xff, 0xff, 0xff, 0xff, 0xff, 0xff, 0xff, 0xff, 0xff, 0xff, 0xff, 0xff, 0xff, 0xff,
    0xff, 0xff, 0xff, 0xff, 0xff, 0xff, 0xff, 0xff, 0xff, 0xff, 0xff, 0xff, 0xff, 0xff, 0xff, 0xff,
    0xff, 0xff, 0xff, 0xff, 0xff, 0xff, 0xff, 0xff, 0xff, 0xff, 0xff, 0xff, 0xff, 0xff, 0xff, 0xff,
    0xff, 0xff, 0xff, 0xff, 0xff, 0xff, 0xff, 0xff, 0xff, 0xff, 0xff, 0xff, 0xff, 0xff, 0xff, 0xff,
    0xff, 0xff, 0xff, 0xff, 0xff, 0xff, 0xff, 0xff, 0xff, 0xff, 0xff, 0xff, 0xff, 0xff, 0xff, 0xff,
    0xff, 0xff, 0xff, 0xff, 0xff, 0xff, 0xff, 0xff, 0xff, 0xff, 0xff, 0xff, 0xff, 0xff, 0xff, 0xff,
    0xff, 0xff, 0xff, 0xff, 0xff, 0xff, 0xff, 0xff, 0xff, 0xff, 0xff, 0xff, 0xff, 0xff, 0xff, 0xff,
    0xff, 0xff, 0xff, 0xff, 0xff, 0xff, 0xff, 0xff, 0xff, 0xfe, 0xfe, 0xff, 0xff, 0xff, 0xff, 0xff,
    0xfb, 0xd3, 0xb5, 0xff, 0xf8, 0xa6, 0x68, 0xff, 0xf8, 0xa0, 0x5c, 0xff, 0xf8, 0xa3, 0x62, 0xff,
    0xf8, 0xa2, 0x60, 0xff, 0xf8, 0xa2, 0x60, 0xff, 0xf8, 0xa2, 0x60, 0xff, 0xf8, 0xa2, 0x60, 0xff,
    0xf8, 0xa2, 0x60, 0xff, 0xf8, 0xa2, 0x60, 0xff, 0xf8, 0xa2, 0x60, 0xff, 0xf8, 0xa2, 0x60, 0xff,
    0xf8, 0xa2, 0x60, 0xff, 0xf8, 0xa2, 0x60, 0xff, 0xf8, 0xa2, 0x60, 0xff, 0xf8, 0xa2, 0x60, 0xff,
    0xf8, 0xa2, 0x60, 0xff, 0xf8, 0xa2, 0x60, 0xff, 0xf8, 0xa2, 0x60, 0xff, 0xf8, 0xa2, 0x60, 0xff,
    0xf8, 0xa2, 0x60, 0xff, 0xf8, 0xa2, 0x60, 0xff, 0xf8, 0xa2, 0x60, 0xff, 0xf8, 0xa2, 0x60, 0xff,
    0xf8, 0xa2, 0x60, 0xff, 0xf8, 0xa2, 0x60, 0xff, 0xf8, 0xa2, 0x60, 0xff, 0xf8, 0xa2, 0x60, 0xff,
    0xf8, 0xa2, 0x60, 0xff, 0xf8, 0xa2, 0x60, 0xff, 0xf8, 0xa2, 0x60, 0xff, 0xf9, 0xa3, 0x61, 0xff,
    0xf6, 0xa1, 0x5f, 0xff, 0xed, 0x9b, 0x59, 0xff, 0xeb, 0x9b, 0x59, 0xff, 0xf6, 0xa1, 0x5f, 0xff,
    0xf9, 0xa3, 0x61, 0xff, 0xf8, 0xa2, 0x60, 0xff, 0xf8, 0xa2, 0x60, 0xff, 0xf8, 0xa2, 0x60, 0xff,
    0xf8, 0xa2, 0x60, 0xff, 0xf8, 0xa2, 0x60, 0xff, 0xf8, 0xa2, 0x60, 0xff, 0xf8, 0xa2, 0x60, 0xff,
    0xf8, 0xa2, 0x60, 0xff, 0xf8, 0xa2, 0x60, 0xff, 0xf8, 0xa2, 0x60, 0xff, 0xf8, 0xa2, 0x60, 0xff,
    0xf8, 0xa2, 0x60, 0xff, 0xf8, 0xa2, 0x60, 0xff, 0xf8, 0xa2, 0x60, 0xff, 0xf8, 0xa2, 0x60, 0xff,
    0xf8, 0xa2, 0x60, 0xff, 0xf8, 0xa2, 0x60, 0xff, 0xf8, 0xa2, 0x60, 0xff, 0xf8, 0xa2, 0x60, 0xff,
    0xf8, 0xa2, 0x60, 0xff, 0xf8, 0xa2, 0x60, 0xff, 0xf8, 0xa2, 0x60, 0xff, 0xf8, 0xa2, 0x60, 0xff,
    0xf8, 0xa2, 0x60, 0xff, 0xf8, 0xa2, 0x60, 0xff, 0xf8, 0xa3, 0x61, 0xff, 0xf8, 0xa0, 0x5e, 0xff,
    0xf9, 0xa8, 0x69, 0xff, 0xfd, 0xe2, 0xce, 0xff, 0xff, 0xff, 0xff, 0xff, 0xff, 0xfc, 0xfb, 0xff,
    0xff, 0xff, 0xff, 0xff, 0xff, 0xff, 0xff, 0xff, 0xff, 0xff, 0xff, 0xff, 0xff, 0xff, 0xff, 0xff,
    0xff, 0xff, 0xff, 0xff, 0xff, 0xff, 0xff, 0xff, 0xff, 0xff, 0xff, 0xff, 0xff, 0xff, 0xff, 0xff,
    0xff, 0xff, 0xff, 0xff, 0xff, 0xff, 0xff, 0xff, 0xff, 0xff, 0xff, 0xff, 0xff, 0xff, 0xff, 0xff,
    0xff, 0xff, 0xff, 0xff, 0xff, 0xff, 0xff, 0xff, 0xff, 0xff, 0xff, 0xff, 0xff, 0xff, 0xff, 0xff,
    0xff, 0xff, 0xff, 0xff, 0xff, 0xff, 0xff, 0xff, 0xff, 0xff, 0xff, 0xff, 0xff, 0xff, 0xff, 0xff,
    0xff, 0xff, 0xff, 0xff, 0xff, 0xff, 0xff, 0xff, 0xff, 0xff, 0xff, 0xff, 0xff, 0xff, 0xff, 0xff,
    0xff, 0xff, 0xff, 0xff, 0xff, 0xff, 0xff, 0xff, 0xff, 0xff, 0xfe, 0xff, 0xff, 0xff, 0xfe, 0xff,
    0xff, 0xff, 0xfe, 0xff, 0xff, 0xff, 0xff, 0xff, 0xff, 0xff, 0xff, 0xff, 0xff, 0xff, 0xff, 0xff,
    0xff, 0xff, 0xff, 0xff, 0xff, 0xff, 0xff, 0xff, 0xff, 0xff, 0xff, 0xff, 0xff, 0xff, 0xff, 0xff,
    0xff, 0xff, 0xff, 0xff, 0xff, 0xff, 0xff, 0xff, 0xff, 0xff, 0xff, 0xff, 0xff, 0xff, 0xff, 0xff,
    0xff, 0xff, 0xff, 0xff, 0xff, 0xff, 0xff, 0xff, 0xff, 0xff, 0xff, 0xff, 0xff, 0xff, 0xff, 0xff,
    0xff, 0xff, 0xff, 0xff, 0xff, 0xff, 0xff, 0xff, 0xff, 0xff, 0xff, 0xff, 0xff, 0xff, 0xff, 0xff,
    0xff, 0xff, 0xff, 0xff, 0xff, 0xff, 0xff, 0xff, 0xff, 0xff, 0xff, 0xff, 0xff, 0xff, 0xff, 0xff,
    0xff, 0xff, 0xff, 0xff, 0xff, 0xff, 0xff, 0xff, 0xff, 0xff, 0xff, 0xff, 0xff, 0xff, 0xff, 0xff,
    0xff, 0xfe, 0xfd, 0xff, 0xfe, 0xf0, 0xe7, 0xff, 0xf9, 0xb4, 0x7f, 0xff, 0xf8, 0x9d, 0x58, 0xff,
    0xf8, 0xa3, 0x62, 0xff, 0xf8, 0xa2, 0x60, 0xff, 0xf8, 0xa2, 0x60, 0xff, 0xf8, 0xa2, 0x60, 0xff,
    0xf8, 0xa2, 0x60, 0xff, 0xf8, 0xa2, 0x60, 0xff, 0xf8, 0xa2, 0x60, 0xff, 0xf8, 0xa2, 0x60, 0xff,
    0xf8, 0xa2, 0x60, 0xff, 0xf8, 0xa2, 0x60, 0xff, 0xf8, 0xa2, 0x60, 0xff, 0xf8, 0xa2, 0x60, 0xff,
    0xf8, 0xa2, 0x60, 0xff, 0xf8, 0xa2, 0x60, 0xff, 0xf8, 0xa2, 0x60, 0xff, 0xf8, 0xa2, 0x60, 0xff,
    0xf8, 0xa2, 0x60, 0xff, 0xf8, 0xa2, 0x60, 0xff, 0xf8, 0xa2, 0x60, 0xff, 0xf8, 0xa2, 0x60, 0xff,
    0xf8, 0xa2, 0x60, 0xff, 0xf8, 0xa2, 0x60, 0xff, 0xf8, 0xa2, 0x60, 0xff, 0xf8, 0xa2, 0x60, 0xff,
    0xf8, 0xa2, 0x60, 0xff, 0xf8, 0xa2, 0x60, 0xff, 0xf8, 0xa2, 0x60, 0xff, 0xf8, 0xa2, 0x60, 0xff,
    0xf8, 0xa2, 0x60, 0xff, 0xf9, 0xa3, 0x61, 0xff, 0xf6, 0xa1, 0x5f, 0xff, 0xeb, 0x9b, 0x59, 0xff,
    0xe5, 0x99, 0x57, 0xff, 0xf5, 0xa0, 0x5e, 0xff, 0xfa, 0xa3, 0x61, 0xff, 0xf8, 0xa2, 0x60, 0xff,
    0xf8, 0xa2, 0x60, 0xff, 0xf8, 0xa2, 0x60, 0xff, 0xf8, 0xa2, 0x60, 0xff, 0xf8, 0xa2, 0x60, 0xff,
    0xf8, 0xa2, 0x60, 0xff, 0xf8, 0xa2, 0x60, 0xff, 0xf8, 0xa2, 0x60, 0xff, 0xf8, 0xa2, 0x60, 0xff,
    0xf8, 0xa2, 0x60, 0xff, 0xf8, 0xa2, 0x60, 0xff, 0xf8, 0xa2, 0x60, 0xff, 0xf8, 0xa2, 0x60, 0xff,
    0xf8, 0xa2, 0x60, 0xff, 0xf8, 0xa2, 0x60, 0xff, 0xf8, 0xa2, 0x60, 0xff, 0xf8, 0xa2, 0x60, 0xff,
    0xf8, 0xa2, 0x60, 0xff, 0xf8, 0xa2, 0x60, 0xff, 0xf8, 0xa2, 0x60, 0xff, 0xf8, 0xa2, 0x60, 0xff,
    0xf8, 0xa2, 0x60, 0xff, 0xf8, 0xa2, 0x60, 0xff, 0xf8, 0xa2, 0x60, 0xff, 0xf8, 0xa2, 0x60, 0xff,
    0xf8, 0xa2, 0x60, 0xff, 0xf8, 0xa4, 0x64, 0xff, 0xf8, 0x9b, 0x53, 0xff, 0xfb, 0xc1, 0x95, 0xff,
    0xff, 0xf3, 0xea, 0xff, 0xff, 0xfd, 0xfb, 0xff, 0xff, 0xff, 0xfe, 0xff, 0xff, 0xff, 0xff, 0xff,
    0xff, 0xff, 0xff, 0xff, 0xff, 0xff, 0xff, 0xff, 0xff, 0xff, 0xff, 0xff, 0xff, 0xff, 0xff, 0xff,
    0xff, 0xff, 0xff, 0xff, 0xff, 0xff, 0xff, 0xff, 0xff, 0xff, 0xff, 0xff, 0xff, 0xff, 0xff, 0xff,
    0xff, 0xff, 0xff, 0xff, 0xff, 0xff, 0xff, 0xff, 0xff, 0xff, 0xff, 0xff, 0xff, 0xff, 0xff, 0xff,
    0xff, 0xff, 0xff, 0xff, 0xff, 0xff, 0xff, 0xff, 0xff, 0xff, 0xff, 0xff, 0xff, 0xff, 0xff, 0xff,
    0xff, 0xff, 0xff, 0xff, 0xff, 0xff, 0xff, 0xff, 0xff, 0xff, 0xff, 0xff, 0xff, 0xff, 0xff, 0xff,
    0xff, 0xff, 0xff, 0xff, 0xff, 0xff, 0xff, 0xff, 0xff, 0xff, 0xff, 0xff, 0xff, 0xff, 0xff, 0xff,
    0xff, 0xff, 0xff, 0xff, 0xff, 0xff, 0xff, 0xff, 0xff, 0xff, 0xff, 0xff, 0xff, 0xff, 0xff, 0xff,
    0xff, 0xff, 0xff, 0xff, 0xff, 0xff, 0xff, 0xff, 0xff, 0xff, 0xff, 0xff, 0xff, 0xff, 0xff, 0xff,
    0xff, 0xff, 0xff, 0xff, 0xff, 0xff, 0xff, 0xff, 0xff, 0xff, 0xff, 0xff, 0xff, 0xff, 0xff, 0xff,
    0xff, 0xff, 0xff, 0xff, 0xff, 0xff, 0xff, 0xff, 0xff, 0xff, 0xff, 0xff, 0xff, 0xff, 0xff, 0xff,
    0xff, 0xff, 0xff, 0xff, 0xff, 0xff, 0xff, 0xff, 0xff, 0xff, 0xff, 0xff, 0xff, 0xff, 0xff, 0xff,
    0xff, 0xff, 0xff, 0xff, 0xff, 0xff, 0xff, 0xff, 0xff, 0xff, 0xff, 0xff, 0xff, 0xff, 0xff, 0xff,
    0xff, 0xff, 0xff, 0xff, 0xff, 0xff, 0xff, 0xff, 0xff, 0xff, 0xff, 0xff, 0xff, 0xff, 0xff, 0xff,
    0xff, 0xff, 0xff, 0xff, 0xff, 0xff, 0xff, 0xff, 0xff, 0xff, 0xff, 0xff, 0xfa, 0xc4, 0x9a, 0xff,
    0xf8, 0xa2, 0x5f, 0xff, 0xf8, 0xa0, 0x5d, 0xff, 0xf8, 0xa2, 0x61, 0xff, 0xf8, 0xa2, 0x60, 0xff,
    0xf8, 0xa2, 0x60, 0xff, 0xf8, 0xa2, 0x60, 0xff, 0xf8, 0xa2, 0x60, 0xff, 0xf8, 0xa2, 0x60, 0xff,
    0xf8, 0xa2, 0x60, 0xff, 0xf8, 0xa2, 0x60, 0xff, 0xf8, 0xa2, 0x60, 0xff, 0xf8, 0xa2, 0x60, 0xff,
    0xf8, 0xa2, 0x60, 0xff, 0xf8, 0xa2, 0x60, 0xff, 0xf8, 0xa2, 0x60, 0xff, 0xf8, 0xa2, 0x60, 0xff,
    0xf8, 0xa2, 0x60, 0xff, 0xf8, 0xa2, 0x60, 0xff, 0xf8, 0xa2, 0x60, 0xff, 0xf8, 0xa2, 0x60, 0xff,
    0xf8, 0xa2, 0x60, 0xff, 0xf8, 0xa2, 0x60, 0xff, 0xf8, 0xa2, 0x60, 0xff, 0xf8, 0xa2, 0x60, 0xff,
    0xf8, 0xa2, 0x60, 0xff, 0xf8, 0xa2, 0x60, 0xff, 0xf8, 0xa2, 0x60, 0xff, 0xf8, 0xa2, 0x60, 0xff,
    0xf8, 0xa2, 0x60, 0xff, 0xf8, 0xa2, 0x60, 0xff, 0xf8, 0xa2, 0x60, 0xff, 0xfa, 0xa3, 0x61, 0xff,
    0xf5, 0xa0, 0x5e, 0xff, 0xe5, 0x99, 0x57, 0xff, 0xdf, 0x95, 0x53, 0xfe, 0xf4, 0xa0, 0x5e, 0xff,
    0xfa, 0xa3, 0x61, 0xff, 0xf8, 0xa2, 0x60, 0xff, 0xf8, 0xa2, 0x60, 0xff, 0xf8, 0xa2, 0x60, 0xff,
    0xf8, 0xa2, 0x60, 0xff, 0xf8, 0xa2, 0x60, 0xff, 0xf8, 0xa2, 0x60, 0xff, 0xf8, 0xa2, 0x60, 0xff,
    0xf8, 0xa2, 0x60, 0xff, 0xf8, 0xa2, 0x60, 0xff, 0xf8, 0xa2, 0x60, 0xff, 0xf8, 0xa2, 0x60, 0xff,
    0xf8, 0xa2, 0x60, 0xff, 0xf8, 0xa2, 0x60, 0xff, 0xf8, 0xa2, 0x60, 0xff, 0xf8, 0xa2, 0x60, 0xff,
    0xf8, 0xa2, 0x60, 0xff, 0xf8, 0xa2, 0x60, 0xff, 0xf8, 0xa2, 0x60, 0xff, 0xf8, 0xa2, 0x60, 0xff,
    0xf8, 0xa2, 0x60, 0xff, 0xf8, 0xa2, 0x60, 0xff, 0xf8, 0xa2, 0x60, 0xff, 0xf8, 0xa2, 0x60, 0xff,
    0xf8, 0xa2, 0x60, 0xff, 0xf8, 0xa2, 0x60, 0xff, 0xf8, 0xa2, 0x60, 0xff, 0xf8, 0xa2, 0x61, 0xff,
    0xf8, 0xa2, 0x5f, 0xff, 0xf8, 0xa4, 0x65, 0xff, 0xfd, 0xd7, 0xba, 0xff, 0xff, 0xff, 0xff, 0xff,
    0xff, 0xfd, 0xfc, 0xff, 0xff, 0xff, 0xff, 0xff, 0xff, 0xff, 0xff, 0xff, 0xff, 0xff, 0xff, 0xff,
    0xff, 0xff, 0xff, 0xff, 0xff, 0xff, 0xff, 0xff, 0xff, 0xff, 0xff, 0xff, 0xff, 0xff, 0xff, 0xff,
    0xff, 0xff, 0xff, 0xff, 0xff, 0xfe, 0xfe, 0xff, 0xff, 0xfe, 0xfd, 0xff, 0xff, 0xff, 0xfe, 0xff,
    0xff, 0xff, 0xff, 0xff, 0xff, 0xff, 0xff, 0xff, 0xff, 0xff, 0xff, 0xff, 0xff, 0xff, 0xff, 0xff,
    0xff, 0xff, 0xff, 0xff, 0xff, 0xff, 0xff, 0xff, 0xff, 0xff, 0xff, 0xff, 0xff, 0xff, 0xff, 0xff,
    0xff, 0xff, 0xff, 0xff, 0xff, 0xff, 0xff, 0xff, 0xff, 0xff, 0xff, 0xff, 0xff, 0xff, 0xff, 0xff,
    0xff, 0xff, 0xff, 0xff, 0xff, 0xff, 0xff, 0xff, 0xff, 0xff, 0xff, 0xff, 0xff, 0xff, 0xff, 0xff,
    0xff, 0xff, 0xff, 0xff, 0xff, 0xff, 0xff, 0xff, 0xff, 0xff, 0xff, 0xff, 0xff, 0xff, 0xff, 0xff,
    0xff, 0xff, 0xff, 0xff, 0xff, 0xff, 0xff, 0xff, 0xff, 0xff, 0xff, 0xff, 0xff, 0xff, 0xff, 0xff,
    0xff, 0xff, 0xff, 0xff, 0xff, 0xff, 0xff, 0xff, 0xff, 0xff, 0xff, 0xff, 0xff, 0xff, 0xff, 0xff,
    0xff, 0xff, 0xff, 0xff, 0xff, 0xff, 0xff, 0xff, 0xff, 0xff, 0xff, 0xff, 0xff, 0xff, 0xfe, 0xff,
    0xff, 0xfe, 0xfd, 0xff, 0xff, 0xfe, 0xfe, 0xff, 0xff, 0xff, 0xff, 0xff, 0xff, 0xff, 0xff, 0xff,
    0xff, 0xff, 0xff, 0xff, 0xff, 0xff, 0xff, 0xff, 0xff, 0xff, 0xff, 0xff, 0xff, 0xff, 0xff, 0xff,
    0xff, 0xff, 0xff, 0xff, 0xff, 0xff, 0xfe, 0xff, 0xff, 0xff, 0xff, 0xff, 0xff, 0xff, 0xfe, 0xff,
    0xfe, 0xed, 0xe1, 0xff, 0xf8, 0xa8, 0x6a, 0xff, 0xf8, 0x9d, 0x58, 0xff, 0xf8, 0xa4, 0x62, 0xff,
    0xf8, 0xa2, 0x60, 0xff, 0xf8, 0xa2, 0x60, 0xff, 0xf8, 0xa2, 0x60, 0xff, 0xf8, 0xa2, 0x60, 0xff,
    0xf8, 0xa2, 0x60, 0xff, 0xf8, 0xa2, 0x60, 0xff, 0xf8, 0xa2, 0x60, 0xff, 0xf8, 0xa2, 0x60, 0xff,
    0xf8, 0xa2, 0x60, 0xff, 0xf8, 0xa2, 0x60, 0xff, 0xf8, 0xa2, 0x60, 0xff, 0xf8, 0xa2, 0x60, 0xff,
    0xf8, 0xa2, 0x60, 0xff, 0xf8, 0xa2, 0x60, 0xff, 0xf8, 0xa2, 0x60, 0xff, 0xf8, 0xa2, 0x60, 0xff,
    0xf8, 0xa2, 0x60, 0xff, 0xf8, 0xa2, 0x60, 0xff, 0xf8, 0xa2, 0x60, 0xff, 0xf8, 0xa2, 0x60, 0xff,
    0xf8, 0xa2, 0x60, 0xff, 0xf8, 0xa2, 0x60, 0xff, 0xf8, 0xa2, 0x60, 0xff, 0xf8, 0xa2, 0x60, 0xff,
    0xf8, 0xa2, 0x60, 0xff, 0xf8, 0xa2, 0x60, 0xff, 0xf8, 0xa2, 0x60, 0xff, 0xf8, 0xa2, 0x60, 0xff,
    0xf8, 0xa2, 0x60, 0xff, 0xfa, 0xa3, 0x61, 0xff, 0xf4, 0xa0, 0x5e, 0xff, 0xdf, 0x95, 0x53, 0xfe,
    0xdd, 0x95, 0x53, 0xff, 0xf4, 0xa0, 0x5e, 0xff, 0xfa, 0xa3, 0x61, 0xff, 0xf8, 0xa2, 0x60, 0xff,
    0xf8, 0xa2, 0x60, 0xff, 0xf8, 0xa2, 0x60, 0xff, 0xf8, 0xa2, 0x60, 0xff, 0xf8, 0xa2, 0x60, 0xff,
    0xf8, 0xa2, 0x60, 0xff, 0xf8, 0xa2, 0x60, 0xff, 0xf8, 0xa2, 0x60, 0xff, 0xf8, 0xa2, 0x60, 0xff,
    0xf8, 0xa2, 0x60, 0xff, 0xf8, 0xa2, 0x60, 0xff, 0xf8, 0xa2, 0x60, 0xff, 0xf8, 0xa2, 0x60, 0xff,
    0xf8, 0xa2, 0x60, 0xff, 0xf8, 0xa2, 0x60, 0xff, 0xf8, 0xa2, 0x60, 0xff, 0xf8, 0xa2, 0x60, 0xff,
    0xf8, 0xa2, 0x60, 0xff, 0xf8, 0xa2, 0x60, 0xff, 0xf8, 0xa2, 0x60, 0xff, 0xf8, 0xa2, 0x60, 0xff,
    0xf8, 0xa2, 0x60, 0xff, 0xf8, 0xa2, 0x60, 0xff, 0xf8, 0xa2, 0x60, 0xff, 0xf8, 0xa2, 0x60, 0xff,
    0xf8, 0xa2, 0x60, 0xff, 0xf8, 0xa2, 0x60, 0xff, 0xf8, 0xa4, 0x64, 0xff, 0xf7, 0x9b, 0x55, 0xff,
    0xfa, 0xba, 0x89, 0xff, 0xfe, 0xf3, 0xeb, 0xff, 0xff, 0xfe, 0xfd, 0xff, 0xff, 0xff, 0xff, 0xff,
    0xff, 0xff, 0xff, 0xff, 0xff, 0xff, 0xff, 0xff, 0xff, 0xff, 0xff, 0xff, 0xff, 0xff, 0xff, 0xff,
    0xff, 0xff, 0xff, 0xff, 0xff, 0xfe, 0xfd, 0xff, 0xff, 0xfe, 0xfd, 0xff, 0xff, 0xff, 0xff, 0xff,
    0xff, 0xff, 0xff, 0xff, 0xff, 0xff, 0xff, 0xff, 0xff, 0xfe, 0xfe, 0xff, 0xff, 0xff, 0xff, 0xff,
    0xff, 0xff, 0xff, 0xff, 0xff, 0xff, 0xff, 0xff, 0xff, 0xff, 0xff, 0xff, 0xff, 0xff, 0xff, 0xff,
    0xff, 0xff, 0xff, 0xff, 0xff, 0xff, 0xff, 0xff, 0xff, 0xff, 0xff, 0xff, 0xff, 0xff, 0xff, 0xff,
    0xff, 0xff, 0xff, 0xff, 0xff, 0xff, 0xff, 0xff, 0xff, 0xff, 0xff, 0xff, 0xff, 0xff, 0xff, 0xff,
    0xff, 0xff, 0xff, 0xff, 0xff, 0xff, 0xff, 0xff, 0xff, 0xff, 0xff, 0xff, 0xff, 0xff, 0xff, 0xff,
    0xff, 0xff, 0xff, 0xff, 0xff, 0xff, 0xff, 0xff, 0xff, 0xff, 0xff, 0xff, 0xff, 0xff, 0xff, 0xff,
    0xff, 0xff, 0xff, 0xff, 0xff, 0xff, 0xff, 0xff, 0xff, 0xff, 0xff, 0xff, 0xff, 0xff, 0xff, 0xff,
    0xff, 0xff, 0xff, 0xff, 0xff, 0xff, 0xff, 0xff, 0xff, 0xff, 0xff, 0xff, 0xff, 0xff, 0xff, 0xff,
    0xff, 0xfe, 0xfe, 0xff, 0xff, 0xff, 0xff, 0xff, 0xff, 0xff, 0xff, 0xff, 0xff, 0xff, 0xff, 0xff,
    0xff, 0xfe, 0xfd, 0xff, 0xff, 0xfe, 0xfd, 0xff, 0xff, 0xff, 0xfe, 0xff, 0xff, 0xff, 0xff, 0xff,
    0xff, 0xff, 0xff, 0xff, 0xff, 0xff, 0xff, 0xff, 0xff, 0xff, 0xff, 0xff, 0xff, 0xff, 0xfe, 0xff,
    0xff, 0xff, 0xff, 0xff, 0xff, 0xfe, 0xfc, 0xff, 0xfa, 0xbe, 0x91, 0xff, 0xf8, 0xa3, 0x63, 0xff,
    0xf8, 0xa1, 0x5e, 0xff, 0xf8, 0xa2, 0x60, 0xff, 0xf8, 0xa2, 0x60, 0xff, 0xf8, 0xa2, 0x60, 0xff,
    0xf8, 0xa2, 0x60, 0xff, 0xf8, 0xa2, 0x60, 0xff, 0xf8, 0xa2, 0x60, 0xff, 0xf8, 0xa2, 0x60, 0xff,
    0xf8, 0xa2, 0x60, 0xff, 0xf8, 0xa2, 0x60, 0xff, 0xf8, 0xa2, 0x60, 0xff, 0xf8, 0xa2, 0x60, 0xff,
    0xf8, 0xa2, 0x60, 0xff, 0xf8, 0xa2, 0x60, 0xff, 0xf8, 0xa2, 0x60, 0xff, 0xf8, 0xa2, 0x60, 0xff,
    0xf8, 0xa2, 0x60, 0xff, 0xf8, 0xa2, 0x60, 0xff, 0xf8, 0xa2, 0x60, 0xff, 0xf8, 0xa2, 0x60, 0xff,
    0xf8, 0xa2, 0x60, 0xff, 0xf8, 0xa2, 0x60, 0xff, 0xf8, 0xa2, 0x60, 0xff, 0xf8, 0xa2, 0x60, 0xff,
    0xf8, 0xa2, 0x60, 0xff, 0xf8, 0xa2, 0x60, 0xff, 0xf8, 0xa2, 0x60, 0xff, 0xf8, 0xa2, 0x60, 0xff,
    0xf8, 0xa2, 0x60, 0xff, 0xf8, 0xa2, 0x60, 0xff, 0xf8, 0xa2, 0x60, 0xff, 0xfa, 0xa3, 0x61, 0xff,
    0xf4, 0xa0, 0x5e, 0xff, 0xdd, 0x95, 0x53, 0xff, 0xda, 0x94, 0x52, 0xfb, 0xef, 0x9d, 0x5b, 0xfe,
    0xf9, 0xa2, 0x60, 0xff, 0xf8, 0xa2, 0x60, 0xff, 0xf8, 0xa2, 0x60, 0xff, 0xf8, 0xa2, 0x60, 0xff,
    0xf8, 0xa2, 0x60, 0xff, 0xf8, 0xa2, 0x60, 0xff, 0xf8, 0xa2, 0x60, 0xff, 0xf8, 0xa2, 0x60, 0xff,
    0xf8, 0xa2, 0x60, 0xff, 0xf8, 0xa2, 0x60, 0xff, 0xf8, 0xa2, 0x60, 0xff, 0xf8, 0xa2, 0x60, 0xff,
    0xf8, 0xa2, 0x60, 0xff, 0xf8, 0xa2, 0x60, 0xff, 0xf8, 0xa2, 0x60, 0xff, 0xf8, 0xa2, 0x60, 0xff,
    0xf8, 0xa2, 0x60, 0xff, 0xf8, 0xa2, 0x60, 0xff, 0xf8, 0xa2, 0x60, 0xff, 0xf8, 0xa2, 0x60, 0xff,
    0xf8, 0xa2, 0x60, 0xff, 0xf8, 0xa2, 0x60, 0xff, 0xf8, 0xa2, 0x60, 0xff, 0xf8, 0xa2, 0x60, 0xff,
    0xf8, 0xa2, 0x60, 0xff, 0xf8, 0xa2, 0x60, 0xff, 0xf8, 0xa2, 0x60, 0xff, 0xf8, 0xa2, 0x60, 0xff,
    0xf8, 0xa2, 0x61, 0xff, 0xf8, 0xa2, 0x60, 0xff, 0xf8, 0xa3, 0x63, 0xff, 0xfb, 0xcb, 0xa6, 0xff,
    0xff, 0xff, 0xff, 0xff, 0xff, 0xfd, 0xfd, 0xff, 0xff, 0xfe, 0xfe, 0xff, 0xff, 0xff, 0xff, 0xff,
    0xff, 0xff, 0xfe, 0xff, 0xff, 0xfe, 0xfe, 0xff, 0xff, 0xff, 0xff, 0xff, 0xff, 0xff, 0xff, 0xff,
    0xff, 0xff, 0xff, 0xff, 0xff, 0xfc, 0xf9, 0xff, 0xfe, 0xf4, 0xec, 0xff, 0xff, 0xff, 0xff, 0xff,
    0xff, 0xff, 0xff, 0xff, 0xff, 0xff, 0xff, 0xff, 0xff, 0xff, 0xff, 0xff, 0xff, 0xff, 0xff, 0xff,
    0xff, 0xff, 0xff, 0xff, 0xff, 0xff, 0xff, 0xff, 0xff, 0xff, 0xff, 0xff, 0xff, 0xff, 0xff, 0xff,
    0xff, 0xff, 0xff, 0xff, 0xff, 0xff, 0xff, 0xff, 0xff, 0xff, 0xff, 0xff, 0xff, 0xff, 0xff, 0xff,
    0xff, 0xff, 0xff, 0xff, 0xff, 0xff, 0xff, 0xff, 0xff, 0xff, 0xff, 0xff, 0xff, 0xff, 0xff, 0xff,
    0xff, 0xff, 0xff, 0xff, 0xff, 0xff, 0xff, 0xff, 0xff, 0xff, 0xff, 0xff, 0xff, 0xff, 0xff, 0xff,
    0xff, 0xff, 0xff, 0xff, 0xff, 0xff, 0xff, 0xff, 0xff, 0xff, 0xff, 0xff, 0xff, 0xff, 0xff, 0xff,
    0xff, 0xff, 0xff, 0xff, 0xff, 0xff, 0xff, 0xff, 0xff, 0xff, 0xff, 0xff, 0xff, 0xff, 0xff, 0xff,
    0xff, 0xff, 0xff, 0xff, 0xff, 0xfe, 0xfd, 0xff, 0xff, 0xff, 0xff, 0xff, 0xff, 0xff, 0xff, 0xff,
    0xfe, 0xf4, 0xec, 0xff, 0xff, 0xfb, 0xf8, 0xff, 0xff, 0xff, 0xff, 0xff, 0xff, 0xff, 0xff, 0xff,
    0xff, 0xff, 0xff, 0xff, 0xff, 0xfe, 0xfe, 0xff, 0xff, 0xff, 0xfe, 0xff, 0xff, 0xff, 0xff, 0xff,
    0xff, 0xfe, 0xfe, 0xff, 0xff, 0xfe, 0xfe, 0xff, 0xff, 0xff, 0xfe, 0xff, 0xfd, 0xe5, 0xd1, 0xff,
    0xf8, 0xa1, 0x5e, 0xff, 0xf8, 0x9f, 0x5b, 0xff, 0xf8, 0xa3, 0x61, 0xff, 0xf8, 0xa2, 0x60, 0xff,
    0xf8, 0xa2, 0x60, 0xff, 0xf8, 0xa2, 0x60, 0xff, 0xf8, 0xa2, 0x60, 0xff, 0xf8, 0xa2, 0x60, 0xff,
    0xf8, 0xa2, 0x60, 0xff, 0xf8, 0xa2, 0x60, 0xff, 0xf8, 0xa2, 0x60, 0xff, 0xf8, 0xa2, 0x60, 0xff,
    0xf8, 0xa2, 0x60, 0xff, 0xf8, 0xa2, 0x60, 0xff, 0xf8, 0xa2, 0x60, 0xff, 0xf8, 0xa2, 0x60, 0xff,
    0xf8, 0xa2, 0x60, 0xff, 0xf8, 0xa2, 0x60, 0xff, 0xf8, 0xa2, 0x60, 0xff, 0xf8, 0xa2, 0x60, 0xff,
    0xf8, 0xa2, 0x60, 0xff, 0xf8, 0xa2, 0x60, 0xff, 0xf8, 0xa2, 0x60, 0xff, 0xf8, 0xa2, 0x60, 0xff,
    0xf8, 0xa2, 0x60, 0xff, 0xf8, 0xa2, 0x60, 0xff, 0xf8, 0xa2, 0x60, 0xff, 0xf8, 0xa2, 0x60, 0xff,
    0xf8, 0xa2, 0x60, 0xff, 0xf8, 0xa2, 0x60, 0xff, 0xf8, 0xa2, 0x60, 0xff, 0xf8, 0xa2, 0x60, 0xff,
    0xf8, 0xa2, 0x60, 0xff, 0xf9, 0xa2, 0x60, 0xff, 0xef, 0x9d, 0x5b, 0xfe, 0xda, 0x94, 0x52, 0xfb,
    0xdd, 0x94, 0x52, 0xe5, 0xe8, 0x9a, 0x58, 0xfb, 0xf8, 0xa2, 0x60, 0xff, 0xf8, 0xa2, 0x60, 0xff,
    0xf8, 0xa2, 0x60, 0xff, 0xf8, 0xa2, 0x60, 0xff, 0xf8, 0xa2, 0x60, 0xff, 0xf8, 0xa2, 0x60, 0xff,
    0xf8, 0xa2, 0x60, 0xff, 0xf8, 0xa2, 0x60, 0xff, 0xf8, 0xa2, 0x60, 0xff, 0xf8, 0xa2, 0x60, 0xff,
    0xf8, 0xa2, 0x60, 0xff, 0xf8, 0xa2, 0x60, 0xff, 0xf8, 0xa2, 0x60, 0xff, 0xf8, 0xa2, 0x60, 0xff,
    0xf8, 0xa2, 0x60, 0xff, 0xf8, 0xa2, 0x60, 0xff, 0xf8, 0xa2, 0x60, 0xff, 0xf8, 0xa2, 0x60, 0xff,
    0xf8, 0xa2, 0x60, 0xff, 0xf8, 0xa2, 0x60, 0xff, 0xf8, 0xa2, 0x60, 0xff, 0xf8, 0xa2, 0x60, 0xff,
    0xf8, 0xa2, 0x60, 0xff, 0xf8, 0xa2, 0x60, 0xff, 0xf8, 0xa2, 0x60, 0xff, 0xf8, 0xa2, 0x60, 0xff,
    0xf8, 0xa2, 0x60, 0xff, 0xf8, 0xa2, 0x60, 0xff, 0xf8, 0xa2, 0x60, 0xff, 0xf8, 0xa4, 0x63, 0xff,
    0xf7, 0x9b, 0x54, 0xff, 0xf9, 0xaf, 0x76, 0xff, 0xff, 0xf0, 0xe6, 0xff, 0xff, 0xff, 0xff, 0xff,
    0xff, 0xff, 0xff, 0xff, 0xff, 0xff, 0xff, 0xff, 0xff, 0xff, 0xff, 0xff, 0xff, 0xff, 0xff, 0xff,
    0xff, 0xff, 0xff, 0xff, 0xff, 0xfa, 0xf6, 0xff, 0xfe, 0xf1, 0xe7, 0xff, 0xfb, 0xd6, 0xb8, 0xff,
    0xfa, 0xbc, 0x8d, 0xff, 0xfd, 0xe1, 0xcb, 0xff, 0xff, 0xfa, 0xf6, 0xff, 0xff, 0xff, 0xff, 0xff,
    0xff, 0xff, 0xff, 0xff, 0xff, 0xff, 0xfe, 0xff, 0xff, 0xff, 0xff, 0xff, 0xff, 0xff, 0xff, 0xff,
    0xff, 0xff, 0xff, 0xff, 0xff, 0xff, 0xff, 0xff, 0xff, 0xff, 0xff, 0xff, 0xff, 0xff, 0xff, 0xff,
    0xff, 0xff, 0xff, 0xff, 0xff, 0xff, 0xff, 0xff, 0xff, 0xff, 0xff, 0xff, 0xff, 0xff, 0xff, 0xff,
    0xff, 0xff, 0xff, 0xff, 0xff, 0xff, 0xff, 0xff, 0xff, 0xff, 0xff, 0xff, 0xff, 0xff, 0xff, 0xff,
    0xff, 0xff, 0xff, 0xff, 0xff, 0xff, 0xff, 0xff, 0xff, 0xff, 0xff, 0xff, 0xff, 0xff, 0xff, 0xff,
    0xff, 0xff, 0xff, 0xff, 0xff, 0xff, 0xff, 0xff, 0xff, 0xff, 0xff, 0xff, 0xff, 0xff, 0xff, 0xff,
    0xff, 0xff, 0xff, 0xff, 0xff, 0xff, 0xff, 0xff, 0xff, 0xff, 0xff, 0xff, 0xff, 0xff, 0xff, 0xff,
    0xff, 0xfc, 0xfa, 0xff, 0xfc, 0xe1, 0xcd, 0xff, 0xfa, 0xbd, 0x8d, 0xff, 0xfc, 0xd3, 0xb3, 0xff,
    0xfe, 0xef, 0xe4, 0xff, 0xff, 0xf9, 0xf4, 0xff, 0xff, 0xff, 0xff, 0xff, 0xff, 0xff, 0xff, 0xff,
    0xff, 0xff, 0xff, 0xff, 0xff, 0xff, 0xff, 0xff, 0xff, 0xff, 0xff, 0xff, 0xff, 0xff, 0xff, 0xff,
    0xfe, 0xf6, 0xf0, 0xff, 0xf9, 0xb4, 0x80, 0xff, 0xf8, 0xa3, 0x62, 0xff, 0xf8, 0xa1, 0x5f, 0xff,
    0xf8, 0xa2, 0x60, 0xff, 0xf8, 0xa2, 0x60, 0xff, 0xf8, 0xa2, 0x60, 0xff, 0xf8, 0xa2, 0x60, 0xff,
    0xf8, 0xa2, 0x60, 0xff, 0xf8, 0xa2, 0x60, 0xff, 0xf8, 0xa2, 0x60, 0xff, 0xf8, 0xa2, 0x60, 0xff,
    0xf8, 0xa2, 0x60, 0xff, 0xf8, 0xa2, 0x60, 0xff, 0xf8, 0xa2, 0x60, 0xff, 0xf8, 0xa2, 0x60, 0xff,
    0xf8, 0xa2, 0x60, 0xff, 0xf8, 0xa2, 0x60, 0xff, 0xf8, 0xa2, 0x60, 0xff, 0xf8, 0xa2, 0x60, 0xff,
    0xf8, 0xa2, 0x60, 0xff, 0xf8, 0xa2, 0x60, 0xff, 0xf8, 0xa2, 0x60, 0xff, 0xf8, 0xa2, 0x60, 0xff,
    0xf8, 0xa2, 0x60, 0xff, 0xf8, 0xa2, 0x60, 0xff, 0xf8, 0xa2, 0x60, 0xff, 0xf8, 0xa2, 0x60, 0xff,
    0xf8, 0xa2, 0x60, 0xff, 0xf8, 0xa2, 0x60, 0xff, 0xf8, 0xa2, 0x60, 0xff, 0xf8, 0xa2, 0x60, 0xff,
    0xf8, 0xa2, 0x60, 0xff, 0xf8, 0xa2, 0x60, 0xff, 0xf8, 0xa2, 0x60, 0xff, 0xf8, 0xa2, 0x60, 0xff,
    0xe8, 0x9a, 0x58, 0xfb, 0xdd, 0x94, 0x52, 0xe5, 0xde, 0x94, 0x50, 0xcd, 0xe2, 0x97, 0x55, 0xf8,
    0xf8, 0xa2, 0x5f, 0xff, 0xf9, 0xa2, 0x61, 0xfe, 0xf8, 0xa2, 0x60, 0xff, 0xf8, 0xa2, 0x60, 0xff,
    0xf8, 0xa2, 0x60, 0xff, 0xf8, 0xa2, 0x60, 0xff, 0xf8, 0xa2, 0x60, 0xff, 0xf8, 0xa2, 0x60, 0xff,
    0xf8, 0xa2, 0x60, 0xff, 0xf8, 0xa2, 0x60, 0xff, 0xf8, 0xa2, 0x60, 0xff, 0xf8, 0xa2, 0x60, 0xff,
    0xf8, 0xa2, 0x60, 0xff, 0xf8, 0xa2, 0x60, 0xff, 0xf8, 0xa2, 0x60, 0xff, 0xf8, 0xa2, 0x60, 0xff,
    0xf8, 0xa2, 0x60, 0xff, 0xf8, 0xa2, 0x60, 0xff, 0xf8, 0xa2, 0x60, 0xff, 0xf8, 0xa2, 0x60, 0xff,
    0xf8, 0xa2, 0x60, 0xff, 0xf8, 0xa2, 0x60, 0xff, 0xf8, 0xa2, 0x60, 0xff, 0xf8, 0xa2, 0x60, 0xff,
    0xf8, 0xa2, 0x60, 0xff, 0xf8, 0xa2, 0x60, 0xff, 0xf8, 0xa2, 0x60, 0xff, 0xf8, 0xa2, 0x60, 0xff,
    0xf8, 0xa2, 0x60, 0xff, 0xf8, 0xa3, 0x61, 0xff, 0xf8, 0xa1, 0x5f, 0xff, 0xf8, 0xa3, 0x62, 0xff,
    0xfb, 0xc1, 0x96, 0xff, 0xff, 0xfc, 0xfa, 0xff, 0xff, 0xfd, 0xfc, 0xff, 0xff, 0xff, 0xfd, 0xff,
    0xff, 0xfe, 0xfc, 0xff, 0xff, 0xfb, 0xf9, 0xff, 0xfe, 0xec, 0xde, 0xff, 0xfb, 0xc6, 0x9e, 0xff,
    0xf9, 0xa4, 0x63, 0xff, 0xf8, 0xa0, 0x5e, 0xff, 0xf8, 0xa0, 0x5e, 0xff, 0xf8, 0x9f, 0x5a, 0xff,
    0xfb, 0xca, 0xa4, 0xff, 0xff, 0xf6, 0xf0, 0xff, 0xff, 0xff, 0xfe, 0xff, 0xff, 0xff, 0xff, 0xff,
    0xff, 0xff, 0xff, 0xff, 0xff, 0xff, 0xff, 0xff, 0xff, 0xff, 0xff, 0xff, 0xff, 0xff, 0xff, 0xff,
    0xff, 0xff, 0xff, 0xff, 0xff, 0xff, 0xff, 0xff, 0xff, 0xff, 0xff, 0xff, 0xff, 0xff, 0xff, 0xff,
    0xff, 0xff, 0xff, 0xff, 0xff, 0xff, 0xff, 0xff, 0xff, 0xff, 0xff, 0xff, 0xff, 0xff, 0xff, 0xff,
    0xff, 0xff, 0xff, 0xff, 0xff, 0xff, 0xff, 0xff, 0xff, 0xff, 0xff, 0xff, 0xff, 0xff, 0xff, 0xff,
    0xff, 0xff, 0xff, 0xff, 0xff, 0xff, 0xff, 0xff, 0xff, 0xff, 0xff, 0xff, 0xff, 0xff, 0xff, 0xff,
    0xff, 0xff, 0xff, 0xff, 0xff, 0xff, 0xff, 0xff, 0xff, 0xff, 0xff, 0xff, 0xff, 0xff, 0xff, 0xff,
    0xff, 0xfe, 0xfe, 0xff, 0xff, 0xfc, 0xfa, 0xff, 0xfc, 0xd5, 0xb6, 0xff, 0xf9, 0xa8, 0x6a, 0xff,
    0xf8, 0xa1, 0x5e, 0xff, 0xf8, 0x9f, 0x5c, 0xff, 0xf8, 0xa0, 0x5c, 0xff, 0xfb, 0xc0, 0x93, 0xff,
    0xfe, 0xe6, 0xd3, 0xff, 0xff, 0xfa, 0xf7, 0xff, 0xff, 0xfe, 0xfd, 0xff, 0xff, 0xfe, 0xfc, 0xff,
    0xff, 0xfe, 0xfd, 0xff, 0xff, 0xfb, 0xf9, 0xff, 0xfc, 0xda, 0xc0, 0xff, 0xf8, 0xa0, 0x5d, 0xff,
    0xf8, 0xa1, 0x5f, 0xff, 0xf8, 0xa2, 0x60, 0xff, 0xf8, 0xa2, 0x60, 0xff, 0xf8, 0xa2, 0x60, 0xff,
    0xf8, 0xa2, 0x60, 0xff, 0xf8, 0xa2, 0x60, 0xff, 0xf8, 0xa2, 0x60, 0xff, 0xf8, 0xa2, 0x60, 0xff,
    0xf8, 0xa2, 0x60, 0xff, 0xf8, 0xa2, 0x60, 0xff, 0xf8, 0xa2, 0x60, 0xff, 0xf8, 0xa2, 0x60, 0xff,
    0xf8, 0xa2, 0x60, 0xff, 0xf8, 0xa2, 0x60, 0xff, 0xf8, 0xa2, 0x60, 0xff, 0xf8, 0xa2, 0x60, 0xff,
    0xf8, 0xa2, 0x60, 0xff, 0xf8, 0xa2, 0x60, 0xff, 0xf8, 0xa2, 0x60, 0xff, 0xf8, 0xa2, 0x60, 0xff,
    0xf8, 0xa2, 0x60, 0xff, 0xf8, 0xa2, 0x60, 0xff, 0xf8, 0xa2, 0x60, 0xff, 0xf8, 0xa2, 0x60, 0xff,
    0xf8, 0xa2, 0x60, 0xff, 0xf8, 0xa2, 0x60, 0xff, 0xf8, 0xa2, 0x60, 0xff, 0xf8, 0xa2, 0x60, 0xff,
    0xf8, 0xa2, 0x60, 0xff, 0xf8, 0xa2, 0x60, 0xff, 0xf8, 0xa2, 0x60, 0xff, 0xf8, 0xa2, 0x60, 0xff,
    0xf9, 0xa2, 0x61, 0xfe, 0xf8, 0xa2, 0x5f, 0xff, 0xe2, 0x97, 0x55, 0xf8, 0xde, 0x94, 0x50, 0xcd,
    0xe0, 0x95, 0x51, 0xa6, 0xdc, 0x93, 0x50, 0xf1, 0xf8, 0xa3, 0x5f, 0xff, 0xf9, 0xa2, 0x61, 0xfe,
    0xf7, 0xa2, 0x60, 0xff, 0xf8, 0xa2, 0x60, 0xff, 0xf8, 0xa2, 0x60, 0xff, 0xf8, 0xa2, 0x60, 0xff,
    0xf8, 0xa2, 0x60, 0xff, 0xf8, 0xa2, 0x60, 0xff, 0xf8, 0xa2, 0x60, 0xff, 0xf8, 0xa2, 0x60, 0xff,
    0xf8, 0xa2, 0x60, 0xff, 0xf8, 0xa2, 0x60, 0xff, 0xf8, 0xa2, 0x60, 0xff, 0xf8, 0xa2, 0x60, 0xff,
    0xf8, 0xa2, 0x60, 0xff, 0xf8, 0xa2, 0x60, 0xff, 0xf8, 0xa2, 0x60, 0xff, 0xf8, 0xa2, 0x60, 0xff,
    0xf8, 0xa2, 0x60, 0xff, 0xf8, 0xa2, 0x60, 0xff, 0xf8, 0xa2, 0x60, 0xff, 0xf8, 0xa2, 0x60, 0xff,
    0xf8, 0xa2, 0x60, 0xff, 0xf8, 0xa2, 0x60, 0xff, 0xf8, 0xa2, 0x60, 0xff, 0xf8, 0xa2, 0x60, 0xff,
    0xf8, 0xa2, 0x60, 0xff, 0xf8, 0xa2, 0x60, 0xff, 0xf8, 0xa2, 0x60, 0xff, 0xf8, 0xa2, 0x60, 0xff,
    0xf8, 0xa2, 0x60, 0xff, 0xf8, 0xa2, 0x60, 0xff, 0xf8, 0xa3, 0x60, 0xff, 0xf8, 0xac, 0x72, 0xff,
    0xfb, 0xc6, 0x9e, 0xff, 0xfd, 0xe3, 0xd0, 0xff, 0xfc, 0xd9, 0xbe, 0xff, 0xf9, 0xb6, 0x83, 0xff,
    0xf8, 0xa5, 0x64, 0xff, 0xf8, 0xa3, 0x62, 0xff, 0xf8, 0xa1, 0x5f, 0xff, 0xf8, 0xa1, 0x5f, 0xff,
    0xf8, 0xa2, 0x5f, 0xff, 0xf8, 0xa1, 0x5e, 0xff, 0xf8, 0xa3, 0x61, 0xff, 0xf9, 0xb0, 0x79, 0xff,
    0xfd, 0xe2, 0xcf, 0xff, 0xff, 0xff, 0xff, 0xff, 0xff, 0xff, 0xff, 0xff, 0xff, 0xfe, 0xfd, 0xff,
    0xff, 0xfe, 0xfe, 0xff, 0xff, 0xff, 0xff, 0xff, 0xff, 0xff, 0xff, 0xff, 0xff, 0xff, 0xff, 0xff,
    0xff, 0xff, 0xff, 0xff, 0xff, 0xff, 0xff, 0xff, 0xff, 0xff, 0xff, 0xff, 0xff, 0xff, 0xff, 0xff,
    0xff, 0xff, 0xff, 0xff, 0xff, 0xff, 0xff, 0xff, 0xff, 0xff, 0xff, 0xff, 0xff, 0xff, 0xff, 0xff,
    0xff, 0xff, 0xff, 0xff, 0xff, 0xff, 0xff, 0xff, 0xff, 0xff, 0xff, 0xff, 0xff, 0xff, 0xff, 0xff,
    0xff, 0xff, 0xff, 0xff, 0xff, 0xff, 0xff, 0xff, 0xff, 0xfe, 0xfe, 0xff, 0xff, 0xfe, 0xfd, 0xff,
    0xff, 0xff, 0xff, 0xff, 0xff, 0xff, 0xff, 0xff, 0xfd, 0xe8, 0xd8, 0xff, 0xf9, 0xb9, 0x88, 0xff,
    0xf8, 0xa3, 0x61, 0xff, 0xf8, 0xa3, 0x60, 0xff, 0xf8, 0xa2, 0x5f, 0xff, 0xf8, 0xa1, 0x5f, 0xff,
    0xf8, 0xa1, 0x5e, 0xff, 0xf8, 0xa3, 0x61, 0xff, 0xf8, 0xa3, 0x62, 0xff, 0xf9, 0xb3, 0x7e, 0xff,
    0xfb, 0xd4, 0xb6, 0xff, 0xfc, 0xe3, 0xd0, 0xff, 0xfb, 0xcd, 0xaa, 0xff, 0xf8, 0xaf, 0x77, 0xff,
    0xf8, 0xa3, 0x62, 0xff, 0xf8, 0xa2, 0x5f, 0xff, 0xf8, 0xa2, 0x60, 0xff, 0xf8, 0xa2, 0x60, 0xff,
    0xf8, 0xa2, 0x60, 0xff, 0xf8, 0xa2, 0x60, 0xff, 0xf8, 0xa2, 0x60, 0xff, 0xf8, 0xa2, 0x60, 0xff,
    0xf8, 0xa2, 0x60, 0xff, 0xf8, 0xa2, 0x60, 0xff, 0xf8, 0xa2, 0x60, 0xff, 0xf8, 0xa2, 0x60, 0xff,
    0xf8, 0xa2, 0x60, 0xff, 0xf8, 0xa2, 0x60, 0xff, 0xf8, 0xa2, 0x60, 0xff, 0xf8, 0xa2, 0x60, 0xff,
    0xf8, 0xa2, 0x60, 0xff, 0xf8, 0xa2, 0x60, 0xff, 0xf8, 0xa2, 0x60, 0xff, 0xf8, 0xa2, 0x60, 0xff,
    0xf8, 0xa2, 0x60, 0xff, 0xf8, 0xa2, 0x60, 0xff, 0xf8, 0xa2, 0x60, 0xff, 0xf8, 0xa2, 0x60, 0xff,
    0xf8, 0xa2, 0x60, 0xff, 0xf8, 0xa2, 0x60, 0xff, 0xf8, 0xa2, 0x60, 0xff, 0xf8, 0xa2, 0x60, 0xff,
    0xf8, 0xa2, 0x60, 0xff, 0xf8, 0xa2, 0x60, 0xff, 0xf8, 0xa2, 0x60, 0xff, 0xf8, 0xa2, 0x60, 0xff,
    0xf8, 0xa2, 0x60, 0xff, 0xf7, 0xa2, 0x60, 0xff, 0xf9, 0xa2, 0x61, 0xfe, 0xf8, 0xa3, 0x5f, 0xff,
    0xdc, 0x93, 0x50, 0xf1, 0xe0, 0x95, 0x51, 0xa6, 0xe1, 0x96, 0x53, 0x89, 0xda, 0x92, 0x51, 0xec,
    0xf2, 0xa0, 0x5b, 0xff, 0xf7, 0xa1, 0x5e, 0xfd, 0xf9, 0xa2, 0x60, 0xff, 0xf8, 0xa2, 0x60, 0xff,
    0xf8, 0xa2, 0x60, 0xff, 0xf8, 0xa2, 0x60, 0xff, 0xf8, 0xa2, 0x60, 0xff, 0xf8, 0xa2, 0x60, 0xff,
    0xf8, 0xa2, 0x60, 0xff, 0xf8, 0xa2, 0x60, 0xff, 0xf8, 0xa2, 0x60, 0xff, 0xf8, 0xa2, 0x60, 0xff,
    0xf8, 0xa2, 0x60, 0xff, 0xf8, 0xa2, 0x60, 0xff, 0xf8, 0xa2, 0x60, 0xff, 0xf8, 0xa2, 0x60, 0xff,
    0xf8, 0xa2, 0x60, 0xff, 0xf8, 0xa2, 0x60, 0xff, 0xf8, 0xa2, 0x60, 0xff, 0xf8, 0xa2, 0x60, 0xff,
    0xf8, 0xa2, 0x60, 0xff, 0xf8, 0xa2, 0x60, 0xff, 0xf8, 0xa2, 0x60, 0xff, 0xf8, 0xa2, 0x60, 0xff,
    0xf8, 0xa2, 0x60, 0xff, 0xf8, 0xa2, 0x60, 0xff, 0xf8, 0xa2, 0x60, 0xff, 0xf8, 0xa2, 0x60, 0xff,
    0xf8, 0xa2, 0x60, 0xff, 0xf8, 0xa2, 0x60, 0xff, 0xf8, 0xa2, 0x60, 0xff, 0xf8, 0xa2, 0x60, 0xff,
    0xf8, 0xa1, 0x5e, 0xff, 0xf8, 0xa0, 0x5c, 0xff, 0xf8, 0xa4, 0x63, 0xff, 0xf9, 0xa9, 0x6c, 0xff,
    0xf8, 0xa7, 0x69, 0xff, 0xf8, 0xa1, 0x5f, 0xff, 0xf8, 0x9f, 0x5b, 0xff, 0xf8, 0xa1, 0x5e, 0xff,
    0xf8, 0xa2, 0x60, 0xff, 0xf8, 0xa2, 0x60, 0xff, 0xf8, 0xa2, 0x60, 0xff, 0xf8, 0xa2, 0x61, 0xff,
    0xf8, 0xa0, 0x5d, 0xff, 0xf8, 0xa1, 0x5f, 0xff, 0xf9, 0xa6, 0x67, 0xff, 0xfa, 0xba, 0x89, 0xff,
    0xfd, 0xe2, 0xcf, 0xff, 0xff, 0xff, 0xff, 0xff, 0xff, 0xff, 0xff, 0xff, 0xff, 0xff, 0xff, 0xff,
    0xff, 0xff, 0xff, 0xff, 0xff, 0xff, 0xff, 0xff, 0xff, 0xff, 0xff, 0xff, 0xff, 0xff, 0xff, 0xff,
    0xff, 0xff, 0xff, 0xff, 0xff, 0xff, 0xff, 0xff, 0xff, 0xff, 0xff, 0xff, 0xff, 0xff, 0xff, 0xff,
    0xff, 0xff, 0xff, 0xff, 0xff, 0xff, 0xff, 0xff, 0xff, 0xff, 0xff, 0xff, 0xff, 0xff, 0xff, 0xff,
    0xff, 0xff, 0xff, 0xff, 0xff, 0xff, 0xff, 0xff, 0xff, 0xff, 0xff, 0xff, 0xff, 0xff, 0xff, 0xff,
    0xff, 0xff, 0xff, 0xff, 0xff, 0xff, 0xff, 0xff, 0xfd, 0xe8, 0xd8, 0xff, 0xfa, 0xbf, 0x91, 0xff,
    0xf9, 0xaa, 0x6d, 0xff, 0xf8, 0xa2, 0x5f, 0xff, 0xf8, 0xa0, 0x5c, 0xff, 0xf8, 0xa2, 0x60, 0xff,
    0xf8, 0xa2, 0x60, 0xff, 0xf8, 0xa2, 0x60, 0xff, 0xf8, 0xa2, 0x60, 0xff, 0xf8, 0xa1, 0x5e, 0xff,
    0xf8, 0x9f, 0x5b, 0xff, 0xf8, 0xa1, 0x5e, 0xff, 0xf8, 0xa6, 0x67, 0xff, 0xf8, 0xa9, 0x6c, 0xff,
    0xf8, 0xa5, 0x65, 0xff, 0xf8, 0xa0, 0x5d, 0xff, 0xf8, 0xa0, 0x5c, 0xff, 0xf8, 0xa2, 0x60, 0xff,
    0xf8, 0xa2, 0x60, 0xff, 0xf8, 0xa2, 0x60, 0xff, 0xf8, 0xa2, 0x60, 0xff, 0xf8, 0xa2, 0x60, 0xff,
    0xf8, 0xa2, 0x60, 0xff, 0xf8, 0xa2, 0x60, 0xff, 0xf8, 0xa2, 0x60, 0xff, 0xf8, 0xa2, 0x60, 0xff,
    0xf8, 0xa2, 0x60, 0xff, 0xf8, 0xa2, 0x60, 0xff, 0xf8, 0xa2, 0x60, 0xff, 0xf8, 0xa2, 0x60, 0xff,
    0xf8, 0xa2, 0x60, 0xff, 0xf8, 0xa2, 0x60, 0xff, 0xf8, 0xa2, 0x60, 0xff, 0xf8, 0xa2, 0x60, 0xff,
    0xf8, 0xa2, 0x60, 0xff, 0xf8, 0xa2, 0x60, 0xff, 0xf8, 0xa2, 0x60, 0xff, 0xf8, 0xa2, 0x60, 0xff,
    0xf8, 0xa2, 0x60, 0xff, 0xf8, 0xa2, 0x60, 0xff, 0xf8, 0xa2, 0x60, 0xff, 0xf8, 0xa2, 0x60, 0xff,
    0xf8, 0xa2, 0x60, 0xff, 0xf8, 0xa2, 0x60, 0xff, 0xf8, 0xa2, 0x60, 0xff, 0xf8, 0xa2, 0x60, 0xff,
    0xf8, 0xa2, 0x60, 0xff, 0xf8, 0xa2, 0x60, 0xff, 0xf8, 0xa2, 0x60, 0xff, 0xf9, 0xa2, 0x60, 0xff,
    0xf7, 0xa1, 0x5e, 0xfd, 0xf2, 0xa0, 0x5b, 0xff, 0xda, 0x92, 0x51, 0xec, 0xe1, 0x96, 0x53, 0x89,
    0xe1, 0x96, 0x55, 0x4e, 0xd9, 0x94, 0x52, 0xe3, 0xef, 0x9f, 0x5a, 0xff, 0xf4, 0x9f, 0x5e, 0xfc,
    0xfa, 0xa3, 0x61, 0xff, 0xf7, 0xa2, 0x60, 0xff, 0xf8, 0xa2, 0x60, 0xff, 0xf8, 0xa2, 0x60, 0xff,
    0xf8, 0xa2, 0x60, 0xff, 0xf8, 0xa2, 0x60, 0xff, 0xf8, 0xa2, 0x60, 0xff, 0xf8, 0xa2, 0x60, 0xff,
    0xf8, 0xa2, 0x60, 0xff, 0xf8, 0xa2, 0x60, 0xff, 0xf8, 0xa2, 0x60, 0xff, 0xf8, 0xa2, 0x60, 0xff,
    0xf8, 0xa2, 0x60, 0xff, 0xf8, 0xa2, 0x60, 0xff, 0xf8, 0xa2, 0x60, 0xff, 0xf8, 0xa2, 0x60, 0xff,
    0xf8, 0xa2, 0x60, 0xff, 0xf8, 0xa2, 0x60, 0xff, 0xf8, 0xa2, 0x60, 0xff, 0xf8, 0xa2, 0x60, 0xff,
    0xf8, 0xa2, 0x60, 0xff, 0xf8, 0xa2, 0x60, 0xff, 0xf8, 0xa2, 0x60, 0xff, 0xf8, 0xa2, 0x60, 0xff,
    0xf8, 0xa2, 0x60, 0xff, 0xf8, 0xa2, 0x60, 0xff, 0xf8, 0xa2, 0x60, 0xff, 0xf8, 0xa2, 0x60, 0xff,
    0xf8, 0xa2, 0x60, 0xff, 0xf8, 0xa2, 0x60, 0xff, 0xf8, 0xa2, 0x61, 0xff, 0xf8, 0xa2, 0x61, 0xff,
    0xf8, 0xa0, 0x5d, 0xff, 0xf8, 0x9e, 0x59, 0xff, 0xf8, 0x9f, 0x5b, 0xff, 0xf8, 0xa2, 0x5f, 0xff,
    0xf8, 0xa3, 0x61, 0xff, 0xf8, 0xa2, 0x61, 0xff, 0xf8, 0xa2, 0x60, 0xff, 0xf8, 0xa2, 0x60, 0xff,
    0xf8, 0xa2, 0x60, 0xff, 0xf8, 0xa2, 0x60, 0xff, 0xf8, 0xa2, 0x61, 0xff, 0xf8, 0xa2, 0x60, 0xff,
    0xf8, 0x9d, 0x58, 0xff, 0xf8, 0xa1, 0x5d, 0xff, 0xf9, 0xac, 0x71, 0xff, 0xf9, 0xb9, 0x87, 0xff,
    0xfc, 0xd3, 0xb4, 0xff, 0xfe, 0xf9, 0xf4, 0xff, 0xff, 0xff, 0xff, 0xff, 0xff, 0xff, 0xff, 0xff,
    0xff, 0xff, 0xff, 0xff, 0xff, 0xff, 0xff, 0xff, 0xff, 0xff, 0xff, 0xff, 0xff, 0xff, 0xff, 0xff,
    0xff, 0xff, 0xff, 0xff, 0xff, 0xff, 0xff, 0xff, 0xff, 0xff, 0xff, 0xff, 0xff, 0xff, 0xff, 0xff,
    0xff, 0xff, 0xff, 0xff, 0xff, 0xff, 0xff, 0xff, 0xff, 0xff, 0xff, 0xff, 0xff, 0xfe, 0xfe, 0xff,
    0xff, 0xff, 0xff, 0xff, 0xff, 0xfb, 0xf8, 0xff, 0xfc, 0xdd, 0xc4, 0xff, 0xfa, 0xbc, 0x8d, 0xff,
    0xf9, 0xae, 0x75, 0xff, 0xf8, 0xa1, 0x5e, 0xff, 0xf8, 0x9e, 0x59, 0xff, 0xf8, 0xa1, 0x5f, 0xff,
    0xf8, 0xa3, 0x61, 0xff, 0xf8, 0xa2, 0x60, 0xff, 0xf8, 0xa2, 0x60, 0xff, 0xf8, 0xa2, 0x60, 0xff,
    0xf8, 0xa2, 0x60, 0xff, 0xf8, 0xa2, 0x61, 0xff, 0xf8, 0xa3, 0x61, 0xff, 0xf8, 0xa2, 0x60, 0xff,
    0xf8, 0x9f, 0x5b, 0xff, 0xf8, 0x9e, 0x59, 0xff, 0xf8, 0xa0, 0x5c, 0xff, 0xf8, 0xa2, 0x60, 0xff,
    0xf8, 0xa3, 0x61, 0xff, 0xf8, 0xa2, 0x60, 0xff, 0xf8, 0xa2, 0x60, 0xff, 0xf8, 0xa2, 0x60, 0xff,
    0xf8, 0xa2, 0x60, 0xff, 0xf8, 0xa2, 0x60, 0xff, 0xf8, 0xa2, 0x60, 0xff, 0xf8, 0xa2, 0x60, 0xff,
    0xf8, 0xa2, 0x60, 0xff, 0xf8, 0xa2, 0x60, 0xff, 0xf8, 0xa2, 0x60, 0xff, 0xf8, 0xa2, 0x60, 0xff,
    0xf8, 0xa2, 0x60, 0xff, 0xf8, 0xa2, 0x60, 0xff, 0xf8, 0xa2, 0x60, 0xff, 0xf8, 0xa2, 0x60, 0xff,
    0xf8, 0xa2, 0x60, 0xff, 0xf8, 0xa2, 0x60, 0xff, 0xf8, 0xa2, 0x60, 0xff, 0xf8, 0xa2, 0x60, 0xff,
    0xf8, 0xa2, 0x60, 0xff, 0xf8, 0xa2, 0x60, 0xff, 0xf8, 0xa2, 0x60, 0xff, 0xf8, 0xa2, 0x60, 0xff,
    0xf8, 0xa2, 0x60, 0xff, 0xf8, 0xa2, 0x60, 0xff, 0xf8, 0xa2, 0x60, 0xff, 0xf8, 0xa2, 0x60, 0xff,
    0xf8, 0xa2, 0x60, 0xff, 0xf8, 0xa2, 0x60, 0xff, 0xf8, 0xa2, 0x60, 0xff, 0xf8, 0xa2, 0x60, 0xff,
    0xf7, 0xa2, 0x60, 0xff, 0xfa, 0xa3, 0x61, 0xff, 0xf4, 0x9f, 0x5e, 0xfc, 0xef, 0x9f, 0x5a, 0xff,
    0xd9, 0x94, 0x52, 0xe3, 0xe1, 0x96, 0x55, 0x4e, 0xec, 0x91, 0x5b, 0x0e, 0xdb, 0x93, 0x52, 0xd6,
    0xea, 0x9d, 0x58, 0xfe, 0xee, 0x9c, 0x5b, 0xfc, 0xfb, 0xa4, 0x61, 0xff, 0xf7, 0xa2, 0x60, 0xff,
    0xf8, 0xa2, 0x60, 0xff, 0xf8, 0xa2, 0x60, 0xff, 0xf8, 0xa2, 0x60, 0xff, 0xf8, 0xa2, 0x60, 0xff,
    0xf8, 0xa2, 0x60, 0xff, 0xf8, 0xa2, 0x60, 0xff, 0xf8, 0xa2, 0x60, 0xff, 0xf8, 0xa2, 0x60, 0xff,
    0xf8, 0xa2, 0x60, 0xff, 0xf8, 0xa2, 0x60, 0xff, 0xf8, 0xa2, 0x60, 0xff, 0xf8, 0xa2, 0x60, 0xff,
    0xf8, 0xa2, 0x60, 0xff, 0xf8, 0xa2, 0x60, 0xff, 0xf8, 0xa2, 0x60, 0xff, 0xf8, 0xa2, 0x60, 0xff,
    0xf8, 0xa2, 0x60, 0xff, 0xf8, 0xa2, 0x60, 0xff, 0xf8, 0xa2, 0x60, 0xff, 0xf8, 0xa2, 0x60, 0xff,
    0xf8, 0xa2, 0x60, 0xff, 0xf8, 0xa2, 0x60, 0xff, 0xf8, 0xa2, 0x60, 0xff, 0xf8, 0xa2, 0x60, 0xff,
    0xf8, 0xa2, 0x60, 0xff, 0xf8, 0xa2, 0x60, 0xff, 0xf8, 0xa2, 0x60, 0xff, 0xf8, 0xa2, 0x60, 0xff,
    0xf8, 0xa2, 0x60, 0xff, 0xf8, 0xa2, 0x60, 0xff, 0xf8, 0xa3, 0x61, 0xff, 0xf8, 0xa3, 0x62, 0xff,
    0xf8, 0xa3, 0x61, 0xff, 0xf8, 0xa2, 0x60, 0xff, 0xf8, 0xa2, 0x60, 0xff, 0xf8, 0xa2, 0x60, 0xff,
    0xf8, 0xa2, 0x60, 0xff, 0xf8, 0xa2, 0x60, 0xff, 0xf8, 0xa2, 0x60, 0xff, 0xf8, 0xa2, 0x60, 0xff,
    0xf8, 0xa2, 0x60, 0xff, 0xf8, 0xa2, 0x60, 0xff, 0xf8, 0xa3, 0x62, 0xff, 0xf8, 0xa3, 0x61, 0xff,
    0xf8, 0x9e, 0x59, 0xff, 0xf7, 0x97, 0x4e, 0xff, 0xf9, 0xad, 0x74, 0xff, 0xfd, 0xef, 0xe4, 0xff,
    0xff, 0xff, 0xff, 0xff, 0xff, 0xff, 0xff, 0xff, 0xff, 0xff, 0xff, 0xff, 0xff, 0xff, 0xff, 0xff,
    0xff, 0xff, 0xff, 0xff, 0xff, 0xff, 0xff, 0xff, 0xff, 0xff, 0xff, 0xff, 0xff, 0xff, 0xff, 0xff,
    0xff, 0xff, 0xff, 0xff, 0xff, 0xff, 0xff, 0xff, 0xff, 0xff, 0xff, 0xff, 0xff, 0xff, 0xff, 0xff,
    0xff, 0xff, 0xff, 0xff, 0xff, 0xfd, 0xfc, 0xff, 0xff, 0xff, 0xff, 0xff, 0xfe, 0xf3, 0xea, 0xff,
    0xf9, 0xb7, 0x85, 0xff, 0xf7, 0x9c, 0x55, 0xff, 0xf8, 0x9d, 0x57, 0xff, 0xf8, 0xa2, 0x5f, 0xff,
    0xf8, 0xa3, 0x62, 0xff, 0xf8, 0xa2, 0x61, 0xff, 0xf8, 0xa2, 0x60, 0xff, 0xf8, 0xa2, 0x60, 0xff,
    0xf8, 0xa2, 0x60, 0xff, 0xf8, 0xa2, 0x60, 0xff, 0xf8, 0xa2, 0x60, 0xff, 0xf8, 0xa2, 0x60, 0xff,
    0xf8, 0xa2, 0x60, 0xff, 0xf8, 0xa2, 0x60, 0xff, 0xf8, 0xa3, 0x61, 0xff, 0xf8, 0xa3, 0x62, 0xff,
    0xf8, 0xa3, 0x61, 0xff, 0xf8, 0xa2, 0x60, 0xff, 0xf8, 0xa2, 0x60, 0xff, 0xf8, 0xa2, 0x60, 0xff,
    0xf8, 0xa2, 0x60, 0xff, 0xf8, 0xa2, 0x60, 0xff, 0xf8, 0xa2, 0x60, 0xff, 0xf8, 0xa2, 0x60, 0xff,
    0xf8, 0xa2, 0x60, 0xff, 0xf8, 0xa2, 0x60, 0xff, 0xf8, 0xa2, 0x60, 0xff, 0xf8, 0xa2, 0x60, 0xff,
    0xf8, 0xa2, 0x60, 0xff, 0xf8, 0xa2, 0x60, 0xff, 0xf8, 0xa2, 0x60, 0xff, 0xf8, 0xa2, 0x60, 0xff,
    0xf8, 0xa2, 0x60, 0xff, 0xf8, 0xa2, 0x60, 0xff, 0xf8, 0xa2, 0x60, 0xff, 0xf8, 0xa2, 0x60, 0xff,
    0xf8, 0xa2, 0x60, 0xff, 0xf8, 0xa2, 0x60, 0xff, 0xf8, 0xa2, 0x60, 0xff, 0xf8, 0xa2, 0x60, 0xff,
    0xf8, 0xa2, 0x60, 0xff, 0xf8, 0xa2, 0x60, 0xff, 0xf8, 0xa2, 0x60, 0xff, 0xf8, 0xa2, 0x60, 0xff,
    0xf8, 0xa2, 0x60, 0xff, 0xf8, 0xa2, 0x60, 0xff, 0xf8, 0xa2, 0x60, 0xff, 0xf8, 0xa2, 0x60, 0xff,
    0xf8, 0xa2, 0x60, 0xff, 0xf8, 0xa2, 0x60, 0xff, 0xf7, 0xa2, 0x60, 0xff, 0xfb, 0xa4, 0x61, 0xff,
    0xee, 0x9c, 0x5b, 0xfc, 0xea, 0x9d, 0x58, 0xfe, 0xdb, 0x93, 0x52, 0xd6, 0xec, 0x91, 0x5b, 0x0e,
    0x00, 0x00, 0x00, 0x00, 0xdc, 0x94, 0x51, 0xbb, 0xe2, 0x99, 0x54, 0xff, 0xe6, 0x99, 0x57, 0xfe,
    0xf6, 0xa1, 0x5f, 0xff, 0xf8, 0xa2, 0x60, 0xff, 0xf8, 0xa2, 0x60, 0xff, 0xf8, 0xa2, 0x60, 0xff,
    0xf8, 0xa2, 0x60, 0xff, 0xf8, 0xa2, 0x60, 0xff, 0xf8, 0xa2, 0x60, 0xff, 0xf8, 0xa2, 0x60, 0xff,
    0xf8, 0xa2, 0x60, 0xff, 0xf8, 0xa2, 0x60, 0xff, 0xf8, 0xa2, 0x60, 0xff, 0xf8, 0xa2, 0x60, 0xff,
    0xf8, 0xa2, 0x60, 0xff, 0xf8, 0xa2, 0x60, 0xff, 0xf8, 0xa2, 0x60, 0xff, 0xf8, 0xa2, 0x60, 0xff,
    0xf8, 0xa2, 0x60, 0xff, 0xf8, 0xa2, 0x60, 0xff, 0xf8, 0xa2, 0x60, 0xff, 0xf8, 0xa2, 0x60, 0xff,
    0xf8, 0xa2, 0x60, 0xff, 0xf8, 0xa2, 0x60, 0xff, 0xf8, 0xa2, 0x60, 0xff, 0xf8, 0xa2, 0x60, 0xff,
    0xf8, 0xa2, 0x60, 0xff, 0xf8, 0xa2, 0x60, 0xff, 0xf8, 0xa2, 0x60, 0xff, 0xf8, 0xa2, 0x60, 0xff,
    0xf8, 0xa2, 0x60, 0xff, 0xf8, 0xa2, 0x60, 0xff, 0xf8, 0xa2, 0x60, 0xff, 0xf8, 0xa2, 0x60, 0xff,
    0xf8, 0xa2, 0x60, 0xff, 0xf8, 0xa2, 0x60, 0xff, 0xf8, 0xa2, 0x60, 0xff, 0xf8, 0xa2, 0x60, 0xff,
    0xf8, 0xa2, 0x60, 0xff, 0xf8, 0xa2, 0x60, 0xff, 0xf8, 0xa2, 0x60, 0xff, 0xf8, 0xa2, 0x60, 0xff,
    0xf8, 0xa2, 0x60, 0xff, 0xf8, 0xa2, 0x60, 0xff, 0xf8, 0xa2, 0x60, 0xff, 0xf8, 0xa2, 0x60, 0xff,
    0xf8, 0xa2, 0x60, 0xff, 0xf8, 0xa2, 0x60, 0xff, 0xf8, 0xa5, 0x65, 0xff, 0xf8, 0x9f, 0x5b, 0xff,
    0xf8, 0xa8, 0x6b, 0xff, 0xfc, 0xe5, 0xd3, 0xff, 0xff, 0xfe, 0xff, 0xff, 0xff, 0xff, 0xff, 0xff,
    0xff, 0xff, 0xff, 0xff, 0xff, 0xff, 0xff, 0xff, 0xff, 0xff, 0xff, 0xff, 0xff, 0xff, 0xff, 0xff,
    0xff, 0xff, 0xff, 0xff, 0xff, 0xff, 0xff, 0xff, 0xff, 0xff, 0xff, 0xff, 0xff, 0xff, 0xff, 0xff,
    0xff, 0xff, 0xff, 0xff, 0xff, 0xff, 0xff, 0xff, 0xff, 0xff, 0xff, 0xff, 0xff, 0xfd, 0xfc, 0xff,
    0xff, 0xff, 0xff, 0xff, 0xfe, 0xed, 0xe1, 0xff, 0xf9, 0xaa, 0x6e, 0xff, 0xf8, 0xa3, 0x63, 0xff,
    0xf8, 0xa3, 0x63, 0xff, 0xf8, 0xa2, 0x61, 0xff, 0xf8, 0xa2, 0x60, 0xff, 0xf8, 0xa2, 0x60, 0xff,
    0xf8, 0xa2, 0x60, 0xff, 0xf8, 0xa2, 0x60, 0xff, 0xf8, 0xa2, 0x60, 0xff, 0xf8, 0xa2, 0x60, 0xff,
    0xf8, 0xa2, 0x60, 0xff, 0xf8, 0xa2, 0x60, 0xff, 0xf8, 0xa2, 0x60, 0xff, 0xf8, 0xa2, 0x60, 0xff,
    0xf8, 0xa2, 0x60, 0xff, 0xf8, 0xa2, 0x60, 0xff, 0xf8, 0xa2, 0x60, 0xff, 0xf8, 0xa2, 0x60, 0xff,
    0xf8, 0xa2, 0x60, 0xff, 0xf8, 0xa2, 0x60, 0xff, 0xf8, 0xa2, 0x60, 0xff, 0xf8, 0xa2, 0x60, 0xff,
    0xf8, 0xa2, 0x60, 0xff, 0xf8, 0xa2, 0x60, 0xff, 0xf8, 0xa2, 0x60, 0xff, 0xf8, 0xa2, 0x60, 0xff,
    0xf8, 0xa2, 0x60, 0xff, 0xf8, 0xa2, 0x60, 0xff, 0xf8, 0xa2, 0x60, 0xff, 0xf8, 0xa2, 0x60, 0xff,
    0xf8, 0xa2, 0x60, 0xff, 0xf8, 0xa2, 0x60, 0xff, 0xf8, 0xa2, 0x60, 0xff, 0xf8, 0xa2, 0x60, 0xff,
    0xf8, 0xa2, 0x60, 0xff, 0xf8, 0xa2, 0x60, 0xff, 0xf8, 0xa2, 0x60, 0xff, 0xf8, 0xa2, 0x60, 0xff,
    0xf8, 0xa2, 0x60, 0xff, 0xf8, 0xa2, 0x60, 0xff, 0xf8, 0xa2, 0x60, 0xff, 0xf8, 0xa2, 0x60, 0xff,
    0xf8, 0xa2, 0x60, 0xff, 0xf8, 0xa2, 0x60, 0xff, 0xf8, 0xa2, 0x60, 0xff, 0xf8, 0xa2, 0x60, 0xff,
    0xf8, 0xa2, 0x60, 0xff, 0xf8, 0xa2, 0x60, 0xff, 0xf8, 0xa2, 0x60, 0xff, 0xf8, 0xa2, 0x60, 0xff,
    0xf8, 0xa2, 0x60, 0xff, 0xf6, 0xa1, 0x5f, 0xff, 0xe6, 0x99, 0x57, 0xfe, 0xe2, 0x99, 0x54, 0xff,
    0xdc, 0x94, 0x51, 0xbb, 0x00, 0x00, 0x00, 0x00, 0xff, 0xff, 0x00, 0x01, 0xe1, 0x96, 0x51, 0x89,
    0xdc, 0x94, 0x52, 0xf8, 0xe3, 0x98, 0x55, 0xff, 0xee, 0x9d, 0x5c, 0xfe, 0xfb, 0xa4, 0x62, 0xff,
    0xf7, 0xa2, 0x60, 0xff, 0xf8, 0xa2, 0x60, 0xff, 0xf8, 0xa2, 0x60, 0xff, 0xf8, 0xa2, 0x60, 0xff,
    0xf8, 0xa2, 0x60, 0xff, 0xf8, 0xa2, 0x60, 0xff, 0xf8, 0xa2, 0x60, 0xff, 0xf8, 0xa2, 0x60, 0xff,
    0xf8, 0xa2, 0x60, 0xff, 0xf8, 0xa2, 0x60, 0xff, 0xf8, 0xa2, 0x60, 0xff, 0xf8, 0xa2, 0x60, 0xff,
    0xf8, 0xa2, 0x60, 0xff, 0xf8, 0xa2, 0x60, 0xff, 0xf8, 0xa2, 0x60, 0xff, 0xf8, 0xa2, 0x60, 0xff,
    0xf8, 0xa2, 0x60, 0xff, 0xf8, 0xa2, 0x60, 0xff, 0xf8, 0xa2, 0x60, 0xff, 0xf8, 0xa2, 0x60, 0xff,
    0xf8, 0xa2, 0x60, 0xff, 0xf8, 0xa2, 0x60, 0xff, 0xf8, 0xa2, 0x60, 0xff, 0xf8, 0xa2, 0x60, 0xff,
    0xf8, 0xa2, 0x60, 0xff, 0xf8, 0xa2, 0x60, 0xff, 0xf8, 0xa2, 0x60, 0xff, 0xf8, 0xa2, 0x60, 0xff,
    0xf8, 0xa2, 0x60, 0xff, 0xf8, 0xa2, 0x60, 0xff, 0xf8, 0xa2, 0x60, 0xff, 0xf8, 0xa2, 0x60, 0xff,
    0xf8, 0xa2, 0x60, 0xff, 0xf8, 0xa2, 0x60, 0xff, 0xf8, 0xa2, 0x60, 0xff, 0xf8, 0xa2, 0x60, 0xff,
    0xf8, 0xa2, 0x60, 0xff, 0xf8, 0xa2, 0x60, 0xff, 0xf8, 0xa2, 0x60, 0xff, 0xf8, 0xa2, 0x60, 0xff,
    0xf8, 0xa2, 0x60, 0xff, 0xf8, 0xa2, 0x60, 0xff, 0xf8, 0xa2, 0x60, 0xff, 0xf8, 0xa2, 0x60, 0xff,
    0xf8, 0xa3, 0x62, 0xff, 0xf8, 0x9f, 0x5b, 0xff, 0xf8, 0xa8, 0x6b, 0xff, 0xfc, 0xdb, 0xc3, 0xff,
    0xff, 0xfe, 0xfe, 0xff, 0xff, 0xff, 0xff, 0xff, 0xff, 0xff, 0xfe, 0xff, 0xff, 0xff, 0xff, 0xff,
    0xff, 0xff, 0xff, 0xff, 0xff, 0xff, 0xff, 0xff, 0xff, 0xff, 0xff, 0xff, 0xff, 0xff, 0xff, 0xff,
    0xff, 0xff, 0xff, 0xff, 0xff, 0xff, 0xff, 0xff, 0xff, 0xff, 0xff, 0xff, 0xff, 0xff, 0xff, 0xff,
    0xff, 0xff, 0xff, 0xff, 0xff, 0xfd, 0xfb, 0xff, 0xff, 0xff, 0xff, 0xff, 0xfe, 0xeb, 0xde, 0xff,
    0xf7, 0xa2, 0x5e, 0xff, 0xf8, 0xa3, 0x62, 0xff, 0xf8, 0xa2, 0x60, 0xff, 0xf8, 0xa2, 0x60, 0xff,
    0xf8, 0xa2, 0x60, 0xff, 0xf8, 0xa2, 0x60, 0xff, 0xf8, 0xa2, 0x60, 0xff, 0xf8, 0xa2, 0x60, 0xff,
    0xf8, 0xa2, 0x60, 0xff, 0xf8, 0xa2, 0x60, 0xff, 0xf8, 0xa2, 0x60, 0xff, 0xf8, 0xa2, 0x60, 0xff,
    0xf8, 0xa2, 0x60, 0xff, 0xf8, 0xa2, 0x60, 0xff, 0xf8, 0xa2, 0x60, 0xff, 0xf8, 0xa2, 0x60, 0xff,
    0xf8, 0xa2, 0x60, 0xff, 0xf8, 0xa2, 0x60, 0xff, 0xf8, 0xa2, 0x60, 0xff, 0xf8, 0xa2, 0x60, 0xff,
    0xf8, 0xa2, 0x60, 0xff, 0xf8, 0xa2, 0x60, 0xff, 0xf8, 0xa2, 0x60, 0xff, 0xf8, 0xa2, 0x60, 0xff,
    0xf8, 0xa2, 0x60, 0xff, 0xf8, 0xa2, 0x60, 0xff, 0xf8, 0xa2, 0x60, 0xff, 0xf8, 0xa2, 0x60, 0xff,
    0xf8, 0xa2, 0x60, 0xff, 0xf8, 0xa2, 0x60, 0xff, 0xf8, 0xa2, 0x60, 0xff, 0xf8, 0xa2, 0x60, 0xff,
    0xf8, 0xa2, 0x60, 0xff, 0xf8, 0xa2, 0x60, 0xff, 0xf8, 0xa2, 0x60, 0xff, 0xf8, 0xa2, 0x60, 0xff,
    0xf8, 0xa2, 0x60, 0xff, 0xf8, 0xa2, 0x60, 0xff, 0xf8, 0xa2, 0x60, 0xff, 0xf8, 0xa2, 0x60, 0xff,
    0xf8, 0xa2, 0x60, 0xff, 0xf8, 0xa2, 0x60, 0xff, 0xf8, 0xa2, 0x60, 0xff, 0xf8, 0xa2, 0x60, 0xff,
    0xf8, 0xa2, 0x60, 0xff, 0xf8, 0xa2, 0x60, 0xff, 0xf8, 0xa2, 0x60, 0xff, 0xf8, 0xa2, 0x60, 0xff,
    0xf8, 0xa2, 0x60, 0xff, 0xf7, 0xa2, 0x60, 0xff, 0xfb, 0xa4, 0x62, 0xff, 0xee, 0x9d, 0x5c, 0xfe,
    0xe3, 0x98, 0x55, 0xff, 0xdc, 0x94, 0x52, 0xf8, 0xe1, 0x96, 0x51, 0x89, 0xff, 0xff, 0x00, 0x01,
    0x00, 0x00, 0x00, 0x00, 0xe5, 0x99, 0x50, 0x3c, 0xdd, 0x94, 0x52, 0xe1, 0xe7, 0x9b, 0x56, 0xff,
    0xe9, 0x9a, 0x58, 0xfb, 0xfa, 0xa3, 0x61, 0xff, 0xf7, 0xa2, 0x60, 0xff, 0xf8, 0xa2, 0x60, 0xff,
    0xf8, 0xa2, 0x60, 0xff, 0xf8, 0xa2, 0x60, 0xff, 0xf8, 0xa2, 0x60, 0xff, 0xf8, 0xa2, 0x60, 0xff,
    0xf8, 0xa2, 0x60, 0xff, 0xf8, 0xa2, 0x60, 0xff, 0xf8, 0xa2, 0x60, 0xff, 0xf8, 0xa2, 0x60, 0xff,
    0xf8, 0xa2, 0x60, 0xff, 0xf8, 0xa2, 0x60, 0xff, 0xf8, 0xa2, 0x60, 0xff, 0xf8, 0xa2, 0x60, 0xff,
    0xf8, 0xa2, 0x60, 0xff, 0xf8, 0xa2, 0x60, 0xff, 0xf8, 0xa2, 0x60, 0xff, 0xf8, 0xa2, 0x60, 0xff,
    0xf8, 0xa2, 0x60, 0xff, 0xf8, 0xa2, 0x60, 0xff, 0xf8, 0xa2, 0x60, 0xff, 0xf8, 0xa2, 0x60, 0xff,
    0xf8, 0xa2, 0x60, 0xff, 0xf8, 0xa2, 0x60, 0xff, 0xf8, 0xa2, 0x60, 0xff, 0xf8, 0xa2, 0x60, 0xff,
    0xf8, 0xa2, 0x60, 0xff, 0xf8, 0xa2, 0x60, 0xff, 0xf8, 0xa2, 0x60, 0xff, 0xf8, 0xa2, 0x60, 0xff,
    0xf8, 0xa2, 0x60, 0xff, 0xf8, 0xa2, 0x60, 0xff, 0xf8, 0xa2, 0x60, 0xff, 0xf8, 0xa2, 0x60, 0xff,
    0xf8, 0xa2, 0x60, 0xff, 0xf8, 0xa2, 0x60, 0xff, 0xf8, 0xa2, 0x60, 0xff, 0xf8, 0xa2, 0x60, 0xff,
    0xf8, 0xa2, 0x60, 0xff, 0xf8, 0xa2, 0x60, 0xff, 0xf8, 0xa2, 0x60, 0xff, 0xf8, 0xa2, 0x60, 0xff,
    0xf8, 0xa2, 0x60, 0xff, 0xf8, 0xa2, 0x60, 0xff, 0xf8, 0xa3, 0x61, 0xff, 0xf8, 0xa0, 0x5c, 0xff,
    0xf8, 0xa5, 0x66, 0xff, 0xfc, 0xcf, 0xae, 0xff, 0xff, 0xfe, 0xfd, 0xff, 0xff, 0xff, 0xff, 0xff,
    0xff, 0xff, 0xfe, 0xff, 0xff, 0xff, 0xff, 0xff, 0xff, 0xff, 0xff, 0xff, 0xff, 0xff, 0xff, 0xff,
    0xff, 0xff, 0xff, 0xff, 0xff, 0xff, 0xff, 0xff, 0xff, 0xff, 0xff, 0xff, 0xff, 0xff, 0xff, 0xff,
    0xff, 0xff, 0xff, 0xff, 0xff, 0xff, 0xff, 0xff, 0xff, 0xff, 0xff, 0xff, 0xff, 0xfd, 0xfc, 0xff,
    0xff, 0xff, 0xff, 0xff, 0xfd, 0xe7, 0xd5, 0xff, 0xf7, 0x9a, 0x52, 0xff, 0xf8, 0xa3, 0x62, 0xff,
    0xf8, 0xa2, 0x60, 0xff, 0xf8, 0xa2, 0x60, 0xff, 0xf8, 0xa2, 0x60, 0xff, 0xf8, 0xa2, 0x60, 0xff,
    0xf8, 0xa2, 0x60, 0xff, 0xf8, 0xa2, 0x60, 0xff, 0xf8, 0xa2, 0x60, 0xff, 0xf8, 0xa2, 0x60, 0xff,
    0xf8, 0xa2, 0x60, 0xff, 0xf8, 0xa2, 0x60, 0xff, 0xf8, 0xa2, 0x60, 0xff, 0xf8, 0xa2, 0x60, 0xff,
    0xf8, 0xa2, 0x60, 0xff, 0xf8, 0xa2, 0x60, 0xff, 0xf8, 0xa2, 0x60, 0xff, 0xf8, 0xa2, 0x60, 0xff,
    0xf8, 0xa2, 0x60, 0xff, 0xf8, 0xa2, 0x60, 0xff, 0xf8, 0xa2, 0x60, 0xff, 0xf8, 0xa2, 0x60, 0xff,
    0xf8, 0xa2, 0x60, 0xff, 0xf8, 0xa2, 0x60, 0xff, 0xf8, 0xa2, 0x60, 0xff, 0xf8, 0xa2, 0x60, 0xff,
    0xf8, 0xa2, 0x60, 0xff, 0xf8, 0xa2, 0x60, 0xff, 0xf8, 0xa2, 0x60, 0xff, 0xf8, 0xa2, 0x60, 0xff,
    0xf8, 0xa2, 0x60, 0xff, 0xf8, 0xa2, 0x60, 0xff, 0xf8, 0xa2, 0x60, 0xff, 0xf8, 0xa2, 0x60, 0xff,
    0xf8, 0xa2, 0x60, 0xff, 0xf8, 0xa2, 0x60, 0xff, 0xf8, 0xa2, 0x60, 0xff, 0xf8, 0xa2, 0x60, 0xff,
    0xf8, 0xa2, 0x60, 0xff, 0xf8, 0xa2, 0x60, 0xff, 0xf8, 0xa2, 0x60, 0xff, 0xf8, 0xa2, 0x60, 0xff,
    0xf8, 0xa2, 0x60, 0xff, 0xf8, 0xa2, 0x60, 0xff, 0xf8, 0xa2, 0x60, 0xff, 0xf8, 0xa2, 0x60, 0xff,
    0xf8, 0xa2, 0x60, 0xff, 0xf8, 0xa2, 0x60, 0xff, 0xf8, 0xa2, 0x60, 0xff, 0xf7, 0xa2, 0x60, 0xff,
    0xfa, 0xa3, 0x61, 0xff, 0xe9, 0x9a, 0x58, 0xfb, 0xe7, 0x9b, 0x56, 0xff, 0xdd, 0x94, 0x52, 0xe1,
    0xe5, 0x99, 0x50, 0x3c, 0x00, 0x00, 0x00, 0x00, 0xff, 0x7f, 0x7f, 0x02, 0x00, 0x00, 0x00, 0x00,
    0xdb, 0x95, 0x51, 0xc4, 0xec, 0xa0, 0x58, 0xff, 0xe0, 0x94, 0x53, 0xfa, 0xf0, 0x9d, 0x5b, 0xff,
    0xfa, 0xa3, 0x61, 0xff, 0xf8, 0xa2, 0x60, 0xff, 0xf8, 0xa2, 0x60, 0xff, 0xf8, 0xa2, 0x60, 0xff,
    0xf8, 0xa2, 0x60, 0xff, 0xf8, 0xa2, 0x60, 0xff, 0xf8, 0xa2, 0x60, 0xff, 0xf8, 0xa2, 0x60, 0xff,
    0xf8, 0xa2, 0x60, 0xff, 0xf8, 0xa2, 0x60, 0xff, 0xf8, 0xa2, 0x60, 0xff, 0xf8, 0xa2, 0x60, 0xff,
    0xf8, 0xa2, 0x60, 0xff, 0xf8, 0xa2, 0x60, 0xff, 0xf8, 0xa2, 0x60, 0xff, 0xf8, 0xa2, 0x60, 0xff,
    0xf8, 0xa2, 0x60, 0xff, 0xf8, 0xa2, 0x60, 0xff, 0xf8, 0xa2, 0x60, 0xff, 0xf8, 0xa2, 0x60, 0xff,
    0xf8, 0xa2, 0x60, 0xff, 0xf8, 0xa2, 0x60, 0xff, 0xf8, 0xa2, 0x60, 0xff, 0xf8, 0xa2, 0x60, 0xff,
    0xf8, 0xa2, 0x60, 0xff, 0xf8, 0xa2, 0x60, 0xff, 0xf8, 0xa2, 0x60, 0xff, 0xf8, 0xa2, 0x60, 0xff,
    0xf8, 0xa2, 0x60, 0xff, 0xf8, 0xa2, 0x60, 0xff, 0xf8, 0xa2, 0x60, 0xff, 0xf8, 0xa2, 0x60, 0xff,
    0xf8, 0xa2, 0x60, 0xff, 0xf8, 0xa2, 0x60, 0xff, 0xf8, 0xa2, 0x60, 0xff, 0xf8, 0xa2, 0x60, 0xff,
    0xf8, 0xa2, 0x60, 0xff, 0xf8, 0xa2, 0x60, 0xff, 0xf8, 0xa2, 0x60, 0xff, 0xf8, 0xa2, 0x60, 0xff,
    0xf8, 0xa2, 0x60, 0xff, 0xf8, 0xa2, 0x60, 0xff, 0xf8, 0xa2, 0x60, 0xff, 0xf8, 0xa2, 0x60, 0xff,
    0xf8, 0xa2, 0x61, 0xff, 0xf8, 0xa1, 0x5e, 0xff, 0xf8, 0xa3, 0x62, 0xff, 0xfa, 0xc1, 0x96, 0xff,
    0xff, 0xfd, 0xfc, 0xff, 0xff, 0xff, 0xff, 0xff, 0xff, 0xfe, 0xfe, 0xff, 0xff, 0xff, 0xff, 0xff,
    0xff, 0xff, 0xff, 0xff, 0xff, 0xff, 0xff, 0xff, 0xff, 0xff, 0xff, 0xff, 0xff, 0xff, 0xff, 0xff,
    0xff, 0xff, 0xff, 0xff, 0xff, 0xff, 0xff, 0xff, 0xff, 0xff, 0xff, 0xff, 0xff, 0xff, 0xff, 0xff,
    0xff, 0xff, 0xfe, 0xff, 0xff, 0xfe, 0xfe, 0xff, 0xff, 0xff, 0xff, 0xff, 0xfc, 0xdd, 0xc5, 0xff,
    0xf8, 0x9c, 0x56, 0xff, 0xf8, 0xa3, 0x61, 0xff, 0xf8, 0xa2, 0x60, 0xff, 0xf8, 0xa2, 0x60, 0xff,
    0xf8, 0xa2, 0x60, 0xff, 0xf8, 0xa2, 0x60, 0xff, 0xf8, 0xa2, 0x60, 0xff, 0xf8, 0xa2, 0x60, 0xff,
    0xf8, 0xa2, 0x60, 0xff, 0xf8, 0xa2, 0x60, 0xff, 0xf8, 0xa2, 0x60, 0xff, 0xf8, 0xa2, 0x60, 0xff,
    0xf8, 0xa2, 0x60, 0xff, 0xf8, 0xa2, 0x60, 0xff, 0xf8, 0xa2, 0x60, 0xff, 0xf8, 0xa2, 0x60, 0xff,
    0xf8, 0xa2, 0x60, 0xff, 0xf8, 0xa2, 0x60, 0xff, 0xf8, 0xa2, 0x60, 0xff, 0xf8, 0xa2, 0x60, 0xff,
    0xf8, 0xa2, 0x60, 0xff, 0xf8, 0xa2, 0x60, 0xff, 0xf8, 0xa2, 0x60, 0xff, 0xf8, 0xa2, 0x60, 0xff,
    0xf8, 0xa2, 0x60, 0xff, 0xf8, 0xa2, 0x60, 0xff, 0xf8, 0xa2, 0x60, 0xff, 0xf8, 0xa2, 0x60, 0xff,
    0xf8, 0xa2, 0x60, 0xff, 0xf8, 0xa2, 0x60, 0xff, 0xf8, 0xa2, 0x60, 0xff, 0xf8, 0xa2, 0x60, 0xff,
    0xf8, 0xa2, 0x60, 0xff, 0xf8, 0xa2, 0x60, 0xff, 0xf8, 0xa2, 0x60, 0xff, 0xf8, 0xa2, 0x60, 0xff,
    0xf8, 0xa2, 0x60, 0xff, 0xf8, 0xa2, 0x60, 0xff, 0xf8, 0xa2, 0x60, 0xff, 0xf8, 0xa2, 0x60, 0xff,
    0xf8, 0xa2, 0x60, 0xff, 0xf8, 0xa2, 0x60, 0xff, 0xf8, 0xa2, 0x60, 0xff, 0xf8, 0xa2, 0x60, 0xff,
    0xf8, 0xa2, 0x60, 0xff, 0xf8, 0xa2, 0x60, 0xff, 0xf8, 0xa2, 0x60, 0xff, 0xf8, 0xa2, 0x60, 0xff,
    0xf8, 0xa2, 0x60, 0xff, 0xfa, 0xa3, 0x61, 0xff, 0xf0, 0x9d, 0x5b, 0xff, 0xe0, 0x94, 0x53, 0xfa,
    0xec, 0xa0, 0x58, 0xff, 0xdb, 0x95, 0x51, 0xc4, 0x00, 0x00, 0x00, 0x00, 0xff, 0x7f, 0x7f, 0x02,
    0xff, 0x7f, 0x7f, 0x02, 0xff, 0xff, 0x00, 0x01, 0xe0, 0x97, 0x53, 0x8c, 0xdc, 0x94, 0x52, 0xfb,
    0xdb, 0x93, 0x51, 0xff, 0xe6, 0x99, 0x56, 0xfd, 0xf9, 0xa3, 0x61, 0xff, 0xf8, 0xa2, 0x60, 0xff,
    0xf8, 0xa2, 0x60, 0xff, 0xf8, 0xa2, 0x60, 0xff, 0xf8, 0xa2, 0x60, 0xff, 0xf8, 0xa2, 0x60, 0xff,
    0xf8, 0xa2, 0x60, 0xff, 0xf8, 0xa2, 0x60, 0xff, 0xf8, 0xa2, 0x60, 0xff, 0xf8, 0xa2, 0x60, 0xff,
    0xf8, 0xa2, 0x60, 0xff, 0xf8, 0xa2, 0x60, 0xff, 0xf8, 0xa2, 0x60, 0xff, 0xf8, 0xa2, 0x60, 0xff,
    0xf8, 0xa2, 0x60, 0xff, 0xf8, 0xa2, 0x60, 0xff, 0xf8, 0xa2, 0x60, 0xff, 0xf8, 0xa2, 0x60, 0xff,
    0xf8, 0xa2, 0x60, 0xff, 0xf8, 0xa2, 0x60, 0xff, 0xf8, 0xa2, 0x60, 0xff, 0xf8, 0xa2, 0x60, 0xff,
    0xf8, 0xa2, 0x60, 0xff, 0xf8, 0xa2, 0x60, 0xff, 0xf8, 0xa2, 0x60, 0xff, 0xf8, 0xa2, 0x60, 0xff,
    0xf8, 0xa2, 0x60, 0xff, 0xf8, 0xa2, 0x60, 0xff, 0xf8, 0xa2, 0x60, 0xff, 0xf8, 0xa2, 0x60, 0xff,
    0xf8, 0xa2, 0x60, 0xff, 0xf8, 0xa2, 0x60, 0xff, 0xf8, 0xa2, 0x60, 0xff, 0xf8, 0xa2, 0x60, 0xff,
    0xf8, 0xa2, 0x60, 0xff, 0xf8, 0xa2, 0x60, 0xff, 0xf8, 0xa2, 0x60, 0xff, 0xf8, 0xa2, 0x60, 0xff,
    0xf8, 0xa2, 0x60, 0xff, 0xf8, 0xa2, 0x60, 0xff, 0xf8, 0xa2, 0x60, 0xff, 0xf8, 0xa2, 0x60, 0xff,
    0xf8, 0xa2, 0x60, 0xff, 0xf8, 0xa2, 0x60, 0xff, 0xf8, 0xa2, 0x61, 0xff, 0xf8, 0xa1, 0x5e, 0xff,
    0xf8, 0xa2, 0x60, 0xff, 0xfa, 0xbb, 0x8d, 0xff, 0xff, 0xfd, 0xfb, 0xff, 0xff, 0xff, 0xff, 0xff,
    0xff, 0xfe, 0xfe, 0xff, 0xff, 0xff, 0xff, 0xff, 0xff, 0xff, 0xff, 0xff, 0xff, 0xff, 0xff, 0xff,
    0xff, 0xff, 0xff, 0xff, 0xff, 0xff, 0xff, 0xff, 0xff, 0xff, 0xff, 0xff, 0xff, 0xff, 0xff, 0xff,
    0xff, 0xff, 0xff, 0xff, 0xff, 0xff, 0xff, 0xff, 0xff, 0xfe, 0xfe, 0xff, 0xff, 0xff, 0xff, 0xff,
    0xff, 0xfd, 0xfc, 0xff, 0xfc, 0xd5, 0xb6, 0xff, 0xf8, 0x9d, 0x57, 0xff, 0xf8, 0xa3, 0x61, 0xff,
    0xf8, 0xa2, 0x60, 0xff, 0xf8, 0xa2, 0x60, 0xff, 0xf8, 0xa2, 0x60, 0xff, 0xf8, 0xa2, 0x60, 0xff,
    0xf8, 0xa2, 0x60, 0xff, 0xf8, 0xa2, 0x60, 0xff, 0xf8, 0xa2, 0x60, 0xff, 0xf8, 0xa2, 0x60, 0xff,
    0xf8, 0xa2, 0x60, 0xff, 0xf8, 0xa2, 0x60, 0xff, 0xf8, 0xa2, 0x60, 0xff, 0xf8, 0xa2, 0x60, 0xff,
    0xf8, 0xa2, 0x60, 0xff, 0xf8, 0xa2, 0x60, 0xff, 0xf8, 0xa2, 0x60, 0xff, 0xf8, 0xa2, 0x60, 0xff,
    0xf8, 0xa2, 0x60, 0xff, 0xf8, 0xa2, 0x60, 0xff, 0xf8, 0xa2, 0x60, 0xff, 0xf8, 0xa2, 0x60, 0xff,
    0xf8, 0xa2, 0x60, 0xff, 0xf8, 0xa2, 0x60, 0xff, 0xf8, 0xa2, 0x60, 0xff, 0xf8, 0xa2, 0x60, 0xff,
    0xf8, 0xa2, 0x60, 0xff, 0xf8, 0xa2, 0x60, 0xff, 0xf8, 0xa2, 0x60, 0xff, 0xf8, 0xa2, 0x60, 0xff,
    0xf8, 0xa2, 0x60, 0xff, 0xf8, 0xa2, 0x60, 0xff, 0xf8, 0xa2, 0x60, 0xff, 0xf8, 0xa2, 0x60, 0xff,
    0xf8, 0xa2, 0x60, 0xff, 0xf8, 0xa2, 0x60, 0xff, 0xf8, 0xa2, 0x60, 0xff, 0xf8, 0xa2, 0x60, 0xff,
    0xf8, 0xa2, 0x60, 0xff, 0xf8, 0xa2, 0x60, 0xff, 0xf8, 0xa2, 0x60, 0xff, 0xf8, 0xa2, 0x60, 0xff,
    0xf8, 0xa2, 0x60, 0xff, 0xf8, 0xa2, 0x60, 0xff, 0xf8, 0xa2, 0x60, 0xff, 0xf8, 0xa2, 0x60, 0xff,
    0xf8, 0xa2, 0x60, 0xff, 0xf8, 0xa2, 0x60, 0xff, 0xf8, 0xa2, 0x60, 0xff, 0xf9, 0xa3, 0x61, 0xff,
    0xe6, 0x99, 0x56, 0xfd, 0xdb, 0x93, 0x51, 0xff, 0xdc, 0x94, 0x52, 0xfb, 0xe0, 0x97, 0x53, 0x8c,
    0xff, 0xff, 0x00, 0x01, 0xff, 0x7f, 0x7f, 0x02, 0xff, 0xff, 0x00, 0x01, 0x00, 0x00, 0x00, 0x00,
    0xe3, 0x9b, 0x53, 0x40, 0xdb, 0x93, 0x52, 0xd3, 0xe5, 0x9b, 0x56, 0xff, 0xdf, 0x95, 0x53, 0xfa,
    0xee, 0x9d, 0x5b, 0xff, 0xf9, 0xa2, 0x60, 0xff, 0xf8, 0xa2, 0x60, 0xff, 0xf8, 0xa2, 0x60, 0xff,
    0xf8, 0xa2, 0x60, 0xff, 0xf8, 0xa2, 0x60, 0xff, 0xf8, 0xa2, 0x60, 0xff, 0xf8, 0xa2, 0x60, 0xff,
    0xf8, 0xa2, 0x60, 0xff, 0xf8, 0xa2, 0x60, 0xff, 0xf8, 0xa2, 0x60, 0xff, 0xf8, 0xa2, 0x60, 0xff,
    0xf8, 0xa2, 0x60, 0xff, 0xf8, 0xa2, 0x60, 0xff, 0xf8, 0xa2, 0x60, 0xff, 0xf8, 0xa2, 0x60, 0xff,
    0xf8, 0xa2, 0x60, 0xff, 0xf8, 0xa2, 0x60, 0xff, 0xf8, 0xa2, 0x60, 0xff, 0xf8, 0xa2, 0x60, 0xff,
    0xf8, 0xa2, 0x60, 0xff, 0xf8, 0xa2, 0x60, 0xff, 0xf8, 0xa2, 0x60, 0xff, 0xf8, 0xa2, 0x60, 0xff,
    0xf8, 0xa2, 0x60, 0xff, 0xf8, 0xa2, 0x60, 0xff, 0xf8, 0xa2, 0x60, 0xff, 0xf8, 0xa2, 0x60, 0xff,
    0xf8, 0xa2, 0x60, 0xff, 0xf8, 0xa2, 0x60, 0xff, 0xf8, 0xa2, 0x60, 0xff, 0xf8, 0xa2, 0x60, 0xff,
    0xf8, 0xa2, 0x60, 0xff, 0xf8, 0xa2, 0x60, 0xff, 0xf8, 0xa2, 0x60, 0xff, 0xf8, 0xa2, 0x60, 0xff,
    0xf8, 0xa2, 0x60, 0xff, 0xf8, 0xa2, 0x60, 0xff, 0xf8, 0xa2, 0x60, 0xff, 0xf8, 0xa2, 0x60, 0xff,
    0xf8, 0xa2, 0x60, 0xff, 0xf8, 0xa2, 0x60, 0xff, 0xf8, 0xa2, 0x60, 0xff, 0xf8, 0xa2, 0x60, 0xff,
    0xf8, 0xa2, 0x60, 0xff, 0xf8, 0xa2, 0x61, 0xff, 0xf8, 0x9f, 0x5b, 0xff, 0xf8, 0xac, 0x71, 0xff,
    0xff, 0xfb, 0xf9, 0xff, 0xff, 0xff, 0xfe, 0xff, 0xff, 0xfe, 0xfe, 0xff, 0xff, 0xff, 0xff, 0xff,
    0xff, 0xff, 0xff, 0xff, 0xff, 0xff, 0xff, 0xff, 0xff, 0xff, 0xff, 0xff, 0xff, 0xff, 0xff, 0xff,
    0xff, 0xff, 0xff, 0xff, 0xff, 0xff, 0xff, 0xff, 0xff, 0xff, 0xff, 0xff, 0xff, 0xff, 0xff, 0xff,
    0xff, 0xfe, 0xfd, 0xff, 0xff, 0xff, 0xff, 0xff, 0xfe, 0xf8, 0xf3, 0xff, 0xfb, 0xca, 0xa7, 0xff,
    0xf8, 0x9e, 0x59, 0xff, 0xf8, 0xa3, 0x61, 0xff, 0xf8, 0xa2, 0x60, 0xff, 0xf8, 0xa2, 0x60, 0xff,
    0xf8, 0xa2, 0x60, 0xff, 0xf8, 0xa2, 0x60, 0xff, 0xf8, 0xa2, 0x60, 0xff, 0xf8, 0xa2, 0x60, 0xff,
    0xf8, 0xa2, 0x60, 0xff, 0xf8, 0xa2, 0x60, 0xff, 0xf8, 0xa2, 0x60, 0xff, 0xf8, 0xa2, 0x60, 0xff,
    0xf8, 0xa2, 0x60, 0xff, 0xf8, 0xa2, 0x60, 0xff, 0xf8, 0xa2, 0x60, 0xff, 0xf8, 0xa2, 0x60, 0xff,
    0xf8, 0xa2, 0x60, 0xff, 0xf8, 0xa2, 0x60, 0xff, 0xf8, 0xa2, 0x60, 0xff, 0xf8, 0xa2, 0x60, 0xff,
    0xf8, 0xa2, 0x60, 0xff, 0xf8, 0xa2, 0x60, 0xff, 0xf8, 0xa2, 0x60, 0xff, 0xf8, 0xa2, 0x60, 0xff,
    0xf8, 0xa2, 0x60, 0xff, 0xf8, 0xa2, 0x60, 0xff, 0xf8, 0xa2, 0x60, 0xff, 0xf8, 0xa2, 0x60, 0xff,
    0xf8, 0xa2, 0x60, 0xff, 0xf8, 0xa2, 0x60, 0xff, 0xf8, 0xa2, 0x60, 0xff, 0xf8, 0xa2, 0x60, 0xff,
    0xf8, 0xa2, 0x60, 0xff, 0xf8, 0xa2, 0x60, 0xff, 0xf8, 0xa2, 0x60, 0xff, 0xf8, 0xa2, 0x60, 0xff,
    0xf8, 0xa2, 0x60, 0xff, 0xf8, 0xa2, 0x60, 0xff, 0xf8, 0xa2, 0x60, 0xff, 0xf8, 0xa2, 0x60, 0xff,
    0xf8, 0xa2, 0x60, 0xff, 0xf8, 0xa2, 0x60, 0xff, 0xf8, 0xa2, 0x60, 0xff, 0xf8, 0xa2, 0x60, 0xff,
    0xf8, 0xa2, 0x60, 0xff, 0xf8, 0xa2, 0x60, 0xff, 0xf8, 0xa2, 0x60, 0xff, 0xf8, 0xa2, 0x60, 0xff,
    0xf9, 0xa2, 0x60, 0xff, 0xee, 0x9d, 0x5b, 0xff, 0xdf, 0x95, 0x53, 0xfa, 0xe5, 0x9b, 0x56, 0xff,
    0xdb, 0x93, 0x52, 0xd3, 0xe3, 0x9b, 0x53, 0x40, 0x00, 0x00, 0x00, 0x00, 0xff, 0xff, 0x00, 0x01,
    0x00, 0x00, 0x00, 0x00, 0xcc, 0x99, 0x66, 0x05, 0xcc, 0x99, 0x66, 0x05, 0xdd, 0x94, 0x52, 0x9e,
    0xed, 0x9f, 0x58, 0xff, 0xd9, 0x92, 0x51, 0xf9, 0xe2, 0x97, 0x55, 0xfe, 0xf8, 0xa1, 0x5f, 0xff,
    0xf8, 0xa2, 0x60, 0xff, 0xf8, 0xa2, 0x60, 0xff, 0xf8, 0xa2, 0x60, 0xff, 0xf8, 0xa2, 0x60, 0xff,
    0xf8, 0xa2, 0x60, 0xff, 0xf8, 0xa2, 0x60, 0xff, 0xf8, 0xa2, 0x60, 0xff, 0xf8, 0xa2, 0x60, 0xff,
    0xf8, 0xa2, 0x60, 0xff, 0xf8, 0xa2, 0x60, 0xff, 0xf8, 0xa2, 0x60, 0xff, 0xf8, 0xa2, 0x60, 0xff,
    0xf8, 0xa2, 0x60, 0xff, 0xf8, 0xa2, 0x60, 0xff, 0xf8, 0xa2, 0x60, 0xff, 0xf8, 0xa2, 0x60, 0xff,
    0xf8, 0xa2, 0x60, 0xff, 0xf8, 0xa2, 0x60, 0xff, 0xf8, 0xa2, 0x60, 0xff, 0xf8, 0xa2, 0x60, 0xff,
    0xf8, 0xa2, 0x60, 0xff, 0xf8, 0xa2, 0x60, 0xff, 0xf8, 0xa2, 0x60, 0xff, 0xf8, 0xa2, 0x60, 0xff,
    0xf8, 0xa2, 0x60, 0xff, 0xf8, 0xa2, 0x60, 0xff, 0xf8, 0xa2, 0x60, 0xff, 0xf8, 0xa2, 0x60, 0xff,
    0xf8, 0xa2, 0x60, 0xff, 0xf8, 0xa2, 0x60, 0xff, 0xf8, 0xa2, 0x60, 0xff, 0xf8, 0xa2, 0x60, 0xff,
    0xf8, 0xa2, 0x60, 0xff, 0xf8, 0xa2, 0x60, 0xff, 0xf8, 0xa2, 0x60, 0xff, 0xf8, 0xa2, 0x60, 0xff,
    0xf8, 0xa2, 0x60, 0xff, 0xf8, 0xa2, 0x60, 0xff, 0xf8, 0xa2, 0x60, 0xff, 0xf8, 0xa2, 0x60, 0xff,
    0xf8, 0xa2, 0x60, 0xff, 0xf8, 0xa2, 0x60, 0xff, 0xf8, 0xa2, 0x60, 0xff, 0xf8, 0xa3, 0x61, 0xff,
    0xf8, 0x9f, 0x5a, 0xff, 0xf8, 0xa5, 0x66, 0xff, 0xff, 0xfd, 0xfa, 0xff, 0xff, 0xff, 0xff, 0xff,
    0xff, 0xff, 0xfd, 0xff, 0xff, 0xff, 0xff, 0xff, 0xff, 0xff, 0xff, 0xff, 0xff, 0xff, 0xff, 0xff,
    0xff, 0xff, 0xff, 0xff, 0xff, 0xff, 0xff, 0xff, 0xff, 0xff, 0xff, 0xff, 0xff, 0xff, 0xff, 0xff,
    0xff, 0xff, 0xff, 0xff, 0xff, 0xff, 0xff, 0xff, 0xff, 0xfd, 0xfc, 0xff, 0xff, 0xff, 0xff, 0xff,
    0xfe, 0xf4, 0xeb, 0xff, 0xfa, 0xc0, 0x93, 0xff, 0xf8, 0xa0, 0x5c, 0xff, 0xf8, 0xa2, 0x61, 0xff,
    0xf8, 0xa2, 0x60, 0xff, 0xf8, 0xa2, 0x60, 0xff, 0xf8, 0xa2, 0x60, 0xff, 0xf8, 0xa2, 0x60, 0xff,
    0xf8, 0xa2, 0x60, 0xff, 0xf8, 0xa2, 0x60, 0xff, 0xf8, 0xa2, 0x60, 0xff, 0xf8, 0xa2, 0x60, 0xff,
    0xf8, 0xa2, 0x60, 0xff, 0xf8, 0xa2, 0x60, 0xff, 0xf8, 0xa2, 0x60, 0xff, 0xf8, 0xa2, 0x60, 0xff,
    0xf8, 0xa2, 0x60, 0xff, 0xf8, 0xa2, 0x60, 0xff, 0xf8, 0xa2, 0x60, 0xff, 0xf8, 0xa2, 0x60, 0xff,
    0xf8, 0xa2, 0x60, 0xff, 0xf8, 0xa2, 0x60, 0xff, 0xf8, 0xa2, 0x60, 0xff, 0xf8, 0xa2, 0x60, 0xff,
    0xf8, 0xa2, 0x60, 0xff, 0xf8, 0xa2, 0x60, 0xff, 0xf8, 0xa2, 0x60, 0xff, 0xf8, 0xa2, 0x60, 0xff,
    0xf8, 0xa2, 0x60, 0xff, 0xf8, 0xa2, 0x60, 0xff, 0xf8, 0xa2, 0x60, 0xff, 0xf8, 0xa2, 0x60, 0xff,
    0xf8, 0xa2, 0x60, 0xff, 0xf8, 0xa2, 0x60, 0xff, 0xf8, 0xa2, 0x60, 0xff, 0xf8, 0xa2, 0x60, 0xff,
    0xf8, 0xa2, 0x60, 0xff, 0xf8, 0xa2, 0x60, 0xff, 0xf8, 0xa2, 0x60, 0xff, 0xf8, 0xa2, 0x60, 0xff,
    0xf8, 0xa2, 0x60, 0xff, 0xf8, 0xa2, 0x60, 0xff, 0xf8, 0xa2, 0x60, 0xff, 0xf8, 0xa2, 0x60, 0xff,
    0xf8, 0xa2, 0x60, 0xff, 0xf8, 0xa2, 0x60, 0xff, 0xf8, 0xa2, 0x60, 0xff, 0xf8, 0xa2, 0x60, 0xff,
    0xf8, 0xa2, 0x60, 0xff, 0xf8, 0xa2, 0x60, 0xff, 0xf8, 0xa1, 0x5f, 0xff, 0xe2, 0x97, 0x55, 0xfe,
    0xd9, 0x92, 0x51, 0xf9, 0xed, 0x9f, 0x58, 0xff, 0xdd, 0x94, 0x52, 0x9e, 0xcc, 0x99, 0x66, 0x05,
    0xcc, 0x99, 0x66, 0x05, 0x00, 0x00, 0x00, 0x00, 0x00, 0x00, 0x00, 0x00, 0xff, 0xbf, 0x3f, 0x04,
    0x00, 0x00, 0x00, 0x00, 0xdd, 0x94, 0x51, 0x54, 0xe1, 0x97, 0x54, 0xdd, 0xe0, 0x98, 0x55, 0xfc,
    0xdb, 0x93, 0x51, 0xfc, 0xe9, 0x9a, 0x58, 0xff, 0xfa, 0xa3, 0x61, 0xff, 0xf8, 0xa2, 0x60, 0xff,
    0xf8, 0xa2, 0x60, 0xff, 0xf8, 0xa2, 0x60, 0xff, 0xf8, 0xa2, 0x60, 0xff, 0xf8, 0xa2, 0x60, 0xff,
    0xf8, 0xa2, 0x60, 0xff, 0xf8, 0xa2, 0x60, 0xff, 0xf8, 0xa2, 0x60, 0xff, 0xf8, 0xa2, 0x60, 0xff,
    0xf8, 0xa2, 0x60, 0xff, 0xf8, 0xa2, 0x60, 0xff, 0xf8, 0xa2, 0x60, 0xff, 0xf8, 0xa2, 0x60, 0xff,
    0xf8, 0xa2, 0x60, 0xff, 0xf8, 0xa2, 0x60, 0xff, 0xf8, 0xa2, 0x60, 0xff, 0xf8, 0xa2, 0x60, 0xff,
    0xf8, 0xa2, 0x60, 0xff, 0xf8, 0xa2, 0x60, 0xff, 0xf8, 0xa2, 0x60, 0xff, 0xf8, 0xa2, 0x60, 0xff,
    0xf8, 0xa2, 0x60, 0xff, 0xf8, 0xa2, 0x60, 0xff, 0xf8, 0xa2, 0x60, 0xff, 0xf8, 0xa2, 0x60, 0xff,
    0xf8, 0xa2, 0x60, 0xff, 0xf8, 0xa2, 0x60, 0xff, 0xf8, 0xa2, 0x60, 0xff, 0xf8, 0xa2, 0x60, 0xff,
    0xf8, 0xa2, 0x60, 0xff, 0xf8, 0xa2, 0x60, 0xff, 0xf8, 0xa2, 0x60, 0xff, 0xf8, 0xa2, 0x60, 0xff,
    0xf8, 0xa2, 0x60, 0xff, 0xf8, 0xa2, 0x60, 0xff, 0xf8, 0xa2, 0x60, 0xff, 0xf8, 0xa2, 0x60, 0xff,
    0xf8, 0xa2, 0x60, 0xff, 0xf8, 0xa2, 0x60, 0xff, 0xf8, 0xa2, 0x60, 0xff, 0xf8, 0xa2, 0x60, 0xff,
    0xf8, 0xa2, 0x60, 0xff, 0xf8, 0xa2, 0x60, 0xff, 0xf8, 0xa0, 0x5e, 0xff, 0xf8, 0xa2, 0x61, 0xff,
    0xfb, 0xc4, 0x98, 0xff, 0xfe, 0xf0, 0xe6, 0xff, 0xfe, 0xf8, 0xf3, 0xff, 0xfe, 0xf4, 0xed, 0xff,
    0xfe, 0xf5, 0xee, 0xff, 0xfe, 0xf5, 0xee, 0xff, 0xfe, 0xf5, 0xee, 0xff, 0xfe, 0xf5, 0xee, 0xff,
    0xfe, 0xf5, 0xee, 0xff, 0xfe, 0xf5, 0xee, 0xff, 0xfe, 0xf5, 0xee, 0xff, 0xfe, 0xf4, 0xed, 0xff,
    0xfe, 0xf5, 0xee, 0xff, 0xfe, 0xf2, 0xea, 0xff, 0xfb, 0xd0, 0xae, 0xff, 0xf8, 0xa3, 0x61, 0xff,
    0xf8, 0xa3, 0x61, 0xff, 0xf8, 0xa2, 0x60, 0xff, 0xf8, 0xa2, 0x60, 0xff, 0xf8, 0xa2, 0x60, 0xff,
    0xf8, 0xa2, 0x60, 0xff, 0xf8, 0xa2, 0x60, 0xff, 0xf8, 0xa2, 0x60, 0xff, 0xf8, 0xa2, 0x60, 0xff,
    0xf8, 0xa2, 0x60, 0xff, 0xf8, 0xa2, 0x60, 0xff, 0xf8, 0xa2, 0x60, 0xff, 0xf8, 0xa2, 0x60, 0xff,
    0xf8, 0xa2, 0x60, 0xff, 0xf8, 0xa2, 0x60, 0xff, 0xf8, 0xa2, 0x60, 0xff, 0xf8, 0xa2, 0x60, 0xff,
    0xf8, 0xa2, 0x60, 0xff, 0xf8, 0xa2, 0x60, 0xff, 0xf8, 0xa2, 0x60, 0xff, 0xf8, 0xa2, 0x60, 0xff,
    0xf8, 0xa2, 0x60, 0xff, 0xf8, 0xa2, 0x60, 0xff, 0xf8, 0xa2, 0x60, 0xff, 0xf8, 0xa2, 0x60, 0xff,
    0xf8, 0xa2, 0x60, 0xff, 0xf8, 0xa2, 0x60, 0xff, 0xf8, 0xa2, 0x60, 0xff, 0xf8, 0xa2, 0x60, 0xff,
    0xf8, 0xa2, 0x60, 0xff, 0xf8, 0xa2, 0x60, 0xff, 0xf8, 0xa2, 0x60, 0xff, 0xf8, 0xa2, 0x60, 0xff,
    0xf8, 0xa2, 0x60, 0xff, 0xf8, 0xa2, 0x60, 0xff, 0xf8, 0xa2, 0x60, 0xff, 0xf8, 0xa2, 0x60, 0xff,
    0xf8, 0xa2, 0x60, 0xff, 0xf8, 0xa2, 0x60, 0xff, 0xf8, 0xa2, 0x60, 0xff, 0xf8, 0xa2, 0x60, 0xff,
    0xf8, 0xa2, 0x60, 0xff, 0xf8, 0xa2, 0x60, 0xff, 0xf8, 0xa2, 0x60, 0xff, 0xf8, 0xa2, 0x60, 0xff,
    0xf8, 0xa2, 0x60, 0xff, 0xf8, 0xa2, 0x60, 0xff, 0xf8, 0xa2, 0x60, 0xff, 0xfa, 0xa3, 0x61, 0xff,
    0xe9, 0x9a, 0x58, 0xff, 0xdb, 0x93, 0x51, 0xfc, 0xe0, 0x98, 0x55, 0xfc, 0xe1, 0x97, 0x54, 0xdd,
    0xdd, 0x94, 0x51, 0x54, 0x00, 0x00, 0x00, 0x00, 0xff, 0xbf, 0x3f, 0x04, 0x00, 0x00, 0x00, 0x00,
    0x00, 0x00, 0x00, 0x00, 0xff, 0xff, 0x00, 0x01, 0xff, 0x99, 0x66, 0x05, 0xdf, 0x8f, 0x4f, 0x10,
    0xd8, 0x91, 0x4f, 0x97, 0xee, 0xa0, 0x59, 0xff, 0xd9, 0x92, 0x50, 0xf9, 0xde, 0x95, 0x53, 0xff,
    0xf0, 0x9e, 0x5c, 0xff, 0xf9, 0xa2, 0x60, 0xff, 0xf9, 0xa2, 0x60, 0xff, 0xf8, 0xa2, 0x60, 0xff,
    0xf8, 0xa2, 0x60, 0xff, 0xf8, 0xa2, 0x60, 0xff, 0xf8, 0xa2, 0x60, 0xff, 0xf8, 0xa2, 0x60, 0xff,
    0xf8, 0xa2, 0x60, 0xff, 0xf8, 0xa2, 0x60, 0xff, 0xf8, 0xa2, 0x60, 0xff, 0xf8, 0xa2, 0x60, 0xff,
    0xf8, 0xa2, 0x60, 0xff, 0xf8, 0xa2, 0x60, 0xff, 0xf8, 0xa2, 0x60, 0xff, 0xf8, 0xa2, 0x60, 0xff,
    0xf8, 0xa2, 0x60, 0xff, 0xf8, 0xa2, 0x60, 0xff, 0xf8, 0xa2, 0x60, 0xff, 0xf8, 0xa2, 0x60, 0xff,
    0xf8, 0xa2, 0x60, 0xff, 0xf8, 0xa2, 0x60, 0xff, 0xf8, 0xa2, 0x60, 0xff, 0xf8, 0xa2, 0x60, 0xff,
    0xf8, 0xa2, 0x60, 0xff, 0xf8, 0xa2, 0x60, 0xff, 0xf8, 0xa2, 0x60, 0xff, 0xf8, 0xa2, 0x60, 0xff,
    0xf8, 0xa2, 0x60, 0xff, 0xf8, 0xa2, 0x60, 0xff, 0xf8, 0xa2, 0x60, 0xff, 0xf8, 0xa2, 0x60, 0xff,
    0xf8, 0xa2, 0x60, 0xff, 0xf8, 0xa2, 0x60, 0xff, 0xf8, 0xa2, 0x60, 0xff, 0xf8, 0xa2, 0x60, 0xff,
    0xf8, 0xa2, 0x60, 0xff, 0xf8, 0xa2, 0x60, 0xff, 0xf8, 0xa2, 0x60, 0xff, 0xf8, 0xa2, 0x60, 0xff,
    0xf8, 0xa2, 0x60, 0xff, 0xf8, 0xa2, 0x60, 0xff, 0xf8, 0xa2, 0x60, 0xff, 0xf8, 0xa2, 0x60, 0xff,
    0xf8, 0xa2, 0x60, 0xff, 0xf8, 0xa2, 0x60, 0xff, 0xf8, 0xa2, 0x5f, 0xff, 0xfa, 0xb7, 0x84, 0xff,
    0xfa, 0xbb, 0x8b, 0xff, 0xfa, 0xb9, 0x87, 0xff, 0xfa, 0xb9, 0x88, 0xff, 0xfa, 0xb9, 0x88, 0xff,
    0xfa, 0xb9, 0x88, 0xff, 0xfa, 0xb9, 0x88, 0xff, 0xfa, 0xb9, 0x88, 0xff, 0xfa, 0xb9, 0x88, 0xff,
    0xfa, 0xb9, 0x88, 0xff, 0xfa, 0xb9, 0x88, 0xff, 0xfa, 0xba, 0x89, 0xff, 0xfa, 0xb8, 0x86, 0xff,
    0xf8, 0xaa, 0x6d, 0xff, 0xf8, 0x9e, 0x58, 0xff, 0xf8, 0xa3, 0x61, 0xff, 0xf8, 0xa2, 0x60, 0xff,
    0xf8, 0xa2, 0x60, 0xff, 0xf8, 0xa2, 0x60, 0xff, 0xf8, 0xa2, 0x60, 0xff, 0xf8, 0xa2, 0x60, 0xff,
    0xf8, 0xa2, 0x60, 0xff, 0xf8, 0xa2, 0x60, 0xff, 0xf8, 0xa2, 0x60, 0xff, 0xf8, 0xa2, 0x60, 0xff,
    0xf8, 0xa2, 0x60, 0xff, 0xf8, 0xa2, 0x60, 0xff, 0xf8, 0xa2, 0x60, 0xff, 0xf8, 0xa2, 0x60, 0xff,
    0xf8, 0xa2, 0x60, 0xff, 0xf8, 0xa2, 0x60, 0xff, 0xf8, 0xa2, 0x60, 0xff, 0xf8, 0xa2, 0x60, 0xff,
    0xf8, 0xa2, 0x60, 0xff, 0xf8, 0xa2, 0x60, 0xff, 0xf8, 0xa2, 0x60, 0xff, 0xf8, 0xa2, 0x60, 0xff,
    0xf8, 0xa2, 0x60, 0xff, 0xf8, 0xa2, 0x60, 0xff, 0xf8, 0xa2, 0x60, 0xff, 0xf8, 0xa2, 0x60, 0xff,
    0xf8, 0xa2, 0x60, 0xff, 0xf8, 0xa2, 0x60, 0xff, 0xf8, 0xa2, 0x60, 0xff, 0xf8, 0xa2, 0x60, 0xff,
    0xf8, 0xa2, 0x60, 0xff, 0xf8, 0xa2, 0x60, 0xff, 0xf8, 0xa2, 0x60, 0xff, 0xf8, 0xa2, 0x60, 0xff,
    0xf8, 0xa2, 0x60, 0xff, 0xf8, 0xa2, 0x60, 0xff, 0xf8, 0xa2, 0x60, 0xff, 0xf8, 0xa2, 0x60, 0xff,
    0xf8, 0xa2, 0x60, 0xff, 0xf8, 0xa2, 0x60, 0xff, 0xf8, 0xa2, 0x60, 0xff, 0xf8, 0xa2, 0x60, 0xff,
    0xf8, 0xa2, 0x60, 0xff, 0xf8, 0xa2, 0x60, 0xff, 0xf8, 0xa2, 0x60, 0xff, 0xf9, 0xa2, 0x60, 0xff,
    0xf9, 0xa2, 0x60, 0xff, 0xf0, 0x9e, 0x5c, 0xff, 0xde, 0x95, 0x53, 0xff, 0xd9, 0x92, 0x50, 0xf9,
    0xee, 0xa0, 0x59, 0xff, 0xd8, 0x91, 0x4f, 0x97, 0xdf, 0x8f, 0x4f, 0x10, 0xff, 0x99, 0x66, 0x05,
    0xff, 0xff, 0x00, 0x01, 0x00, 0x00, 0x00, 0x00, 0x00, 0x00, 0x00, 0x00, 0x00, 0x00, 0x00, 0x00,
    0xff, 0xaa, 0x55, 0x06, 0x00, 0x00, 0x00, 0x00, 0xde, 0x93, 0x4e, 0x4e, 0xe3, 0x98, 0x55, 0xe4,
    0xdf, 0x97, 0x54, 0xfa, 0xda, 0x94, 0x51, 0xfd, 0xe1, 0x96, 0x54, 0xff, 0xf4, 0xa1, 0x5f, 0xff,
    0xf8, 0xa2, 0x60, 0xff, 0xf8, 0xa2, 0x60, 0xff, 0xf8, 0xa2, 0x60, 0xff, 0xf8, 0xa2, 0x60, 0xff,
    0xf8, 0xa2, 0x60, 0xff, 0xf8, 0xa2, 0x60, 0xff, 0xf8, 0xa2, 0x60, 0xff, 0xf8, 0xa2, 0x60, 0xff,
    0xf8, 0xa2, 0x60, 0xff, 0xf8, 0xa2, 0x60, 0xff, 0xf8, 0xa2, 0x60, 0xff, 0xf8, 0xa2, 0x60, 0xff,
    0xf8, 0xa2, 0x60, 0xff, 0xf8, 0xa2, 0x60, 0xff, 0xf8, 0xa2, 0x60, 0xff, 0xf8, 0xa2, 0x60, 0xff,
    0xf8, 0xa2, 0x60, 0xff, 0xf8, 0xa2, 0x60, 0xff, 0xf8, 0xa2, 0x60, 0xff, 0xf8, 0xa2, 0x60, 0xff,
    0xf8, 0xa2, 0x60, 0xff, 0xf8, 0xa2, 0x60, 0xff, 0xf8, 0xa2, 0x60, 0xff, 0xf8, 0xa2, 0x60, 0xff,
    0xf8, 0xa2, 0x60, 0xff, 0xf8, 0xa2, 0x60, 0xff, 0xf8, 0xa2, 0x60, 0xff, 0xf8, 0xa2, 0x60, 0xff,
    0xf8, 0xa2, 0x60, 0xff, 0xf8, 0xa2, 0x60, 0xff, 0xf8, 0xa2, 0x60, 0xff, 0xf8, 0xa2, 0x60, 0xff,
    0xf8, 0xa2, 0x60, 0xff, 0xf8, 0xa2, 0x60, 0xff, 0xf8, 0xa2, 0x60, 0xff, 0xf8, 0xa2, 0x60, 0xff,
    0xf8, 0xa2, 0x60, 0xff, 0xf8, 0xa2, 0x60, 0xff, 0xf8, 0xa2, 0x60, 0xff, 0xf8, 0xa2, 0x60, 0xff,
    0xf8, 0xa2, 0x60, 0xff, 0xf8, 0xa2, 0x60, 0xff, 0xf8, 0xa2, 0x60, 0xff, 0xf8, 0xa2, 0x60, 0xff,
    0xf8, 0xa2, 0x60, 0xff, 0xf7, 0x9c, 0x55, 0xff, 0xf7, 0x9a, 0x53, 0xff, 0xf7, 0x9b, 0x54, 0xff,
    0xf7, 0x9b, 0x54, 0xff, 0xf7, 0x9b, 0x54, 0xff, 0xf7, 0x9b, 0x54, 0xff, 0xf7, 0x9b, 0x54, 0xff,
    0xf7, 0x9b, 0x54, 0xff, 0xf7, 0x9b, 0x54, 0xff, 0xf7, 0x9b, 0x54, 0xff, 0xf7, 0x9b, 0x54, 0xff,
    0xf7, 0x9b, 0x53, 0xff, 0xf7, 0x9b, 0x54, 0xff, 0xf8, 0xa0, 0x5c, 0xff, 0xf8, 0xa3, 0x62, 0xff,
    0xf8, 0xa2, 0x60, 0xff, 0xf8, 0xa2, 0x60, 0xff, 0xf8, 0xa2, 0x60, 0xff, 0xf8, 0xa2, 0x60, 0xff,
    0xf8, 0xa2, 0x60, 0xff, 0xf8, 0xa2, 0x60, 0xff, 0xf8, 0xa2, 0x60, 0xff, 0xf8, 0xa2, 0x60, 0xff,
    0xf8, 0xa2, 0x60, 0xff, 0xf8, 0xa2, 0x60, 0xff, 0xf8, 0xa2, 0x60, 0xff, 0xf8, 0xa2, 0x60, 0xff,
    0xf8, 0xa2, 0x60, 0xff, 0xf8, 0xa2, 0x60, 0xff, 0xf8, 0xa2, 0x60, 0xff, 0xf8, 0xa2, 0x60, 0xff,
    0xf8, 0xa2, 0x60, 0xff, 0xf8, 0xa2, 0x60, 0xff, 0xf8, 0xa2, 0x60, 0xff, 0xf8, 0xa2, 0x60, 0xff,
    0xf8, 0xa2, 0x60, 0xff, 0xf8, 0xa2, 0x60, 0xff, 0xf8, 0xa2, 0x60, 0xff, 0xf8, 0xa2, 0x60, 0xff,
    0xf8, 0xa2, 0x60, 0xff, 0xf8, 0xa2, 0x60, 0xff, 0xf8, 0xa2, 0x60, 0xff, 0xf8, 0xa2, 0x60, 0xff,
    0xf8, 0xa2, 0x60, 0xff, 0xf8, 0xa2, 0x60, 0xff, 0xf8, 0xa2, 0x60, 0xff, 0xf8, 0xa2, 0x60, 0xff,
    0xf8, 0xa2, 0x60, 0xff, 0xf8, 0xa2, 0x60, 0xff, 0xf8, 0xa2, 0x60, 0xff, 0xf8, 0xa2, 0x60, 0xff,
    0xf8, 0xa2, 0x60, 0xff, 0xf8, 0xa2, 0x60, 0xff, 0xf8, 0xa2, 0x60, 0xff, 0xf8, 0xa2, 0x60, 0xff,
    0xf8, 0xa2, 0x60, 0xff, 0xf8, 0xa2, 0x60, 0xff, 0xf8, 0xa2, 0x60, 0xff, 0xf8, 0xa2, 0x60, 0xff,
    0xf8, 0xa2, 0x60, 0xff, 0xf8, 0xa2, 0x60, 0xff, 0xf4, 0xa1, 0x5f, 0xff, 0xe1, 0x96, 0x54, 0xff,
    0xda, 0x94, 0x51, 0xfd, 0xdf, 0x97, 0x54, 0xfa, 0xe3, 0x98, 0x55, 0xe4, 0xde, 0x93, 0x4e, 0x4e,
    0x00, 0x00, 0x00, 0x00, 0xff, 0xaa, 0x55, 0x06, 0x00, 0x00, 0x00, 0x00, 0x00, 0x00, 0x00, 0x00,
    0x00, 0x00, 0x00, 0x00, 0x00, 0x00, 0x00, 0x00, 0x7f, 0x7f, 0x00, 0x02, 0xcc, 0x99, 0x33, 0x05,
    0xe7, 0x96, 0x51, 0x16, 0xda, 0x92, 0x51, 0x8d, 0xeb, 0x9f, 0x58, 0xff, 0xd9, 0x92, 0x51, 0xfa,
    0xdb, 0x94, 0x52, 0xff, 0xe5, 0x99, 0x57, 0xff, 0xf6, 0xa1, 0x5f, 0xff, 0xf9, 0xa2, 0x60, 0xff,
    0xf8, 0xa2, 0x60, 0xff, 0xf8, 0xa2, 0x60, 0xff, 0xf8, 0xa2, 0x60, 0xff, 0xf8, 0xa2, 0x60, 0xff,
    0xf8, 0xa2, 0x60, 0xff, 0xf8, 0xa2, 0x60, 0xff, 0xf8, 0xa2, 0x60, 0xff, 0xf8, 0xa2, 0x60, 0xff,
    0xf8, 0xa2, 0x60, 0xff, 0xf8, 0xa2, 0x60, 0xff, 0xf8, 0xa2, 0x60, 0xff, 0xf8, 0xa2, 0x60, 0xff,
    0xf8, 0xa2, 0x60, 0xff, 0xf8, 0xa2, 0x60, 0xff, 0xf8, 0xa2, 0x60, 0xff, 0xf8, 0xa2, 0x60, 0xff,
    0xf8, 0xa2, 0x60, 0xff, 0xf8, 0xa2, 0x60, 0xff, 0xf8, 0xa2, 0x60, 0xff, 0xf8, 0xa2, 0x60, 0xff,
    0xf8, 0xa2, 0x60, 0xff, 0xf8, 0xa2, 0x60, 0xff, 0xf8, 0xa2, 0x60, 0xff, 0xf8, 0xa2, 0x60, 0xff,
    0xf8, 0xa2, 0x60, 0xff, 0xf8, 0xa2, 0x60, 0xff, 0xf8, 0xa2, 0x60, 0xff, 0xf8, 0xa2, 0x60, 0xff,
    0xf8, 0xa2, 0x60, 0xff, 0xf8, 0xa2, 0x60, 0xff, 0xf8, 0xa2, 0x60, 0xff, 0xf8, 0xa2, 0x60, 0xff,
    0xf8, 0xa2, 0x60, 0xff, 0xf8, 0xa2, 0x60, 0xff, 0xf8, 0xa2, 0x60, 0xff, 0xf8, 0xa2, 0x60, 0xff,
    0xf8, 0xa2, 0x60, 0xff, 0xf8, 0xa2, 0x60, 0xff, 0xf8, 0xa2, 0x60, 0xff, 0xf8, 0xa2, 0x60, 0xff,
    0xf8, 0xa2, 0x60, 0xff, 0xf8, 0xa2, 0x60, 0xff, 0xf8, 0xa2, 0x61, 0xff, 0xf8, 0xa4, 0x63, 0xff,
    0xf8, 0xa4, 0x64, 0xff, 0xf8, 0xa4, 0x64, 0xff, 0xf8, 0xa4, 0x64, 0xff, 0xf8, 0xa4, 0x64, 0xff,
    0xf8, 0xa4, 0x64, 0xff, 0xf8, 0xa4, 0x64, 0xff, 0xf8, 0xa4, 0x64, 0xff, 0xf8, 0xa4, 0x64, 0xff,
    0xf8, 0xa4, 0x64, 0xff, 0xf8, 0xa4, 0x64, 0xff, 0xf8, 0xa4, 0x64, 0xff, 0xf8, 0xa4, 0x63, 0xff,
    0xf8, 0xa3, 0x62, 0xff, 0xf8, 0xa2, 0x60, 0xff, 0xf8, 0xa2, 0x60, 0xff, 0xf8, 0xa2, 0x60, 0xff,
    0xf8, 0xa2, 0x60, 0xff, 0xf8, 0xa2, 0x60, 0xff, 0xf8, 0xa2, 0x60, 0xff, 0xf8, 0xa2, 0x60, 0xff,
    0xf8, 0xa2, 0x60, 0xff, 0xf8, 0xa2, 0x60, 0xff, 0xf8, 0xa2, 0x60, 0xff, 0xf8, 0xa2, 0x60, 0xff,
    0xf8, 0xa2, 0x60, 0xff, 0xf8, 0xa2, 0x60, 0xff, 0xf8, 0xa2, 0x60, 0xff, 0xf8, 0xa2, 0x60, 0xff,
    0xf8, 0xa2, 0x60, 0xff, 0xf8, 0xa2, 0x60, 0xff, 0xf8, 0xa2, 0x60, 0xff, 0xf8, 0xa2, 0x60, 0xff,
    0xf8, 0xa2, 0x60, 0xff, 0xf8, 0xa2, 0x60, 0xff, 0xf8, 0xa2, 0x60, 0xff, 0xf8, 0xa2, 0x60, 0xff,
    0xf8, 0xa2, 0x60, 0xff, 0xf8, 0xa2, 0x60, 0xff, 0xf8, 0xa2, 0x60, 0xff, 0xf8, 0xa2, 0x60, 0xff,
    0xf8, 0xa2, 0x60, 0xff, 0xf8, 0xa2, 0x60, 0xff, 0xf8, 0xa2, 0x60, 0xff, 0xf8, 0xa2, 0x60, 0xff,
    0xf8, 0xa2, 0x60, 0xff, 0xf8, 0xa2, 0x60, 0xff, 0xf8, 0xa2, 0x60, 0xff, 0xf8, 0xa2, 0x60, 0xff,
    0xf8, 0xa2, 0x60, 0xff, 0xf8, 0xa2, 0x60, 0xff, 0xf8, 0xa2, 0x60, 0xff, 0xf8, 0xa2, 0x60, 0xff,
    0xf8, 0xa2, 0x60, 0xff, 0xf8, 0xa2, 0x60, 0xff, 0xf8, 0xa2, 0x60, 0xff, 0xf8, 0xa2, 0x60, 0xff,
    0xf8, 0xa2, 0x60, 0xff, 0xf8, 0xa2, 0x60, 0xff, 0xf9, 0xa2, 0x60, 0xff, 0xf6, 0xa1, 0x5f, 0xff,
    0xe5, 0x99, 0x57, 0xff, 0xdb, 0x94, 0x52, 0xff, 0xd9, 0x92, 0x51, 0xfa, 0xeb, 0x9f, 0x58, 0xff,
    0xda, 0x92, 0x51, 0x8d, 0xe7, 0x96, 0x51, 0x16, 0xcc, 0x99, 0x33, 0x05, 0x7f, 0x7f, 0x00, 0x02,
    0x00, 0x00, 0x00, 0x00, 0x00, 0x00, 0x00, 0x00, 0x00, 0x00, 0x00, 0x00, 0x00, 0x00, 0x00, 0x00,
    0x00, 0x00, 0x00, 0x00, 0xda, 0x91, 0x48, 0x07, 0x00, 0x00, 0x00, 0x00, 0xe2, 0x97, 0x55, 0x36,
    0xdb, 0x93, 0x50, 0xe7, 0xde, 0x96, 0x53, 0xff, 0xda, 0x94, 0x52, 0xfe, 0xdb, 0x93, 0x51, 0xff,
    0xeb, 0x9a, 0x58, 0xff, 0xf7, 0xa1, 0x5f, 0xff, 0xf9, 0xa2, 0x60, 0xff, 0xf8, 0xa2, 0x60, 0xff,
    0xf8, 0xa2, 0x60, 0xff, 0xf8, 0xa2, 0x60, 0xff, 0xf8, 0xa2, 0x60, 0xff, 0xf8, 0xa2, 0x60, 0xff,
    0xf8, 0xa2, 0x60, 0xff, 0xf8, 0xa2, 0x60, 0xff, 0xf8, 0xa2, 0x60, 0xff, 0xf8, 0xa2, 0x60, 0xff,
    0xf8, 0xa2, 0x60, 0xff, 0xf8, 0xa2, 0x60, 0xff, 0xf8, 0xa2, 0x60, 0xff, 0xf8, 0xa2, 0x60, 0xff,
    0xf8, 0xa2, 0x60, 0xff, 0xf8, 0xa2, 0x60, 0xff, 0xf8, 0xa2, 0x60, 0xff, 0xf8, 0xa2, 0x60, 0xff,
    0xf8, 0xa2, 0x60, 0xff, 0xf8, 0xa2, 0x60, 0xff, 0xf8, 0xa2, 0x60, 0xff, 0xf8, 0xa2, 0x60, 0xff,
    0xf8, 0xa2, 0x60, 0xff, 0xf8, 0xa2, 0x60, 0xff, 0xf8, 0xa2, 0x60, 0xff, 0xf8, 0xa2, 0x60, 0xff,
    0xf8, 0xa2, 0x60, 0xff, 0xf8, 0xa2, 0x60, 0xff, 0xf8, 0xa2, 0x60, 0xff, 0xf8, 0xa2, 0x60, 0xff,
    0xf8, 0xa2, 0x60, 0xff, 0xf8, 0xa2, 0x60, 0xff, 0xf8, 0xa2, 0x60, 0xff, 0xf8, 0xa2, 0x60, 0xff,
    0xf8, 0xa2, 0x60, 0xff, 0xf8, 0xa2, 0x60, 0xff, 0xf8, 0xa2, 0x60, 0xff, 0xf8, 0xa2, 0x60, 0xff,
    0xf8, 0xa2, 0x60, 0xff, 0xf8, 0xa2, 0x60, 0xff, 0xf8, 0xa2, 0x60, 0xff, 0xf8, 0xa2, 0x60, 0xff,
    0xf8, 0xa2, 0x60, 0xff, 0xf8, 0xa2, 0x60, 0xff, 0xf8, 0xa2, 0x60, 0xff, 0xf8, 0xa2, 0x60, 0xff,
    0xf8, 0xa2, 0x60, 0xff, 0xf8, 0xa2, 0x60, 0xff, 0xf8, 0xa2, 0x60, 0xff, 0xf8, 0xa2, 0x60, 0xff,
    0xf8, 0xa2, 0x60, 0xff, 0xf8, 0xa2, 0x60, 0xff, 0xf8, 0xa2, 0x60, 0xff, 0xf8, 0xa2, 0x60, 0xff,
    0xf8, 0xa2, 0x60, 0xff, 0xf8, 0xa2, 0x60, 0xff, 0xf8, 0xa2, 0x60, 0xff, 0xf8, 0xa2, 0x60, 0xff,
    0xf8, 0xa2, 0x60, 0xff, 0xf8, 0xa2, 0x60, 0xff, 0xf8, 0xa2, 0x60, 0xff, 0xf8, 0xa2, 0x60, 0xff,
    0xf8, 0xa2, 0x60, 0xff, 0xf8, 0xa2, 0x60, 0xff, 0xf8, 0xa2, 0x60, 0xff, 0xf8, 0xa2, 0x60, 0xff,
    0xf8, 0xa2, 0x60, 0xff, 0xf8, 0xa2, 0x60, 0xff, 0xf8, 0xa2, 0x60, 0xff, 0xf8, 0xa2, 0x60, 0xff,
    0xf8, 0xa2, 0x60, 0xff, 0xf8, 0xa2, 0x60, 0xff, 0xf8, 0xa2, 0x60, 0xff, 0xf8, 0xa2, 0x60, 0xff,
    0xf8, 0xa2, 0x60, 0xff, 0xf8, 0xa2, 0x60, 0xff, 0xf8, 0xa2, 0x60, 0xff, 0xf8, 0xa2, 0x60, 0xff,
    0xf8, 0xa2, 0x60, 0xff, 0xf8, 0xa2, 0x60, 0xff, 0xf8, 0xa2, 0x60, 0xff, 0xf8, 0xa2, 0x60, 0xff,
    0xf8, 0xa2, 0x60, 0xff, 0xf8, 0xa2, 0x60, 0xff, 0xf8, 0xa2, 0x60, 0xff, 0xf8, 0xa2, 0x60, 0xff,
    0xf8, 0xa2, 0x60, 0xff, 0xf8, 0xa2, 0x60, 0xff, 0xf8, 0xa2, 0x60, 0xff, 0xf8, 0xa2, 0x60, 0xff,
    0xf8, 0xa2, 0x60, 0xff, 0xf8, 0xa2, 0x60, 0xff, 0xf8, 0xa2, 0x60, 0xff, 0xf8, 0xa2, 0x60, 0xff,
    0xf8, 0xa2, 0x60, 0xff, 0xf8, 0xa2, 0x60, 0xff, 0xf8, 0xa2, 0x60, 0xff, 0xf8, 0xa2, 0x60, 0xff,
    0xf8, 0xa2, 0x60, 0xff, 0xf8, 0xa2, 0x60, 0xff, 0xf8, 0xa2, 0x60, 0xff, 0xf9, 0xa2, 0x60, 0xff,
    0xf7, 0xa1, 0x5f, 0xff, 0xeb, 0x9a, 0x58, 0xff, 0xdb, 0x93, 0x51, 0xff, 0xda, 0x94, 0x52, 0xfe,
    0xde, 0x96, 0x53, 0xff, 0xdb, 0x93, 0x50, 0xe7, 0xe2, 0x97, 0x55, 0x36, 0x00, 0x00, 0x00, 0x00,
    0xda, 0x91, 0x48, 0x07, 0x00, 0x00, 0x00, 0x00, 0x00, 0x00, 0x00, 0x00, 0x00, 0x00, 0x00, 0x00,
    0x00, 0x00, 0x00, 0x00, 0x00, 0x00, 0x00, 0x00, 0x00, 0x00, 0x00, 0x00, 0xff, 0xff, 0xff, 0x01,
    0xff, 0x7f, 0x7f, 0x02, 0xff, 0x8d, 0x71, 0x09, 0xde, 0x95, 0x52, 0x6f, 0xe5, 0x9b, 0x55, 0xfd,
    0xda, 0x93, 0x51, 0xfe, 0xdb, 0x94, 0x52, 0xff, 0xda, 0x92, 0x50, 0xff, 0xeb, 0x9a, 0x58, 0xff,
    0xf7, 0xa2, 0x60, 0xff, 0xf9, 0xa2, 0x60, 0xff, 0xf8, 0xa2, 0x60, 0xff, 0xf8, 0xa2, 0x60, 0xff,
    0xf8, 0xa2, 0x60, 0xff, 0xf8, 0xa2, 0x60, 0xff, 0xf8, 0xa2, 0x60, 0xff, 0xf8, 0xa2, 0x60, 0xff,
    0xf8, 0xa2, 0x60, 0xff, 0xf8, 0xa2, 0x60, 0xff, 0xf8, 0xa2, 0x60, 0xff, 0xf8, 0xa2, 0x60, 0xff,
    0xf8, 0xa2, 0x60, 0xff, 0xf8, 0xa2, 0x60, 0xff, 0xf8, 0xa2, 0x60, 0xff, 0xf8, 0xa2, 0x60, 0xff,
    0xf8, 0xa2, 0x60, 0xff, 0xf8, 0xa2, 0x60, 0xff, 0xf8, 0xa2, 0x60, 0xff, 0xf8, 0xa2, 0x60, 0xff,
    0xf8, 0xa2, 0x60, 0xff, 0xf8, 0xa2, 0x60, 0xff, 0xf8, 0xa2, 0x60, 0xff, 0xf8, 0xa2, 0x60, 0xff,
    0xf8, 0xa2, 0x60, 0xff, 0xf8, 0xa2, 0x60, 0xff, 0xf8, 0xa2, 0x60, 0xff, 0xf8, 0xa2, 0x60, 0xff,
    0xf8, 0xa2, 0x60, 0xff, 0xf8, 0xa2, 0x60, 0xff, 0xf8, 0xa2, 0x60, 0xff, 0xf8, 0xa2, 0x60, 0xff,
    0xf8, 0xa2, 0x60, 0xff, 0xf8, 0xa2, 0x60, 0xff, 0xf8, 0xa2, 0x60, 0xff, 0xf8, 0xa2, 0x60, 0xff,
    0xf8, 0xa2, 0x60, 0xff, 0xf8, 0xa2, 0x60, 0xff, 0xf8, 0xa2, 0x60, 0xff, 0xf8, 0xa2, 0x60, 0xff,
    0xf8, 0xa2, 0x60, 0xff, 0xf8, 0xa2, 0x60, 0xff, 0xf8, 0xa2, 0x60, 0xff, 0xf8, 0xa2, 0x60, 0xff,
    0xf8, 0xa2, 0x60, 0xff, 0xf8, 0xa2, 0x60, 0xff, 0xf8, 0xa2, 0x60, 0xff, 0xf8, 0xa2, 0x60, 0xff,
    0xf8, 0xa2, 0x60, 0xff, 0xf8, 0xa2, 0x60, 0xff, 0xf8, 0xa2, 0x60, 0xff, 0xf8, 0xa2, 0x60, 0xff,
    0xf8, 0xa2, 0x60, 0xff, 0xf8, 0xa2, 0x60, 0xff, 0xf8, 0xa2, 0x60, 0xff, 0xf8, 0xa2, 0x60, 0xff,
    0xf8, 0xa2, 0x60, 0xff, 0xf8, 0xa2, 0x60, 0xff, 0xf8, 0xa2, 0x60, 0xff, 0xf8, 0xa2, 0x60, 0xff,
    0xf8, 0xa2, 0x60, 0xff, 0xf8, 0xa2, 0x60, 0xff, 0xf8, 0xa2, 0x60, 0xff, 0xf8, 0xa2, 0x60, 0xff,
    0xf8, 0xa2, 0x60, 0xff, 0xf8, 0xa2, 0x60, 0xff, 0xf8, 0xa2, 0x60, 0xff, 0xf8, 0xa2, 0x60, 0xff,
    0xf8, 0xa2, 0x60, 0xff, 0xf8, 0xa2, 0x60, 0xff, 0xf8, 0xa2, 0x60, 0xff, 0xf8, 0xa2, 0x60, 0xff,
    0xf8, 0xa2, 0x60, 0xff, 0xf8, 0xa2, 0x60, 0xff, 0xf8, 0xa2, 0x60, 0xff, 0xf8, 0xa2, 0x60, 0xff,
    0xf8, 0xa2, 0x60, 0xff, 0xf8, 0xa2, 0x60, 0xff, 0xf8, 0xa2, 0x60, 0xff, 0xf8, 0xa2, 0x60, 0xff,
    0xf8, 0xa2, 0x60, 0xff, 0xf8, 0xa2, 0x60, 0xff, 0xf8, 0xa2, 0x60, 0xff, 0xf8, 0xa2, 0x60, 0xff,
    0xf8, 0xa2, 0x60, 0xff, 0xf8, 0xa2, 0x60, 0xff, 0xf8, 0xa2, 0x60, 0xff, 0xf8, 0xa2, 0x60, 0xff,
    0xf8, 0xa2, 0x60, 0xff, 0xf8, 0xa2, 0x60, 0xff, 0xf8, 0xa2, 0x60, 0xff, 0xf8, 0xa2, 0x60, 0xff,
    0xf8, 0xa2, 0x60, 0xff, 0xf8, 0xa2, 0x60, 0xff, 0xf8, 0xa2, 0x60, 0xff, 0xf8, 0xa2, 0x60, 0xff,
    0xf8, 0xa2, 0x60, 0xff, 0xf8, 0xa2, 0x60, 0xff, 0xf8, 0xa2, 0x60, 0xff, 0xf8, 0xa2, 0x60, 0xff,
    0xf9, 0xa2, 0x60, 0xff, 0xf7, 0xa2, 0x60, 0xff, 0xeb, 0x9a, 0x58, 0xff, 0xda, 0x92, 0x50, 0xff,
    0xdb, 0x94, 0x52, 0xff, 0xda, 0x93, 0x51, 0xfe, 0xe5, 0x9b, 0x55, 0xfd, 0xde, 0x95, 0x52, 0x6f,
    0xff, 0x8d, 0x71, 0x09, 0xff, 0x7f, 0x7f, 0x02, 0xff, 0xff, 0xff, 0x01, 0x00, 0x00, 0x00, 0x00,
    0x00, 0x00, 0x00, 0x00, 0x00, 0x00, 0x00, 0x00, 0x00, 0x00, 0x00, 0x00, 0x00, 0x00, 0x00, 0x00,
    0x00, 0x00, 0x00, 0x00, 0x00, 0x00, 0x00, 0x00, 0xff, 0x7f, 0x3f, 0x04, 0x00, 0x00, 0x00, 0x00,
    0xde, 0x94, 0x52, 0x1f, 0xdf, 0x94, 0x51, 0xb8, 0xdd, 0x96, 0x52, 0xff, 0xdc, 0x95, 0x52, 0xff,
    0xdb, 0x94, 0x52, 0xff, 0xdc, 0x93, 0x51, 0xff, 0xed, 0x9d, 0x5b, 0xff, 0xf9, 0xa3, 0x61, 0xff,
    0xf8, 0xa2, 0x60, 0xff, 0xf8, 0xa2, 0x60, 0xff, 0xf8, 0xa2, 0x60, 0xff, 0xf8, 0xa2, 0x60, 0xff,
    0xf8, 0xa2, 0x60, 0xff, 0xf8, 0xa2, 0x60, 0xff, 0xf8, 0xa2, 0x60, 0xff, 0xf8, 0xa2, 0x60, 0xff,
    0xf8, 0xa2, 0x60, 0xff, 0xf8, 0xa2, 0x60, 0xff, 0xf8, 0xa2, 0x60, 0xff, 0xf8, 0xa2, 0x60, 0xff,
    0xf8, 0xa2, 0x60, 0xff, 0xf8, 0xa2, 0x60, 0xff, 0xf8, 0xa2, 0x60, 0xff, 0xf8, 0xa2, 0x60, 0xff,
    0xf8, 0xa2, 0x60, 0xff, 0xf8, 0xa2, 0x60, 0xff, 0xf8, 0xa2, 0x60, 0xff, 0xf8, 0xa2, 0x60, 0xff,
    0xf8, 0xa2, 0x60, 0xff, 0xf8, 0xa2, 0x60, 0xff, 0xf8, 0xa2, 0x60, 0xff, 0xf8, 0xa2, 0x60, 0xff,
    0xf8, 0xa2, 0x60, 0xff, 0xf8, 0xa2, 0x60, 0xff, 0xf8, 0xa2, 0x60, 0xff, 0xf8, 0xa2, 0x60, 0xff,
    0xf8, 0xa2, 0x60, 0xff, 0xf8, 0xa2, 0x60, 0xff, 0xf8, 0xa2, 0x60, 0xff, 0xf8, 0xa2, 0x60, 0xff,
    0xf8, 0xa2, 0x60, 0xff, 0xf8, 0xa2, 0x60, 0xff, 0xf8, 0xa2, 0x60, 0xff, 0xf8, 0xa2, 0x60, 0xff,
    0xf8, 0xa2, 0x60, 0xff, 0xf8, 0xa2, 0x60, 0xff, 0xf8, 0xa2, 0x60, 0xff, 0xf8, 0xa2, 0x60, 0xff,
    0xf8, 0xa2, 0x60, 0xff, 0xf8, 0xa2, 0x60, 0xff, 0xf8, 0xa2, 0x60, 0xff, 0xf8, 0xa2, 0x60, 0xff,
    0xf8, 0xa2, 0x60, 0xff, 0xf8, 0xa2, 0x60, 0xff, 0xf8, 0xa2, 0x60, 0xff, 0xf8, 0xa2, 0x60, 0xff,
    0xf8, 0xa2, 0x60, 0xff, 0xf8, 0xa2, 0x60, 0xff, 0xf8, 0xa2, 0x60, 0xff, 0xf8, 0xa2, 0x60, 0xff,
    0xf8, 0xa2, 0x60, 0xff, 0xf8, 0xa2, 0x60, 0xff, 0xf8, 0xa2, 0x60, 0xff, 0xf8, 0xa2, 0x60, 0xff,
    0xf8, 0xa2, 0x60, 0xff, 0xf8, 0xa2, 0x60, 0xff, 0xf8, 0xa2, 0x60, 0xff, 0xf8, 0xa2, 0x60, 0xff,
    0xf8, 0xa2, 0x60, 0xff, 0xf8, 0xa2, 0x60, 0xff, 0xf8, 0xa2, 0x60, 0xff, 0xf8, 0xa2, 0x60, 0xff,
    0xf8, 0xa2, 0x60, 0xff, 0xf8, 0xa2, 0x60, 0xff, 0xf8, 0xa2, 0x60, 0xff, 0xf8, 0xa2, 0x60, 0xff,
    0xf8, 0xa2, 0x60, 0xff, 0xf8, 0xa2, 0x60, 0xff, 0xf8, 0xa2, 0x60, 0xff, 0xf8, 0xa2, 0x60, 0xff,
    0xf8, 0xa2, 0x60, 0xff, 0xf8, 0xa2, 0x60, 0xff, 0xf8, 0xa2, 0x60, 0xff, 0xf8, 0xa2, 0x60, 0xff,
    0xf8, 0xa2, 0x60, 0xff, 0xf8, 0xa2, 0x60, 0xff, 0xf8, 0xa2, 0x60, 0xff, 0xf8, 0xa2, 0x60, 0xff,
    0xf8, 0xa2, 0x60, 0xff, 0xf8, 0xa2, 0x60, 0xff, 0xf8, 0xa2, 0x60, 0xff, 0xf8, 0xa2, 0x60, 0xff,
    0xf8, 0xa2, 0x60, 0xff, 0xf8, 0xa2, 0x60, 0xff, 0xf8, 0xa2, 0x60, 0xff, 0xf8, 0xa2, 0x60, 0xff,
    0xf8, 0xa2, 0x60, 0xff, 0xf8, 0xa2, 0x60, 0xff, 0xf8, 0xa2, 0x60, 0xff, 0xf8, 0xa2, 0x60, 0xff,
    0xf8, 0xa2, 0x60, 0xff, 0xf8, 0xa2, 0x60, 0xff, 0xf8, 0xa2, 0x60, 0xff, 0xf8, 0xa2, 0x60, 0xff,
    0xf8, 0xa2, 0x60, 0xff, 0xf8, 0xa2, 0x60, 0xff, 0xf9, 0xa3, 0x61, 0xff, 0xed, 0x9d, 0x5b, 0xff,
    0xdc, 0x93, 0x51, 0xff, 0xdb, 0x94, 0x52, 0xff, 0xdc, 0x95, 0x52, 0xff, 0xdd, 0x96, 0x52, 0xff,
    0xdf, 0x94, 0x51, 0xb8, 0xde, 0x94, 0x52, 0x1f, 0x00, 0x00, 0x00, 0x00, 0xff, 0x7f, 0x3f, 0x04,
    0x00, 0x00, 0x00, 0x00, 0x00, 0x00, 0x00, 0x00, 0x00, 0x00, 0x00, 0x00, 0x00, 0x00, 0x00, 0x00,
    0x00, 0x00, 0x00, 0x00, 0x00, 0x00, 0x00, 0x00, 0x00, 0x00, 0x00, 0x00, 0x00, 0x00, 0x00, 0x00,
    0x00, 0x00, 0x00, 0x00, 0xff, 0xaa, 0x55, 0x03, 0x00, 0x00, 0x00, 0x00, 0xd7, 0x96, 0x4e, 0x27,
    0xde, 0x94, 0x52, 0xeb, 0xdb, 0x94, 0x52, 0xfe, 0xdb, 0x94, 0x52, 0xff, 0xdb, 0x94, 0x52, 0xff,
    0xdc, 0x94, 0x52, 0xff, 0xea, 0x9b, 0x59, 0xff, 0xf7, 0xa1, 0x5f, 0xff, 0xf8, 0xa2, 0x60, 0xff,
    0xf8, 0xa2, 0x60, 0xff, 0xf8, 0xa2, 0x60, 0xff, 0xf8, 0xa2, 0x60, 0xff, 0xf8, 0xa2, 0x60, 0xff,
    0xf8, 0xa2, 0x60, 0xff, 0xf8, 0xa2, 0x60, 0xff, 0xf8, 0xa2, 0x60, 0xff, 0xf8, 0xa2, 0x60, 0xff,
    0xf8, 0xa2, 0x60, 0xff, 0xf8, 0xa2, 0x60, 0xff, 0xf8, 0xa2, 0x60, 0xff, 0xf8, 0xa2, 0x60, 0xff,
    0xf8, 0xa2, 0x60, 0xff, 0xf8, 0xa2, 0x60, 0xff, 0xf8, 0xa2, 0x60, 0xff, 0xf8, 0xa2, 0x60, 0xff,
    0xf8, 0xa2, 0x60, 0xff, 0xf8, 0xa2, 0x60, 0xff, 0xf8, 0xa2, 0x60, 0xff, 0xf8, 0xa2, 0x60, 0xff,
    0xf8, 0xa2, 0x60, 0xff, 0xf8, 0xa2, 0x60, 0xff, 0xf8, 0xa2, 0x60, 0xff, 0xf8, 0xa2, 0x60, 0xff,
    0xf8, 0xa2, 0x60, 0xff, 0xf8, 0xa2, 0x60, 0xff, 0xf8, 0xa2, 0x60, 0xff, 0xf8, 0xa2, 0x60, 0xff,
    0xf8, 0xa2, 0x60, 0xff, 0xf8, 0xa2, 0x60, 0xff, 0xf8, 0xa2, 0x60, 0xff, 0xf8, 0xa2, 0x60, 0xff,
    0xf8, 0xa2, 0x60, 0xff, 0xf8, 0xa2, 0x60, 0xff, 0xf8, 0xa2, 0x60, 0xff, 0xf8, 0xa2, 0x60, 0xff,
    0xf8, 0xa2, 0x60, 0xff, 0xf8, 0xa2, 0x60, 0xff, 0xf8, 0xa2, 0x60, 0xff, 0xf8, 0xa2, 0x60, 0xff,
    0xf8, 0xa2, 0x60, 0xff, 0xf8, 0xa2, 0x60, 0xff, 0xf8, 0xa2, 0x60, 0xff, 0xf8, 0xa2, 0x60, 0xff,
    0xf8, 0xa2, 0x60, 0xff, 0xf8, 0xa2, 0x60, 0xff, 0xf8, 0xa2, 0x60, 0xff, 0xf8, 0xa2, 0x60, 0xff,
    0xf8, 0xa2, 0x60, 0xff, 0xf8, 0xa2, 0x60, 0xff, 0xf8, 0xa2, 0x60, 0xff, 0xf8, 0xa2, 0x60, 0xff,
    0xf8, 0xa2, 0x60, 0xff, 0xf8, 0xa2, 0x60, 0xff, 0xf8, 0xa2, 0x60, 0xff, 0xf8, 0xa2, 0x60, 0xff,
    0xf8, 0xa2, 0x60, 0xff, 0xf8, 0xa2, 0x60, 0xff, 0xf8, 0xa2, 0x60, 0xff, 0xf8, 0xa2, 0x60, 0xff,
    0xf8, 0xa2, 0x60, 0xff, 0xf8, 0xa2, 0x60, 0xff, 0xf8, 0xa2, 0x60, 0xff, 0xf8, 0xa2, 0x60, 0xff,
    0xf8, 0xa2, 0x60, 0xff, 0xf8, 0xa2, 0x60, 0xff, 0xf8, 0xa2, 0x60, 0xff, 0xf8, 0xa2, 0x60, 0xff,
    0xf8, 0xa2, 0x60, 0xff, 0xf8, 0xa2, 0x60, 0xff, 0xf8, 0xa2, 0x60, 0xff, 0xf8, 0xa2, 0x60, 0xff,
    0xf8, 0xa2, 0x60, 0xff, 0xf8, 0xa2, 0x60, 0xff, 0xf8, 0xa2, 0x60, 0xff, 0xf8, 0xa2, 0x60, 0xff,
    0xf8, 0xa2, 0x60, 0xff, 0xf8, 0xa2, 0x60, 0xff, 0xf8, 0xa2, 0x60, 0xff, 0xf8, 0xa2, 0x60, 0xff,
    0xf8, 0xa2, 0x60, 0xff, 0xf8, 0xa2, 0x60, 0xff, 0xf8, 0xa2, 0x60, 0xff, 0xf8, 0xa2, 0x60, 0xff,
    0xf8, 0xa2, 0x60, 0xff, 0xf8, 0xa2, 0x60, 0xff, 0xf8, 0xa2, 0x60, 0xff, 0xf8, 0xa2, 0x60, 0xff,
    0xf8, 0xa2, 0x60, 0xff, 0xf8, 0xa2, 0x60, 0xff, 0xf8, 0xa2, 0x60, 0xff, 0xf8, 0xa2, 0x60, 0xff,
    0xf8, 0xa2, 0x60, 0xff, 0xf8, 0xa2, 0x60, 0xff, 0xf8, 0xa2, 0x60, 0xff, 0xf7, 0xa1, 0x5f, 0xff,
    0xea, 0x9b, 0x59, 0xff, 0xdc, 0x94, 0x52, 0xff, 0xdb, 0x94, 0x52, 0xff, 0xdb, 0x94, 0x52, 0xff,
    0xdb, 0x94, 0x52, 0xfe, 0xde, 0x94, 0x52, 0xeb, 0xd7, 0x96, 0x4e, 0x27, 0x00, 0x00, 0x00, 0x00,
    0xff, 0xaa, 0x55, 0x03, 0x00, 0x00, 0x00, 0x00, 0x00, 0x00, 0x00, 0x00, 0x00, 0x00, 0x00, 0x00,
    0x00, 0x00, 0x00, 0x00, 0x00, 0x00, 0x00, 0x00, 0x00, 0x00, 0x00, 0x00, 0x00, 0x00, 0x00, 0x00,
    0x00, 0x00, 0x00, 0x00, 0x00, 0x00, 0x00, 0x00, 0x00, 0x00, 0x00, 0x00, 0xff, 0xff, 0x00, 0x01,
    0x00, 0x00, 0x00, 0x00, 0x00, 0x00, 0x00, 0x00, 0xdf, 0x97, 0x55, 0x60, 0xdb, 0x93, 0x52, 0xfb,
    0xdf, 0x96, 0x53, 0xfd, 0xda, 0x93, 0x52, 0xfd, 0xdb, 0x94, 0x52, 0xff, 0xdb, 0x93, 0x51, 0xff,
    0xe9, 0x9a, 0x58, 0xff, 0xf8, 0xa2, 0x60, 0xff, 0xf8, 0xa2, 0x60, 0xff, 0xf8, 0xa2, 0x60, 0xff,
    0xf8, 0xa2, 0x60, 0xff, 0xf8, 0xa2, 0x60, 0xff, 0xf8, 0xa2, 0x60, 0xff, 0xf8, 0xa2, 0x60, 0xff,
    0xf8, 0xa2, 0x60, 0xff, 0xf8, 0xa2, 0x60, 0xff, 0xf8, 0xa2, 0x60, 0xff, 0xf8, 0xa2, 0x60, 0xff,
    0xf8, 0xa2, 0x60, 0xff, 0xf8, 0xa2, 0x60, 0xff, 0xf8, 0xa2, 0x60, 0xff, 0xf8, 0xa2, 0x60, 0xff,
    0xf8, 0xa2, 0x60, 0xff, 0xf8, 0xa2, 0x60, 0xff, 0xf8, 0xa2, 0x60, 0xff, 0xf8, 0xa2, 0x60, 0xff,
    0xf8, 0xa2, 0x60, 0xff, 0xf8, 0xa2, 0x60, 0xff, 0xf8, 0xa2, 0x60, 0xff, 0xf8, 0xa2, 0x60, 0xff,
    0xf8, 0xa2, 0x60, 0xff, 0xf8, 0xa2, 0x60, 0xff, 0xf8, 0xa2, 0x60, 0xff, 0xf8, 0xa2, 0x60, 0xff,
    0xf8, 0xa2, 0x60, 0xff, 0xf8, 0xa2, 0x60, 0xff, 0xf8, 0xa2, 0x60, 0xff, 0xf8, 0xa2, 0x60, 0xff,
    0xf8, 0xa2, 0x60, 0xff, 0xf8, 0xa2, 0x60, 0xff, 0xf8, 0xa2, 0x60, 0xff, 0xf8, 0xa2, 0x60, 0xff,
    0xf8, 0xa2, 0x60, 0xff, 0xf8, 0xa2, 0x60, 0xff, 0xf8, 0xa2, 0x60, 0xff, 0xf8, 0xa2, 0x60, 0xff,
    0xf8, 0xa2, 0x60, 0xff, 0xf8, 0xa2, 0x60, 0xff, 0xf8, 0xa2, 0x60, 0xff, 0xf8, 0xa2, 0x60, 0xff,
    0xf8, 0xa2, 0x60, 0xff, 0xf8, 0xa2, 0x60, 0xff, 0xf8, 0xa2, 0x60, 0xff, 0xf8, 0xa2, 0x60, 0xff,
    0xf8, 0xa2, 0x60, 0xff, 0xf8, 0xa2, 0x60, 0xff, 0xf8, 0xa2, 0x60, 0xff, 0xf8, 0xa2, 0x60, 0xff,
    0xf8, 0xa2, 0x60, 0xff, 0xf8, 0xa2, 0x60, 0xff, 0xf8, 0xa2, 0x60, 0xff, 0xf8, 0xa2, 0x60, 0xff,
    0xf8, 0xa2, 0x60, 0xff, 0xf8, 0xa2, 0x60, 0xff, 0xf8, 0xa2, 0x60, 0xff, 0xf8, 0xa2, 0x60, 0xff,
    0xf8, 0xa2, 0x60, 0xff, 0xf8, 0xa2, 0x60, 0xff, 0xf8, 0xa2, 0x60, 0xff, 0xf8, 0xa2, 0x60, 0xff,
    0xf8, 0xa2, 0x60, 0xff, 0xf8, 0xa2, 0x60, 0xff, 0xf8, 0xa2, 0x60, 0xff, 0xf8, 0xa2, 0x60, 0xff,
    0xf8, 0xa2, 0x60, 0xff, 0xf8, 0xa2, 0x60, 0xff, 0xf8, 0xa2, 0x60, 0xff, 0xf8, 0xa2, 0x60, 0xff,
    0xf8, 0xa2, 0x60, 0xff, 0xf8, 0xa2, 0x60, 0xff, 0xf8, 0xa2, 0x60, 0xff, 0xf8, 0xa2, 0x60, 0xff,
    0xf8, 0xa2, 0x60, 0xff, 0xf8, 0xa2, 0x60, 0xff, 0xf8, 0xa2, 0x60, 0xff, 0xf8, 0xa2, 0x60, 0xff,
    0xf8, 0xa2, 0x60, 0xff, 0xf8, 0xa2, 0x60, 0xff, 0xf8, 0xa2, 0x60, 0xff, 0xf8, 0xa2, 0x60, 0xff,
    0xf8, 0xa2, 0x60, 0xff, 0xf8, 0xa2, 0x60, 0xff, 0xf8, 0xa2, 0x60, 0xff, 0xf8, 0xa2, 0x60, 0xff,
    0xf8, 0xa2, 0x60, 0xff, 0xf8, 0xa2, 0x60, 0xff, 0xf8, 0xa2, 0x60, 0xff, 0xf8, 0xa2, 0x60, 0xff,
    0xf8, 0xa2, 0x60, 0xff, 0xf8, 0xa2, 0x60, 0xff, 0xf8, 0xa2, 0x60, 0xff, 0xf8, 0xa2, 0x60, 0xff,
    0xf8, 0xa2, 0x60, 0xff, 0xe9, 0x9a, 0x58, 0xff, 0xdb, 0x93, 0x51, 0xff, 0xdb, 0x94, 0x52, 0xff,
    0xda, 0x93, 0x52, 0xfd, 0xdf, 0x96, 0x53, 0xfd, 0xdb, 0x93, 0x52, 0xfb, 0xdf, 0x97, 0x55, 0x60,
    0x00, 0x00, 0x00, 0x00, 0x00, 0x00, 0x00, 0x00, 0xff, 0xff, 0x00, 0x01, 0x00, 0x00, 0x00, 0x00,
    0x00, 0x00, 0x00, 0x00, 0x00, 0x00, 0x00, 0x00, 0x00, 0x00, 0x00, 0x00, 0x00, 0x00, 0x00, 0x00,
    0x00, 0x00, 0x00, 0x00, 0x00, 0x00, 0x00, 0x00, 0x00, 0x00, 0x00, 0x00, 0x00, 0x00, 0x00, 0x00,
    0x00, 0x00, 0x00, 0x00, 0x00, 0x00, 0x00, 0x00, 0xff, 0xff, 0x00, 0x01, 0x00, 0x00, 0x00, 0x00,
    0xdf, 0x9f, 0x5f, 0x08, 0xe0, 0x95, 0x53, 0x87, 0xde, 0x96, 0x53, 0xff, 0xe1, 0x98, 0x54, 0xfd,
    0xda, 0x94, 0x51, 0xfb, 0xdb, 0x94, 0x52, 0xff, 0xdc, 0x93, 0x51, 0xff, 0xe7, 0x99, 0x57, 0xff,
    0xf4, 0xa0, 0x5e, 0xff, 0xf9, 0xa3, 0x61, 0xff, 0xf7, 0xa2, 0x60, 0xff, 0xf8, 0xa2, 0x60, 0xff,
    0xf8, 0xa2, 0x60, 0xff, 0xf8, 0xa2, 0x60, 0xff, 0xf8, 0xa2, 0x60, 0xff, 0xf8, 0xa2, 0x60, 0xff,
    0xf8, 0xa2, 0x60, 0xff, 0xf8, 0xa2, 0x60, 0xff, 0xf8, 0xa2, 0x60, 0xff, 0xf8, 0xa2, 0x60, 0xff,
    0xf8, 0xa2, 0x60, 0xff, 0xf8, 0xa2, 0x60, 0xff, 0xf8, 0xa2, 0x60, 0xff, 0xf8, 0xa2, 0x60, 0xff,
    0xf8, 0xa2, 0x60, 0xff, 0xf8, 0xa2, 0x60, 0xff, 0xf8, 0xa2, 0x60, 0xff, 0xf8, 0xa2, 0x60, 0xff,
    0xf8, 0xa2, 0x60, 0xff, 0xf8, 0xa2, 0x60, 0xff, 0xf8, 0xa2, 0x60, 0xff, 0xf8, 0xa2, 0x60, 0xff,
    0xf8, 0xa2, 0x60, 0xff, 0xf8, 0xa2, 0x60, 0xff, 0xf8, 0xa2, 0x60, 0xff, 0xf8, 0xa2, 0x60, 0xff,
    0xf8, 0xa2, 0x60, 0xff, 0xf8, 0xa2, 0x60, 0xff, 0xf8, 0xa2, 0x60, 0xff, 0xf8, 0xa2, 0x60, 0xff,
    0xf8, 0xa2, 0x60, 0xff, 0xf8, 0xa2, 0x60, 0xff, 0xf8, 0xa2, 0x60, 0xff, 0xf8, 0xa2, 0x60, 0xff,
    0xf8, 0xa2, 0x60, 0xff, 0xf8, 0xa2, 0x60, 0xff, 0xf8, 0xa2, 0x60, 0xff, 0xf8, 0xa2, 0x60, 0xff,
    0xf8, 0xa2, 0x60, 0xff, 0xf8, 0xa2, 0x60, 0xff, 0xf8, 0xa2, 0x60, 0xff, 0xf8, 0xa2, 0x60, 0xff,
    0xf8, 0xa2, 0x60, 0xff, 0xf8, 0xa2, 0x60, 0xff, 0xf8, 0xa2, 0x60, 0xff, 0xf8, 0xa2, 0x60, 0xff,
    0xf8, 0xa2, 0x60, 0xff, 0xf8, 0xa2, 0x60, 0xff, 0xf8, 0xa2, 0x60, 0xff, 0xf8, 0xa2, 0x60, 0xff,
    0xf8, 0xa2, 0x60, 0xff, 0xf8, 0xa2, 0x60, 0xff, 0xf8, 0xa2, 0x60, 0xff, 0xf8, 0xa2, 0x60, 0xff,
    0xf8, 0xa2, 0x60, 0xff, 0xf8, 0xa2, 0x60, 0xff, 0xf8, 0xa2, 0x60, 0xff, 0xf8, 0xa2, 0x60, 0xff,
    0xf8, 0xa2, 0x60, 0xff, 0xf8, 0xa2, 0x60, 0xff, 0xf8, 0xa2, 0x60, 0xff, 0xf8, 0xa2, 0x60, 0xff,
    0xf8, 0xa2, 0x60, 0xff, 0xf8, 0xa2, 0x60, 0xff, 0xf8, 0xa2, 0x60, 0xff, 0xf8, 0xa2, 0x60, 0xff,
    0xf8, 0xa2, 0x60, 0xff, 0xf8, 0xa2, 0x60, 0xff, 0xf8, 0xa2, 0x60, 0xff, 0xf8, 0xa2, 0x60, 0xff,
    0xf8, 0xa2, 0x60, 0xff, 0xf8, 0xa2, 0x60, 0xff, 0xf8, 0xa2, 0x60, 0xff, 0xf8, 0xa2, 0x60, 0xff,
    0xf8, 0xa2, 0x60, 0xff, 0xf8, 0xa2, 0x60, 0xff, 0xf8, 0xa2, 0x60, 0xff, 0xf8, 0xa2, 0x60, 0xff,
    0xf8, 0xa2, 0x60, 0xff, 0xf8, 0xa2, 0x60, 0xff, 0xf8, 0xa2, 0x60, 0xff, 0xf8, 0xa2, 0x60, 0xff,
    0xf8, 0xa2, 0x60, 0xff, 0xf8, 0xa2, 0x60, 0xff, 0xf8, 0xa2, 0x60, 0xff, 0xf8, 0xa2, 0x60, 0xff,
    0xf8, 0xa2, 0x60, 0xff, 0xf8, 0xa2, 0x60, 0xff, 0xf8, 0xa2, 0x60, 0xff, 0xf7, 0xa2, 0x60, 0xff,
    0xf9, 0xa3, 0x61, 0xff, 0xf4, 0xa0, 0x5e, 0xff, 0xe7, 0x99, 0x57, 0xff, 0xdc, 0x93, 0x51, 0xff,
    0xdb, 0x94, 0x52, 0xff, 0xda, 0x94, 0x51, 0xfb, 0xe1, 0x98, 0x54, 0xfd, 0xde, 0x96, 0x53, 0xff,
    0xe0, 0x95, 0x53, 0x87, 0xdf, 0x9f, 0x5f, 0x08, 0x00, 0x00, 0x00, 0x00, 0xff, 0xff, 0x00, 0x01,
    0x00, 0x00, 0x00, 0x00, 0x00, 0x00, 0x00, 0x00, 0x00, 0x00, 0x00, 0x00, 0x00, 0x00, 0x00, 0x00,
    0x00, 0x00, 0x00, 0x00, 0x00, 0x00, 0x00, 0x00, 0x00, 0x00, 0x00, 0x00, 0x00, 0x00, 0x00, 0x00,
    0x00, 0x00, 0x00, 0x00, 0x00, 0x00, 0x00, 0x00, 0x00, 0x00, 0x00, 0x00, 0x00, 0x00, 0x00, 0x00,
    0x00, 0x00, 0x00, 0x00, 0x00, 0x00, 0x00, 0x00, 0x00, 0x00, 0x00, 0x00, 0xe5, 0x99, 0x59, 0x14,
    0xde, 0x94, 0x52, 0x9b, 0xdf, 0x97, 0x53, 0xfe, 0xe2, 0x99, 0x54, 0xfd, 0xd9, 0x93, 0x51, 0xfb,
    0xdb, 0x94, 0x52, 0xff, 0xda, 0x94, 0x52, 0xff, 0xe3, 0x97, 0x55, 0xff, 0xf0, 0x9e, 0x5c, 0xff,
    0xfb, 0xa3, 0x61, 0xff, 0xf9, 0xa2, 0x60, 0xff, 0xf7, 0xa2, 0x60, 0xff, 0xf8, 0xa2, 0x60, 0xff,
    0xf8, 0xa2, 0x60, 0xff, 0xf8, 0xa2, 0x60, 0xff, 0xf8, 0xa2, 0x60, 0xff, 0xf8, 0xa2, 0x60, 0xff,
    0xf8, 0xa2, 0x60, 0xff, 0xf8, 0xa2, 0x60, 0xff, 0xf8, 0xa2, 0x60, 0xff, 0xf8, 0xa2, 0x60, 0xff,
    0xf8, 0xa2, 0x60, 0xff, 0xf8, 0xa2, 0x60, 0xff, 0xf8, 0xa2, 0x60, 0xff, 0xf8, 0xa2, 0x60, 0xff,
    0xf8, 0xa2, 0x60, 0xff, 0xf8, 0xa2, 0x60, 0xff, 0xf8, 0xa2, 0x60, 0xff, 0xf8, 0xa2, 0x60, 0xff,
    0xf8, 0xa2, 0x60, 0xff, 0xf8, 0xa2, 0x60, 0xff, 0xf8, 0xa2, 0x60, 0xff, 0xf8, 0xa2, 0x60, 0xff,
    0xf8, 0xa2, 0x60, 0xff, 0xf8, 0xa2, 0x60, 0xff, 0xf8, 0xa2, 0x60, 0xff, 0xf8, 0xa2, 0x60, 0xff,
    0xf8, 0xa2, 0x60, 0xff, 0xf8, 0xa2, 0x60, 0xff, 0xf8, 0xa2, 0x60, 0xff, 0xf8, 0xa2, 0x60, 0xff,
    0xf8, 0xa2, 0x60, 0xff, 0xf8, 0xa2, 0x60, 0xff, 0xf8, 0xa2, 0x60, 0xff, 0xf8, 0xa2, 0x60, 0xff,
    0xf8, 0xa2, 0x60, 0xff, 0xf8, 0xa2, 0x60, 0xff, 0xf8, 0xa2, 0x60, 0xff, 0xf8, 0xa2, 0x60, 0xff,
    0xf8, 0xa2, 0x60, 0xff, 0xf8, 0xa2, 0x60, 0xff, 0xf8, 0xa2, 0x60, 0xff, 0xf8, 0xa2, 0x60, 0xff,
    0xf8, 0xa2, 0x60, 0xff, 0xf8, 0xa2, 0x60, 0xff, 0xf8, 0xa2, 0x60, 0xff, 0xf8, 0xa2, 0x60, 0xff,
    0xf8, 0xa2, 0x60, 0xff, 0xf8, 0xa2, 0x60, 0xff, 0xf8, 0xa2, 0x60, 0xff, 0xf8, 0xa2, 0x60, 0xff,
    0xf8, 0xa2, 0x60, 0xff, 0xf8, 0xa2, 0x60, 0xff, 0xf8, 0xa2, 0x60, 0xff, 0xf8, 0xa2, 0x60, 0xff,
    0xf8, 0xa2, 0x60, 0xff, 0xf8, 0xa2, 0x60, 0xff, 0xf8, 0xa2, 0x60, 0xff, 0xf8, 0xa2, 0x60, 0xff,
    0xf8, 0xa2, 0x60, 0xff, 0xf8, 0xa2, 0x60, 0xff, 0xf8, 0xa2, 0x60, 0xff, 0xf8, 0xa2, 0x60, 0xff,
    0xf8, 0xa2, 0x60, 0xff, 0xf8, 0xa2, 0x60, 0xff, 0xf8, 0xa2, 0x60, 0xff, 0xf8, 0xa2, 0x60, 0xff,
    0xf8, 0xa2, 0x60, 0xff, 0xf8, 0xa2, 0x60, 0xff, 0xf8, 0xa2, 0x60, 0xff, 0xf8, 0xa2, 0x60, 0xff,
    0xf8, 0xa2, 0x60, 0xff, 0xf8, 0xa2, 0x60, 0xff, 0xf8, 0xa2, 0x60, 0xff, 0xf8, 0xa2, 0x60, 0xff,
    0xf8, 0xa2, 0x60, 0xff, 0xf8, 0xa2, 0x60, 0xff, 0xf8, 0xa2, 0x60, 0xff, 0xf8, 0xa2, 0x60, 0xff,
    0xf8, 0xa2, 0x60, 0xff, 0xf8, 0xa2, 0x60, 0xff, 0xf8, 0xa2, 0x60, 0xff, 0xf8, 0xa2, 0x60, 0xff,
    0xf8, 0xa2, 0x60, 0xff, 0xf8, 0xa2, 0x60, 0xff, 0xf8, 0xa2, 0x60, 0xff, 0xf7, 0xa2, 0x60, 0xff,
    0xf9, 0xa2, 0x60, 0xff, 0xfb, 0xa3, 0x61, 0xff, 0xf0, 0x9e, 0x5c, 0xff, 0xe3, 0x97, 0x55, 0xff,
    0xda, 0x94, 0x52, 0xff, 0xdb, 0x94, 0x52, 0xff, 0xd9, 0x93, 0x51, 0xfb, 0xe2, 0x99, 0x54, 0xfd,
    0xdf, 0x97, 0x53, 0xfe, 0xde, 0x94, 0x52, 0x9b, 0xe5, 0x99, 0x59, 0x14, 0x00, 0x00, 0x00, 0x00,
    0x00, 0x00, 0x00, 0x00, 0x00, 0x00, 0x00, 0x00, 0x00, 0x00, 0x00, 0x00, 0x00, 0x00, 0x00, 0x00,
    0x00, 0x00, 0x00, 0x00, 0x00, 0x00, 0x00, 0x00, 0x00, 0x00, 0x00, 0x00, 0x00, 0x00, 0x00, 0x00,
    0x00, 0x00, 0x00, 0x00, 0x00, 0x00, 0x00, 0x00, 0x00, 0x00, 0x00, 0x00, 0x00, 0x00, 0x00, 0x00,
    0x00, 0x00, 0x00, 0x00, 0x00, 0x00, 0x00, 0x00, 0x00, 0x00, 0x00, 0x00, 0x00, 0x00, 0x00, 0x00,
    0xff, 0xff, 0x00, 0x01, 0x00, 0x00, 0x00, 0x00, 0xe5, 0x99, 0x55, 0x1e, 0xd9, 0x92, 0x51, 0xa2,
    0xe0, 0x97, 0x53, 0xfd, 0xe1, 0x98, 0x54, 0xff, 0xda, 0x93, 0x52, 0xfb, 0xdb, 0x94, 0x52, 0xff,
    0xd9, 0x93, 0x51, 0xff, 0xe0, 0x96, 0x54, 0xff, 0xed, 0x9c, 0x5a, 0xff, 0xf8, 0xa1, 0x5f, 0xff,
    0xfa, 0xa3, 0x61, 0xff, 0xf8, 0xa2, 0x60, 0xff, 0xf8, 0xa2, 0x60, 0xff, 0xf8, 0xa2, 0x60, 0xff,
    0xf8, 0xa2, 0x60, 0xff, 0xf8, 0xa2, 0x60, 0xff, 0xf8, 0xa2, 0x60, 0xff, 0xf8, 0xa2, 0x60, 0xff,
    0xf8, 0xa2, 0x60, 0xff, 0xf8, 0xa2, 0x60, 0xff, 0xf8, 0xa2, 0x60, 0xff, 0xf8, 0xa2, 0x60, 0xff,
    0xf8, 0xa2, 0x60, 0xff, 0xf8, 0xa2, 0x60, 0xff, 0xf8, 0xa2, 0x60, 0xff, 0xf8, 0xa2, 0x60, 0xff,
    0xf8, 0xa2, 0x60, 0xff, 0xf8, 0xa2, 0x60, 0xff, 0xf8, 0xa2, 0x60, 0xff, 0xf8, 0xa2, 0x60, 0xff,
    0xf8, 0xa2, 0x60, 0xff, 0xf8, 0xa2, 0x60, 0xff, 0xf8, 0xa2, 0x60, 0xff, 0xf8, 0xa2, 0x60, 0xff,
    0xf8, 0xa2, 0x60, 0xff, 0xf8, 0xa2, 0x60, 0xff, 0xf8, 0xa2, 0x60, 0xff, 0xf8, 0xa2, 0x60, 0xff,
    0xf8, 0xa2, 0x60, 0xff, 0xf8, 0xa2, 0x60, 0xff, 0xf8, 0xa2, 0x60, 0xff, 0xf8, 0xa2, 0x60, 0xff,
    0xf8, 0xa2, 0x60, 0xff, 0xf8, 0xa2, 0x60, 0xff, 0xf8, 0xa2, 0x60, 0xff, 0xf8, 0xa2, 0x60, 0xff,
    0xf8, 0xa2, 0x60, 0xff, 0xf8, 0xa2, 0x60, 0xff, 0xf8, 0xa2, 0x60, 0xff, 0xf8, 0xa2, 0x60, 0xff,
    0xf8, 0xa2, 0x60, 0xff, 0xf8, 0xa2, 0x60, 0xff, 0xf8, 0xa2, 0x60, 0xff, 0xf8, 0xa2, 0x60, 0xff,
    0xf8, 0xa2, 0x60, 0xff, 0xf8, 0xa2, 0x60, 0xff, 0xf8, 0xa2, 0x60, 0xff, 0xf8, 0xa2, 0x60, 0xff,
    0xf8, 0xa2, 0x60, 0xff, 0xf8, 0xa2, 0x60, 0xff, 0xf8, 0xa2, 0x60, 0xff, 0xf8, 0xa2, 0x60, 0xff,
    0xf8, 0xa2, 0x60, 0xff, 0xf8, 0xa2, 0x60, 0xff, 0xf8, 0xa2, 0x60, 0xff, 0xf8, 0xa2, 0x60, 0xff,
    0xf8, 0xa2, 0x60, 0xff, 0xf8, 0xa2, 0x60, 0xff, 0xf8, 0xa2, 0x60, 0xff, 0xf8, 0xa2, 0x60, 0xff,
    0xf8, 0xa2, 0x60, 0xff, 0xf8, 0xa2, 0x60, 0xff, 0xf8, 0xa2, 0x60, 0xff, 0xf8, 0xa2, 0x60, 0xff,
    0xf8, 0xa2, 0x60, 0xff, 0xf8, 0xa2, 0x60, 0xff, 0xf8, 0xa2, 0x60, 0xff, 0xf8, 0xa2, 0x60, 0xff,
    0xf8, 0xa2, 0x60, 0xff, 0xf8, 0xa2, 0x60, 0xff, 0xf8, 0xa2, 0x60, 0xff, 0xf8, 0xa2, 0x60, 0xff,
    0xf8, 0xa2, 0x60, 0xff, 0xf8, 0xa2, 0x60, 0xff, 0xf8, 0xa2, 0x60, 0xff, 0xf8, 0xa2, 0x60, 0xff,
    0xf8, 0xa2, 0x60, 0xff, 0xf8, 0xa2, 0x60, 0xff, 0xf8, 0xa2, 0x60, 0xff, 0xf8, 0xa2, 0x60, 0xff,
    0xf8, 0xa2, 0x60, 0xff, 0xf8, 0xa2, 0x60, 0xff, 0xf8, 0xa2, 0x60, 0xff, 0xf8, 0xa2, 0x60, 0xff,
    0xf8, 0xa2, 0x60, 0xff, 0xfa, 0xa3, 0x61, 0xff, 0xf8, 0xa1, 0x5f, 0xff, 0xed, 0x9c, 0x5a, 0xff,
    0xe0, 0x96, 0x54, 0xff, 0xd9, 0x93, 0x51, 0xff, 0xdb, 0x94, 0x52, 0xff, 0xda, 0x93, 0x52, 0xfb,
    0xe1, 0x98, 0x54, 0xff, 0xe0, 0x97, 0x53, 0xfd, 0xd9, 0x92, 0x51, 0xa2, 0xe5, 0x99, 0x55, 0x1e,
    0x00, 0x00, 0x00, 0x00, 0xff, 0xff, 0x00, 0x01, 0x00, 0x00, 0x00, 0x00, 0x00, 0x00, 0x00, 0x00,
    0x00, 0x00, 0x00, 0x00, 0x00, 0x00, 0x00, 0x00, 0x00, 0x00, 0x00, 0x00, 0x00, 0x00, 0x00, 0x00,
    0x00, 0x00, 0x00, 0x00, 0x00, 0x00, 0x00, 0x00, 0x00, 0x00, 0x00, 0x00, 0x00, 0x00, 0x00, 0x00,
    0x00, 0x00, 0x00, 0x00, 0x00, 0x00, 0x00, 0x00, 0x00, 0x00, 0x00, 0x00, 0x00, 0x00, 0x00, 0x00,
    0x00, 0x00, 0x00, 0x00, 0x00, 0x00, 0x00, 0x00, 0x00, 0x00, 0x00, 0x00, 0xff, 0xaa, 0x55, 0x03,
    0x00, 0x00, 0x00, 0x00, 0xd9, 0x8e, 0x52, 0x22, 0xd8, 0x92, 0x50, 0xa4, 0xe2, 0x99, 0x54, 0xfb,
    0xe1, 0x98, 0x54, 0xff, 0xda, 0x93, 0x52, 0xfb, 0xdc, 0x95, 0x52, 0xff, 0xda, 0x94, 0x52, 0xff,
    0xdb, 0x94, 0x52, 0xff, 0xe8, 0x9a, 0x58, 0xff, 0xf1, 0x9f, 0x5d, 0xff, 0xf8, 0xa2, 0x60, 0xff,
    0xfa, 0xa3, 0x61, 0xff, 0xf8, 0xa2, 0x60, 0xff, 0xf8, 0xa2, 0x60, 0xff, 0xf8, 0xa2, 0x60, 0xff,
    0xf8, 0xa2, 0x60, 0xff, 0xf8, 0xa2, 0x60, 0xff, 0xf8, 0xa2, 0x60, 0xff, 0xf8, 0xa2, 0x60, 0xff,
    0xf8, 0xa2, 0x60, 0xff, 0xf8, 0xa2, 0x60, 0xff, 0xf8, 0xa2, 0x60, 0xff, 0xf8, 0xa2, 0x60, 0xff,
    0xf8, 0xa2, 0x60, 0xff, 0xf8, 0xa2, 0x60, 0xff, 0xf8, 0xa2, 0x60, 0xff, 0xf8, 0xa2, 0x60, 0xff,
    0xf8, 0xa2, 0x60, 0xff, 0xf8, 0xa2, 0x60, 0xff, 0xf8, 0xa2, 0x60, 0xff, 0xf8, 0xa2, 0x60, 0xff,
    0xf8, 0xa2, 0x60, 0xff, 0xf8, 0xa2, 0x60, 0xff, 0xf8, 0xa2, 0x60, 0xff, 0xf8, 0xa2, 0x60, 0xff,
    0xf8, 0xa2, 0x60, 0xff, 0xf8, 0xa2, 0x60, 0xff, 0xf8, 0xa2, 0x60, 0xff, 0xf8, 0xa2, 0x60, 0xff,
    0xf8, 0xa2, 0x60, 0xff, 0xf8, 0xa2, 0x60, 0xff, 0xf8, 0xa2, 0x60, 0xff, 0xf8, 0xa2, 0x60, 0xff,
    0xf8, 0xa2, 0x60, 0xff, 0xf8, 0xa2, 0x60, 0xff, 0xf8, 0xa2, 0x60, 0xff, 0xf8, 0xa2, 0x60, 0xff,
    0xf8, 0xa2, 0x60, 0xff, 0xf8, 0xa2, 0x60, 0xff, 0xf8, 0xa2, 0x60, 0xff, 0xf8, 0xa2, 0x60, 0xff,
    0xf8, 0xa2, 0x60, 0xff, 0xf8, 0xa2, 0x60, 0xff, 0xf8, 0xa2, 0x60, 0xff, 0xf8, 0xa2, 0x60, 0xff,
    0xf8, 0xa2, 0x60, 0xff, 0xf8, 0xa2, 0x60, 0xff, 0xf8, 0xa2, 0x60, 0xff, 0xf8, 0xa2, 0x60, 0xff,
    0xf8, 0xa2, 0x60, 0xff, 0xf8, 0xa2, 0x60, 0xff, 0xf8, 0xa2, 0x60, 0xff, 0xf8, 0xa2, 0x60, 0xff,
    0xf8, 0xa2, 0x60, 0xff, 0xf8, 0xa2, 0x60, 0xff, 0xf8, 0xa2, 0x60, 0xff, 0xf8, 0xa2, 0x60, 0xff,
    0xf8, 0xa2, 0x60, 0xff, 0xf8, 0xa2, 0x60, 0xff, 0xf8, 0xa2, 0x60, 0xff, 0xf8, 0xa2, 0x60, 0xff,
    0xf8, 0xa2, 0x60, 0xff, 0xf8, 0xa2, 0x60, 0xff, 0xf8, 0xa2, 0x60, 0xff, 0xf8, 0xa2, 0x60, 0xff,
    0xf8, 0xa2, 0x60, 0xff, 0xf8, 0xa2, 0x60, 0xff, 0xf8, 0xa2, 0x60, 0xff, 0xf8, 0xa2, 0x60, 0xff,
    0xf8, 0xa2, 0x60, 0xff, 0xf8, 0xa2, 0x60, 0xff, 0xf8, 0xa2, 0x60, 0xff, 0xf8, 0xa2, 0x60, 0xff,
    0xf8, 0xa2, 0x60, 0xff, 0xf8, 0xa2, 0x60, 0xff, 0xf8, 0xa2, 0x60, 0xff, 0xf8, 0xa2, 0x60, 0xff,
    0xf8, 0xa2, 0x60, 0xff, 0xf8, 0xa2, 0x60, 0xff, 0xf8, 0xa2, 0x60, 0xff, 0xf8, 0xa2, 0x60, 0xff,
    0xf8, 0xa2, 0x60, 0xff, 0xfa, 0xa3, 0x61, 0xff, 0xf8, 0xa2, 0x60, 0xff, 0xf1, 0x9f, 0x5d, 0xff,
    0xe8, 0x9a, 0x58, 0xff, 0xdb, 0x94, 0x52, 0xff, 0xda, 0x94, 0x52, 0xff, 0xdc, 0x95, 0x52, 0xff,
    0xda, 0x93, 0x52, 0xfb, 0xe1, 0x98, 0x54, 0xff, 0xe2, 0x99, 0x54, 0xfb, 0xd8, 0x92, 0x50, 0xa4,
    0xd9, 0x8e, 0x52, 0x22, 0x00, 0x00, 0x00, 0x00, 0xff, 0xaa, 0x55, 0x03, 0x00, 0x00, 0x00, 0x00,
    0x00, 0x00, 0x00, 0x00, 0x00, 0x00, 0x00, 0x00, 0x00, 0x00, 0x00, 0x00, 0x00, 0x00, 0x00, 0x00,
    0x00, 0x00, 0x00, 0x00, 0x00, 0x00, 0x00, 0x00, 0x00, 0x00, 0x00, 0x00, 0x00, 0x00, 0x00, 0x00,
    0x00, 0x00, 0x00, 0x00, 0x00, 0x00, 0x00, 0x00, 0x00, 0x00, 0x00, 0x00, 0x00, 0x00, 0x00, 0x00,
    0x00, 0x00, 0x00, 0x00, 0x00, 0x00, 0x00, 0x00, 0x00, 0x00, 0x00, 0x00, 0x00, 0x00, 0x00, 0x00,
    0x00, 0x00, 0x00, 0x00, 0x00, 0x00, 0x00, 0x00, 0xff, 0x99, 0x66, 0x05, 0x00, 0x00, 0x00, 0x00,
    0xd8, 0x92, 0x4d, 0x21, 0xd9, 0x91, 0x4f, 0xa3, 0xe4, 0x99, 0x55, 0xf9, 0xe0, 0x98, 0x54, 0xff,
    0xda, 0x94, 0x51, 0xfd, 0xdb, 0x94, 0x52, 0xff, 0xdb, 0x94, 0x52, 0xff, 0xd8, 0x93, 0x51, 0xff,
    0xdf, 0x96, 0x54, 0xff, 0xec, 0x9c, 0x5a, 0xff, 0xf4, 0xa0, 0x5e, 0xff, 0xf8, 0xa2, 0x60, 0xff,
    0xfa, 0xa3, 0x61, 0xff, 0xf9, 0xa2, 0x60, 0xff, 0xf8, 0xa2, 0x60, 0xff, 0xf8, 0xa2, 0x60, 0xff,
    0xf8, 0xa2, 0x60, 0xff, 0xf8, 0xa2, 0x60, 0xff, 0xf8, 0xa2, 0x60, 0xff, 0xf8, 0xa2, 0x60, 0xff,
    0xf8, 0xa2, 0x60, 0xff, 0xf8, 0xa2, 0x60, 0xff, 0xf8, 0xa2, 0x60, 0xff, 0xf8, 0xa2, 0x60, 0xff,
    0xf8, 0xa2, 0x60, 0xff, 0xf8, 0xa2, 0x60, 0xff, 0xf8, 0xa2, 0x60, 0xff, 0xf8, 0xa2, 0x60, 0xff,
    0xf8, 0xa2, 0x60, 0xff, 0xf8, 0xa2, 0x60, 0xff, 0xf8, 0xa2, 0x60, 0xff, 0xf8, 0xa2, 0x60, 0xff,
    0xf8, 0xa2, 0x60, 0xff, 0xf8, 0xa2, 0x60, 0xff, 0xf8, 0xa2, 0x60, 0xff, 0xf8, 0xa2, 0x60, 0xff,
    0xf8, 0xa2, 0x60, 0xff, 0xf8, 0xa2, 0x60, 0xff, 0xf8, 0xa2, 0x60, 0xff, 0xf8, 0xa2, 0x60, 0xff,
    0xf8, 0xa2, 0x60, 0xff, 0xf8, 0xa2, 0x60, 0xff, 0xf8, 0xa2, 0x60, 0xff, 0xf8, 0xa2, 0x60, 0xff,
    0xf8, 0xa2, 0x60, 0xff, 0xf8, 0xa2, 0x60, 0xff, 0xf8, 0xa2, 0x60, 0xff, 0xf8, 0xa2, 0x60, 0xff,
    0xf8, 0xa2, 0x60, 0xff, 0xf8, 0xa2, 0x60, 0xff, 0xf8, 0xa2, 0x60, 0xff, 0xf8, 0xa2, 0x60, 0xff,
    0xf8, 0xa2, 0x60, 0xff, 0xf8, 0xa2, 0x60, 0xff, 0xf8, 0xa2, 0x60, 0xff, 0xf8, 0xa2, 0x60, 0xff,
    0xf8, 0xa2, 0x60, 0xff, 0xf8, 0xa2, 0x60, 0xff, 0xf8, 0xa2, 0x60, 0xff, 0xf8, 0xa2, 0x60, 0xff,
    0xf8, 0xa2, 0x60, 0xff, 0xf8, 0xa2, 0x60, 0xff, 0xf8, 0xa2, 0x60, 0xff, 0xf8, 0xa2, 0x60, 0xff,
    0xf8, 0xa2, 0x60, 0xff, 0xf8, 0xa2, 0x60, 0xff, 0xf8, 0xa2, 0x60, 0xff, 0xf8, 0xa2, 0x60, 0xff,
    0xf8, 0xa2, 0x60, 0xff, 0xf8, 0xa2, 0x60, 0xff, 0xf8, 0xa2, 0x60, 0xff, 0xf8, 0xa2, 0x60, 0xff,
    0xf8, 0xa2, 0x60, 0xff, 0xf8, 0xa2, 0x60, 0xff, 0xf8, 0xa2, 0x60, 0xff, 0xf8, 0xa2, 0x60, 0xff,
    0xf8, 0xa2, 0x60, 0xff, 0xf8, 0xa2, 0x60, 0xff, 0xf8, 0xa2, 0x60, 0xff, 0xf8, 0xa2, 0x60, 0xff,
    0xf8, 0xa2, 0x60, 0xff, 0xf8, 0xa2, 0x60, 0xff, 0xf8, 0xa2, 0x60, 0xff, 0xf8, 0xa2, 0x60, 0xff,
    0xf8, 0xa2, 0x60, 0xff, 0xf8, 0xa2, 0x60, 0xff, 0xf8, 0xa2, 0x60, 0xff, 0xf8, 0xa2, 0x60, 0xff,
    0xf9, 0xa2, 0x60, 0xff, 0xfa, 0xa3, 0x61, 0xff, 0xf8, 0xa2, 0x60, 0xff, 0xf4, 0xa0, 0x5e, 0xff,
    0xec, 0x9c, 0x5a, 0xff, 0xdf, 0x96, 0x54, 0xff, 0xd8, 0x93, 0x51, 0xff, 0xdb, 0x94, 0x52, 0xff,
    0xdb, 0x94, 0x52, 0xff, 0xda, 0x94, 0x51, 0xfd, 0xe0, 0x98, 0x54, 0xff, 0xe4, 0x99, 0x55, 0xf9,
    0xd9, 0x91, 0x4f, 0xa3, 0xd8, 0x92, 0x4d, 0x21, 0x00, 0x00, 0x00, 0x00, 0xff, 0x99, 0x66, 0x05,
    0x00, 0x00, 0x00, 0x00, 0x00, 0x00, 0x00, 0x00, 0x00, 0x00, 0x00, 0x00, 0x00, 0x00, 0x00, 0x00,
    0x00, 0x00, 0x00, 0x00, 0x00, 0x00, 0x00, 0x00, 0x00, 0x00, 0x00, 0x00, 0x00, 0x00, 0x00, 0x00,
    0x00, 0x00, 0x00, 0x00, 0x00, 0x00, 0x00, 0x00, 0x00, 0x00, 0x00, 0x00, 0x00, 0x00, 0x00, 0x00,
    0x00, 0x00, 0x00, 0x00, 0x00, 0x00, 0x00, 0x00, 0x00, 0x00, 0x00, 0x00, 0x00, 0x00, 0x00, 0x00,
    0x00, 0x00, 0x00, 0x00, 0x00, 0x00, 0x00, 0x00, 0x00, 0x00, 0x00, 0x00, 0x00, 0x00, 0x00, 0x00,
    0x00, 0x00, 0x00, 0x00, 0xd4, 0x7f, 0x55, 0x06, 0x00, 0x00, 0x00, 0x00, 0xe2, 0x97, 0x55, 0x1b,
    0xdc, 0x94, 0x51, 0x9c, 0xe4, 0x99, 0x55, 0xf7, 0xde, 0x96, 0x53, 0xff, 0xdb, 0x94, 0x52, 0xff,
    0xdb, 0x94, 0x52, 0xff, 0xdc, 0x94, 0x52, 0xff, 0xdb, 0x94, 0x52, 0xff, 0xda, 0x92, 0x50, 0xff,
    0xe1, 0x96, 0x54, 0xff, 0xef, 0x9c, 0x5a, 0xff, 0xf6, 0xa1, 0x5f, 0xff, 0xf7, 0xa2, 0x60, 0xff,
    0xf9, 0xa2, 0x60, 0xff, 0xf9, 0xa2, 0x60, 0xff, 0xf8, 0xa2, 0x60, 0xff, 0xf8, 0xa2, 0x60, 0xff,
    0xf8, 0xa2, 0x60, 0xff, 0xf8, 0xa2, 0x60, 0xff, 0xf8, 0xa2, 0x60, 0xff, 0xf8, 0xa2, 0x60, 0xff,
    0xf8, 0xa2, 0x60, 0xff, 0xf8, 0xa2, 0x60, 0xff, 0xf8, 0xa2, 0x60, 0xff, 0xf8, 0xa2, 0x60, 0xff,
    0xf8, 0xa2, 0x60, 0xff, 0xf8, 0xa2, 0x60, 0xff, 0xf8, 0xa2, 0x60, 0xff, 0xf8, 0xa2, 0x60, 0xff,
    0xf8, 0xa2, 0x60, 0xff, 0xf8, 0xa2, 0x60, 0xff, 0xf8, 0xa2, 0x60, 0xff, 0xf8, 0xa2, 0x60, 0xff,
    0xf8, 0xa2, 0x60, 0xff, 0xf8, 0xa2, 0x60, 0xff, 0xf8, 0xa2, 0x60, 0xff, 0xf8, 0xa2, 0x60, 0xff,
    0xf8, 0xa2, 0x60, 0xff, 0xf8, 0xa2, 0x60, 0xff, 0xf8, 0xa2, 0x60, 0xff, 0xf8, 0xa2, 0x60, 0xff,
    0xf8, 0xa2, 0x60, 0xff, 0xf8, 0xa2, 0x60, 0xff, 0xf8, 0xa2, 0x60, 0xff, 0xf8, 0xa2, 0x60, 0xff,
    0xf8, 0xa2, 0x60, 0xff, 0xf8, 0xa2, 0x60, 0xff, 0xf8, 0xa2, 0x60, 0xff, 0xf8, 0xa2, 0x60, 0xff,
    0xf8, 0xa2, 0x60, 0xff, 0xf8, 0xa2, 0x60, 0xff, 0xf8, 0xa2, 0x60, 0xff, 0xf8, 0xa2, 0x60, 0xff,
    0xf8, 0xa2, 0x60, 0xff, 0xf8, 0xa2, 0x60, 0xff, 0xf8, 0xa2, 0x60, 0xff, 0xf8, 0xa2, 0x60, 0xff,
    0xf8, 0xa2, 0x60, 0xff, 0xf8, 0xa2, 0x60, 0xff, 0xf8, 0xa2, 0x60, 0xff, 0xf8, 0xa2, 0x60, 0xff,
    0xf8, 0xa2, 0x60, 0xff, 0xf8, 0xa2, 0x60, 0xff, 0xf8, 0xa2, 0x60, 0xff, 0xf8, 0xa2, 0x60, 0xff,
    0xf8, 0xa2, 0x60, 0xff, 0xf8, 0xa2, 0x60, 0xff, 0xf8, 0xa2, 0x60, 0xff, 0xf8, 0xa2, 0x60, 0xff,
    0xf8, 0xa2, 0x60, 0xff, 0xf8, 0xa2, 0x60, 0xff, 0xf8, 0xa2, 0x60, 0xff, 0xf8, 0xa2, 0x60, 0xff,
    0xf8, 0xa2, 0x60, 0xff, 0xf8, 0xa2, 0x60, 0xff, 0xf8, 0xa2, 0x60, 0xff, 0xf8, 0xa2, 0x60, 0xff,
    0xf8, 0xa2, 0x60, 0xff, 0xf8, 0xa2, 0x60, 0xff, 0xf8, 0xa2, 0x60, 0xff, 0xf8, 0xa2, 0x60, 0xff,
    0xf8, 0xa2, 0x60, 0xff, 0xf8, 0xa2, 0x60, 0xff, 0xf8, 0xa2, 0x60, 0xff, 0xf8, 0xa2, 0x60, 0xff,
    0xf9, 0xa2, 0x60, 0xff, 0xf9, 0xa2, 0x60, 0xff, 0xf7, 0xa2, 0x60, 0xff, 0xf6, 0xa1, 0x5f, 0xff,
    0xef, 0x9c, 0x5a, 0xff, 0xe1, 0x96, 0x54, 0xff, 0xda, 0x92, 0x50, 0xff, 0xdb, 0x94, 0x52, 0xff,
    0xdc, 0x94, 0x52, 0xff, 0xdb, 0x94, 0x52, 0xff, 0xdb, 0x94, 0x52, 0xff, 0xde, 0x96, 0x53, 0xff,
    0xe4, 0x99, 0x55, 0xf7, 0xdc, 0x94, 0x51, 0x9c, 0xe2, 0x97, 0x55, 0x1b, 0x00, 0x00, 0x00, 0x00,
    0xd4, 0x7f, 0x55, 0x06, 0x00, 0x00, 0x00, 0x00, 0x00, 0x00, 0x00, 0x00, 0x00, 0x00, 0x00, 0x00,
    0x00, 0x00, 0x00, 0x00, 0x00, 0x00, 0x00, 0x00, 0x00, 0x00, 0x00, 0x00, 0x00, 0x00, 0x00, 0x00,
    0x00, 0x00, 0x00, 0x00, 0x00, 0x00, 0x00, 0x00, 0x00, 0x00, 0x00, 0x00, 0x00, 0x00, 0x00, 0x00,
    0x00, 0x00, 0x00, 0x00, 0x00, 0x00, 0x00, 0x00, 0x00, 0x00, 0x00, 0x00, 0x00, 0x00, 0x00, 0x00,
    0x00, 0x00, 0x00, 0x00, 0x00, 0x00, 0x00, 0x00, 0x00, 0x00, 0x00, 0x00, 0x00, 0x00, 0x00, 0x00,
    0x00, 0x00, 0x00, 0x00, 0x00, 0x00, 0x00, 0x00, 0x00, 0x00, 0x00, 0x00, 0x00, 0x00, 0x00, 0x00,
    0xff, 0x7f, 0x3f, 0x04, 0x00, 0x00, 0x00, 0x00, 0xf0, 0x9b, 0x55, 0x12, 0xdd, 0x96, 0x52, 0x88,
    0xdc, 0x93, 0x51, 0xfa, 0xdc, 0x94, 0x53, 0xff, 0xdc, 0x95, 0x52, 0xff, 0xdb, 0x94, 0x52, 0xff,
    0xdb, 0x94, 0x52, 0xff, 0xdb, 0x94, 0x52, 0xff, 0xdb, 0x94, 0x52, 0xff, 0xdb, 0x94, 0x52, 0xff,
    0xe0, 0x96, 0x54, 0xff, 0xeb, 0x9c, 0x5a, 0xff, 0xf5, 0xa0, 0x5e, 0xff, 0xf7, 0xa2, 0x60, 0xff,
    0xf8, 0xa2, 0x60, 0xff, 0xf8, 0xa2, 0x60, 0xff, 0xf8, 0xa2, 0x60, 0xff, 0xf8, 0xa2, 0x60, 0xff,
    0xf8, 0xa2, 0x60, 0xff, 0xf8, 0xa2, 0x60, 0xff, 0xf8, 0xa2, 0x60, 0xff, 0xf8, 0xa2, 0x60, 0xff,
    0xf8, 0xa2, 0x60, 0xff, 0xf8, 0xa2, 0x60, 0xff, 0xf8, 0xa2, 0x60, 0xff, 0xf8, 0xa2, 0x60, 0xff,
    0xf8, 0xa2, 0x60, 0xff, 0xf8, 0xa2, 0x60, 0xff, 0xf8, 0xa2, 0x60, 0xff, 0xf8, 0xa2, 0x60, 0xff,
    0xf8, 0xa2, 0x60, 0xff, 0xf8, 0xa2, 0x60, 0xff, 0xf8, 0xa2, 0x60, 0xff, 0xf8, 0xa2, 0x60, 0xff,
    0xf8, 0xa2, 0x60, 0xff, 0xf8, 0xa2, 0x60, 0xff, 0xf8, 0xa2, 0x60, 0xff, 0xf8, 0xa2, 0x60, 0xff,
    0xf8, 0xa2, 0x60, 0xff, 0xf8, 0xa2, 0x60, 0xff, 0xf8, 0xa2, 0x60, 0xff, 0xf8, 0xa2, 0x60, 0xff,
    0xf8, 0xa2, 0x60, 0xff, 0xf8, 0xa2, 0x60, 0xff, 0xf8, 0xa2, 0x60, 0xff, 0xf8, 0xa2, 0x60, 0xff,
    0xf8, 0xa2, 0x60, 0xff, 0xf8, 0xa2, 0x60, 0xff, 0xf8, 0xa2, 0x60, 0xff, 0xf8, 0xa2, 0x60, 0xff,
    0xf8, 0xa2, 0x60, 0xff, 0xf8, 0xa2, 0x60, 0xff, 0xf8, 0xa2, 0x60, 0xff, 0xf8, 0xa2, 0x60, 0xff,
    0xf8, 0xa2, 0x60, 0xff, 0xf8, 0xa2, 0x60, 0xff, 0xf8, 0xa2, 0x60, 0xff, 0xf8, 0xa2, 0x60, 0xff,
    0xf8, 0xa2, 0x60, 0xff, 0xf8, 0xa2, 0x60, 0xff, 0xf8, 0xa2, 0x60, 0xff, 0xf8, 0xa2, 0x60, 0xff,
    0xf8, 0xa2, 0x60, 0xff, 0xf8, 0xa2, 0x60, 0xff, 0xf8, 0xa2, 0x60, 0xff, 0xf8, 0xa2, 0x60, 0xff,
    0xf8, 0xa2, 0x60, 0xff, 0xf8, 0xa2, 0x60, 0xff, 0xf8, 0xa2, 0x60, 0xff, 0xf8, 0xa2, 0x60, 0xff,
    0xf8, 0xa2, 0x60, 0xff, 0xf8, 0xa2, 0x60, 0xff, 0xf8, 0xa2, 0x60, 0xff, 0xf8, 0xa2, 0x60, 0xff,
    0xf8, 0xa2, 0x60, 0xff, 0xf8, 0xa2, 0x60, 0xff, 0xf8, 0xa2, 0x60, 0xff, 0xf8, 0xa2, 0x60, 0xff,
    0xf8, 0xa2, 0x60, 0xff, 0xf8, 0xa2, 0x60, 0xff, 0xf8, 0xa2, 0x60, 0xff, 0xf8, 0xa2, 0x60, 0xff,
    0xf8, 0xa2, 0x60, 0xff, 0xf8, 0xa2, 0x60, 0xff, 0xf7, 0xa2, 0x60, 0xff, 0xf5, 0xa0, 0x5e, 0xff,
    0xeb, 0x9c, 0x5a, 0xff, 0xe0, 0x96, 0x54, 0xff, 0xdb, 0x94, 0x52, 0xff, 0xdb, 0x94, 0x52, 0xff,
    0xdb, 0x94, 0x52, 0xff, 0xdb, 0x94, 0x52, 0xff, 0xdb, 0x94, 0x52, 0xff, 0xdc, 0x95, 0x52, 0xff,
    0xdc, 0x94, 0x53, 0xff, 0xdc, 0x93, 0x51, 0xfa, 0xdd, 0x96, 0x52, 0x88, 0xf0, 0x9b, 0x55, 0x12,
    0x00, 0x00, 0x00, 0x00, 0xff, 0x7f, 0x3f, 0x04, 0x00, 0x00, 0x00, 0x00, 0x00, 0x00, 0x00, 0x00,
    0x00, 0x00, 0x00, 0x00, 0x00, 0x00, 0x00, 0x00, 0x00, 0x00, 0x00, 0x00, 0x00, 0x00, 0x00, 0x00,
    0x00, 0x00, 0x00, 0x00, 0x00, 0x00, 0x00, 0x00, 0x00, 0x00, 0x00, 0x00, 0x00, 0x00, 0x00, 0x00,
    0x00, 0x00, 0x00, 0x00, 0x00, 0x00, 0x00, 0x00, 0x00, 0x00, 0x00, 0x00, 0x00, 0x00, 0x00, 0x00,
    0x00, 0x00, 0x00, 0x00, 0x00, 0x00, 0x00, 0x00, 0x00, 0x00, 0x00, 0x00, 0x00, 0x00, 0x00, 0x00,
    0x00, 0x00, 0x00, 0x00, 0x00, 0x00, 0x00, 0x00, 0x00, 0x00, 0x00, 0x00, 0x00, 0x00, 0x00, 0x00,
    0x00, 0x00, 0x00, 0x00, 0x00, 0x00, 0x00, 0x00, 0x00, 0x00, 0x00, 0x00, 0x7f, 0x7f, 0x7f, 0x02,
    0x00, 0x00, 0x00, 0x00, 0xdf, 0x9f, 0x5f, 0x08, 0xe1, 0x96, 0x55, 0x5f, 0xdd, 0x94, 0x52, 0xec,
    0xdd, 0x95, 0x52, 0xff, 0xdb, 0x94, 0x51, 0xfd, 0xda, 0x93, 0x52, 0xfe, 0xdb, 0x94, 0x52, 0xff,
    0xdb, 0x94, 0x52, 0xff, 0xdb, 0x94, 0x52, 0xff, 0xdb, 0x94, 0x52, 0xff, 0xdb, 0x94, 0x52, 0xff,
    0xdc, 0x94, 0x52, 0xff, 0xe6, 0x99, 0x57, 0xff, 0xef, 0x9c, 0x5a, 0xff, 0xf7, 0xa1, 0x5f, 0xff,
    0xfa, 0xa2, 0x60, 0xff, 0xf8, 0xa2, 0x60, 0xff, 0xf8, 0xa2, 0x60, 0xff, 0xf8, 0xa2, 0x60, 0xff,
    0xf8, 0xa2, 0x60, 0xff, 0xf8, 0xa2, 0x60, 0xff, 0xf8, 0xa2, 0x60, 0xff, 0xf8, 0xa2, 0x60, 0xff,
    0xf8, 0xa2, 0x60, 0xff, 0xf8, 0xa2, 0x60, 0xff, 0xf8, 0xa2, 0x60, 0xff, 0xf8, 0xa2, 0x60, 0xff,
    0xf8, 0xa2, 0x60, 0xff, 0xf8, 0xa2, 0x60, 0xff, 0xf8, 0xa2, 0x60, 0xff, 0xf8, 0xa2, 0x60, 0xff,
    0xf8, 0xa2, 0x60, 0xff, 0xf8, 0xa2, 0x60, 0xff, 0xf8, 0xa2, 0x60, 0xff, 0xf8, 0xa2, 0x60, 0xff,
    0xf8, 0xa2, 0x60, 0xff, 0xf8, 0xa2, 0x60, 0xff, 0xf8, 0xa2, 0x60, 0xff, 0xf8, 0xa2, 0x60, 0xff,
    0xf8, 0xa2, 0x60, 0xff, 0xf8, 0xa2, 0x60, 0xff, 0xf8, 0xa2, 0x60, 0xff, 0xf8, 0xa2, 0x60, 0xff,
    0xf8, 0xa2, 0x60, 0xff, 0xf8, 0xa2, 0x60, 0xff, 0xf8, 0xa2, 0x60, 0xff, 0xf8, 0xa2, 0x60, 0xff,
    0xf8, 0xa2, 0x60, 0xff, 0xf8, 0xa2, 0x60, 0xff, 0xf8, 0xa2, 0x60, 0xff, 0xf8, 0xa2, 0x60, 0xff,
    0xf8, 0xa2, 0x60, 0xff, 0xf8, 0xa2, 0x60, 0xff, 0xf8, 0xa2, 0x60, 0xff, 0xf8, 0xa2, 0x60, 0xff,
    0xf8, 0xa2, 0x60, 0xff, 0xf8, 0xa2, 0x60, 0xff, 0xf8, 0xa2, 0x60, 0xff, 0xf8, 0xa2, 0x60, 0xff,
    0xf8, 0xa2, 0x60, 0xff, 0xf8, 0xa2, 0x60, 0xff, 0xf8, 0xa2, 0x60, 0xff, 0xf8, 0xa2, 0x60, 0xff,
    0xf8, 0xa2, 0x60, 0xff, 0xf8, 0xa2, 0x60, 0xff, 0xf8, 0xa2, 0x60, 0xff, 0xf8, 0xa2, 0x60, 0xff,
    0xf8, 0xa2, 0x60, 0xff, 0xf8, 0xa2, 0x60, 0xff, 0xf8, 0xa2, 0x60, 0xff, 0xf8, 0xa2, 0x60, 0xff,
    0xf8, 0xa2, 0x60, 0xff, 0xf8, 0xa2, 0x60, 0xff, 0xf8, 0xa2, 0x60, 0xff, 0xf8, 0xa2, 0x60, 0xff,
    0xf8, 0xa2, 0x60, 0xff, 0xf8, 0xa2, 0x60, 0xff, 0xf8, 0xa2, 0x60, 0xff, 0xf8, 0xa2, 0x60, 0xff,
    0xf8, 0xa2, 0x60, 0xff, 0xfa, 0xa2, 0x60, 0xff, 0xf7, 0xa1, 0x5f, 0xff, 0xef, 0x9c, 0x5a, 0xff,
    0xe6, 0x99, 0x57, 0xff, 0xdc, 0x94, 0x52, 0xff, 0xdb, 0x94, 0x52, 0xff, 0xdb, 0x94, 0x52, 0xff,
    0xdb, 0x94, 0x52, 0xff, 0xdb, 0x94, 0x52, 0xff, 0xdb, 0x94, 0x52, 0xff, 0xda, 0x93, 0x52, 0xfe,
    0xdb, 0x94, 0x51, 0xfd, 0xdd, 0x95, 0x52, 0xff, 0xdd, 0x94, 0x52, 0xec, 0xe1, 0x96, 0x55, 0x5f,
    0xdf, 0x9f, 0x5f, 0x08, 0x00, 0x00, 0x00, 0x00, 0x7f, 0x7f, 0x7f, 0x02, 0x00, 0x00, 0x00, 0x00,
    0x00, 0x00, 0x00, 0x00, 0x00, 0x00, 0x00, 0x00, 0x00, 0x00, 0x00, 0x00, 0x00, 0x00, 0x00, 0x00,
    0x00, 0x00, 0x00, 0x00, 0x00, 0x00, 0x00, 0x00, 0x00, 0x00, 0x00, 0x00, 0x00, 0x00, 0x00, 0x00,
    0x00, 0x00, 0x00, 0x00, 0x00, 0x00, 0x00, 0x00, 0x00, 0x00, 0x00, 0x00, 0x00, 0x00, 0x00, 0x00,
    0x00, 0x00, 0x00, 0x00, 0x00, 0x00, 0x00, 0x00, 0x00, 0x00, 0x00, 0x00, 0x00, 0x00, 0x00, 0x00,
    0x00, 0x00, 0x00, 0x00, 0x00, 0x00, 0x00, 0x00, 0x00, 0x00, 0x00, 0x00, 0x00, 0x00, 0x00, 0x00,
    0x00, 0x00, 0x00, 0x00, 0x00, 0x00, 0x00, 0x00, 0x00, 0x00, 0x00, 0x00, 0x00, 0x00, 0x00, 0x00,
    0x00, 0x00, 0x00, 0x00, 0x00, 0x00, 0x00, 0x00, 0x00, 0x00, 0x00, 0x00, 0x00, 0x00, 0x00, 0x00,
    0xff, 0xbf, 0x7f, 0x04, 0xd7, 0x8f, 0x4e, 0x27, 0xe0, 0x96, 0x52, 0xb7, 0xe3, 0x99, 0x55, 0xff,
    0xdf, 0x97, 0x53, 0xff, 0xdb, 0x93, 0x51, 0xf9, 0xdb, 0x94, 0x51, 0xfd, 0xdb, 0x94, 0x52, 0xff,
    0xdb, 0x94, 0x52, 0xff, 0xda, 0x94, 0x52, 0xff, 0xda, 0x93, 0x51, 0xff, 0xdc, 0x94, 0x52, 0xff,
    0xdd, 0x95, 0x53, 0xff, 0xe0, 0x96, 0x54, 0xff, 0xe7, 0x99, 0x57, 0xff, 0xed, 0x9c, 0x5a, 0xff,
    0xf3, 0x9f, 0x5d, 0xff, 0xf8, 0xa2, 0x60, 0xff, 0xfa, 0xa3, 0x61, 0xff, 0xf9, 0xa3, 0x61, 0xff,
    0xf9, 0xa2, 0x60, 0xff, 0xf9, 0xa2, 0x60, 0xff, 0xf8, 0xa2, 0x60, 0xff, 0xf8, 0xa2, 0x60, 0xff,
    0xf8, 0xa2, 0x60, 0xff, 0xf8, 0xa2, 0x60, 0xff, 0xf8, 0xa2, 0x60, 0xff, 0xf8, 0xa2, 0x60, 0xff,
    0xf8, 0xa2, 0x60, 0xff, 0xf8, 0xa2, 0x60, 0xff, 0xf8, 0xa2, 0x60, 0xff, 0xf8, 0xa2, 0x60, 0xff,
    0xf8, 0xa2, 0x60, 0xff, 0xf8, 0xa2, 0x60, 0xff, 0xf8, 0xa2, 0x60, 0xff, 0xf8, 0xa2, 0x60, 0xff,
    0xf8, 0xa2, 0x60, 0xff, 0xf8, 0xa2, 0x60, 0xff, 0xf8, 0xa2, 0x60, 0xff, 0xf8, 0xa2, 0x60, 0xff,
    0xf8, 0xa2, 0x60, 0xff, 0xf8, 0xa2, 0x60, 0xff, 0xf8, 0xa2, 0x60, 0xff, 0xf8, 0xa2, 0x60, 0xff,
    0xf8, 0xa2, 0x60, 0xff, 0xf8, 0xa2, 0x60, 0xff, 0xf8, 0xa2, 0x60, 0xff, 0xf8, 0xa2, 0x60, 0xff,
    0xf8, 0xa2, 0x60, 0xff, 0xf8, 0xa2, 0x60, 0xff, 0xf8, 0xa2, 0x60, 0xff, 0xf8, 0xa2, 0x60, 0xff,
    0xf8, 0xa2, 0x60, 0xff, 0xf8, 0xa2, 0x60, 0xff, 0xf8, 0xa2, 0x60, 0xff, 0xf8, 0xa2, 0x60, 0xff,
    0xf8, 0xa2, 0x60, 0xff, 0xf8, 0xa2, 0x60, 0xff, 0xf8, 0xa2, 0x60, 0xff, 0xf8, 0xa2, 0x60, 0xff,
    0xf8, 0xa2, 0x60, 0xff, 0xf8, 0xa2, 0x60, 0xff, 0xf8, 0xa2, 0x60, 0xff, 0xf8, 0xa2, 0x60, 0xff,
    0xf8, 0xa2, 0x60, 0xff, 0xf8, 0xa2, 0x60, 0xff, 0xf8, 0xa2, 0x60, 0xff, 0xf8, 0xa2, 0x60, 0xff,
    0xf8, 0xa2, 0x60, 0xff, 0xf8, 0xa2, 0x60, 0xff, 0xf8, 0xa2, 0x60, 0xff, 0xf8, 0xa2, 0x60, 0xff,
    0xf9, 0xa2, 0x60, 0xff, 0xf9, 0xa2, 0x60, 0xff, 0xf9, 0xa3, 0x61, 0xff, 0xfa, 0xa3, 0x61, 0xff,
    0xf8, 0xa2, 0x60, 0xff, 0xf3, 0x9f, 0x5d, 0xff, 0xed, 0x9c, 0x5a, 0xff, 0xe7, 0x99, 0x57, 0xff,
    0xe0, 0x96, 0x54, 0xff, 0xdd, 0x95, 0x53, 0xff, 0xdc, 0x94, 0x52, 0xff, 0xda, 0x93, 0x51, 0xff,
    0xda, 0x94, 0x52, 0xff, 0xdb, 0x94, 0x52, 0xff, 0xdb, 0x94, 0x52, 0xff, 0xdb, 0x94, 0x51, 0xfd,
    0xdb, 0x93, 0x51, 0xf9, 0xdf, 0x97, 0x53, 0xff, 0xe3, 0x99, 0x55, 0xff, 0xe0, 0x96, 0x52, 0xb7,
    0xd7, 0x8f, 0x4e, 0x27, 0xff, 0xbf, 0x7f, 0x04, 0x00, 0x00, 0x00, 0x00, 0x00, 0x00, 0x00, 0x00,
    0x00, 0x00, 0x00, 0x00, 0x00, 0x00, 0x00, 0x00, 0x00, 0x00, 0x00, 0x00, 0x00, 0x00, 0x00, 0x00,
    0x00, 0x00, 0x00, 0x00, 0x00, 0x00, 0x00, 0x00, 0x00, 0x00, 0x00, 0x00, 0x00, 0x00, 0x00, 0x00,
    0x00, 0x00, 0x00, 0x00, 0x00, 0x00, 0x00, 0x00, 0x00, 0x00, 0x00, 0x00, 0x00, 0x00, 0x00, 0x00,
    0x00, 0x00, 0x00, 0x00, 0x00, 0x00, 0x00, 0x00, 0x00, 0x00, 0x00, 0x00, 0x00, 0x00, 0x00, 0x00,
    0x00, 0x00, 0x00, 0x00, 0x00, 0x00, 0x00, 0x00, 0x00, 0x00, 0x00, 0x00, 0x00, 0x00, 0x00, 0x00,
    0x00, 0x00, 0x00, 0x00, 0x00, 0x00, 0x00, 0x00, 0x00, 0x00, 0x00, 0x00, 0x00, 0x00, 0x00, 0x00,
    0x00, 0x00, 0x00, 0x00, 0x00, 0x00, 0x00, 0x00, 0x00, 0x00, 0x00, 0x00, 0x00, 0x00, 0x00, 0x00,
    0x00, 0x00, 0x00, 0x00, 0xff, 0xff, 0x00, 0x01, 0x00, 0x00, 0x00, 0x00, 0x00, 0x00, 0x00, 0x00,
    0xe6, 0x9c, 0x52, 0x1f, 0xe1, 0x97, 0x52, 0x6f, 0xdf, 0x96, 0x52, 0xe2, 0xec, 0x9f, 0x58, 0xff,
    0xdc, 0x95, 0x53, 0xff, 0xdb, 0x94, 0x52, 0xf8, 0xdb, 0x93, 0x51, 0xfc, 0xdb, 0x94, 0x52, 0xff,
    0xdb, 0x94, 0x52, 0xff, 0xda, 0x94, 0x52, 0xff, 0xda, 0x94, 0x52, 0xff, 0xda, 0x93, 0x51, 0xff,
    0xdb, 0x94, 0x52, 0xff, 0xde, 0x95, 0x53, 0xff, 0xdf, 0x96, 0x54, 0xff, 0xe2, 0x97, 0x55, 0xff,
    0xe6, 0x98, 0x56, 0xff, 0xe9, 0x9a, 0x58, 0xff, 0xef, 0x9d, 0x5b, 0xff, 0xf1, 0x9d, 0x5b, 0xff,
    0xf4, 0x9f, 0x5d, 0xff, 0xf5, 0xa0, 0x5e, 0xff, 0xf5, 0xa0, 0x5e, 0xff, 0xf5, 0xa0, 0x5e, 0xff,
    0xf5, 0xa0, 0x5e, 0xff, 0xf5, 0xa0, 0x5e, 0xff, 0xf5, 0xa0, 0x5e, 0xff, 0xf5, 0xa0, 0x5e, 0xff,
    0xf5, 0xa0, 0x5e, 0xff, 0xf5, 0xa0, 0x5e, 0xff, 0xf5, 0xa0, 0x5e, 0xff, 0xf5, 0xa0, 0x5e, 0xff,
    0xf5, 0xa0, 0x5e, 0xff, 0xf5, 0xa0, 0x5e, 0xff, 0xf5, 0xa0, 0x5e, 0xff, 0xf5, 0xa0, 0x5e, 0xff,
    0xf5, 0xa0, 0x5e, 0xff, 0xf5, 0xa0, 0x5e, 0xff, 0xf5, 0xa0, 0x5e, 0xff, 0xf5, 0xa0, 0x5e, 0xff,
    0xf5, 0xa0, 0x5e, 0xff, 0xf5, 0xa0, 0x5e, 0xff, 0xf5, 0xa0, 0x5e, 0xff, 0xf5, 0xa0, 0x5e, 0xff,
    0xf5, 0xa0, 0x5e, 0xff, 0xf5, 0xa0, 0x5e, 0xff, 0xf5, 0xa0, 0x5e, 0xff, 0xf5, 0xa0, 0x5e, 0xff,
    0xf5, 0xa0, 0x5e, 0xff, 0xf5, 0xa0, 0x5e, 0xff, 0xf5, 0xa0, 0x5e, 0xff, 0xf5, 0xa0, 0x5e, 0xff,
    0xf5, 0xa0, 0x5e, 0xff, 0xf5, 0xa0, 0x5e, 0xff, 0xf5, 0xa0, 0x5e, 0xff, 0xf5, 0xa0, 0x5e, 0xff,
    0xf5, 0xa0, 0x5e, 0xff, 0xf5, 0xa0, 0x5e, 0xff, 0xf5, 0xa0, 0x5e, 0xff, 0xf5, 0xa0, 0x5e, 0xff,
    0xf5, 0xa0, 0x5e, 0xff, 0xf5, 0xa0, 0x5e, 0xff, 0xf5, 0xa0, 0x5e, 0xff, 0xf5, 0xa0, 0x5e, 0xff,
    0xf5, 0xa0, 0x5e, 0xff, 0xf5, 0xa0, 0x5e, 0xff, 0xf5, 0xa0, 0x5e, 0xff, 0xf5, 0xa0, 0x5e, 0xff,
    0xf5, 0xa0, 0x5e, 0xff, 0xf4, 0x9f, 0x5d, 0xff, 0xf1, 0x9d, 0x5b, 0xff, 0xef, 0x9d, 0x5b, 0xff,
    0xe9, 0x9a, 0x58, 0xff, 0xe6, 0x98, 0x56, 0xff, 0xe2, 0x97, 0x55, 0xff, 0xdf, 0x96, 0x54, 0xff,
    0xde, 0x95, 0x53, 0xff, 0xdb, 0x94, 0x52, 0xff, 0xda, 0x93, 0x51, 0xff, 0xda, 0x94, 0x52, 0xff,
    0xda, 0x94, 0x52, 0xff, 0xdb, 0x94, 0x52, 0xff, 0xdb, 0x94, 0x52, 0xff, 0xdb, 0x93, 0x51, 0xfc,
    0xdb, 0x94, 0x52, 0xf8, 0xdc, 0x95, 0x53, 0xff, 0xec, 0x9f, 0x58, 0xff, 0xdf, 0x96, 0x52, 0xe2,
    0xe1, 0x97, 0x52, 0x6f, 0xe6, 0x9c, 0x52, 0x1f, 0x00, 0x00, 0x00, 0x00, 0x00, 0x00, 0x00, 0x00,
    0xff, 0xff, 0x00, 0x01, 0x00, 0x00, 0x00, 0x00, 0x00, 0x00, 0x00, 0x00, 0x00, 0x00, 0x00, 0x00,
    0x00, 0x00, 0x00, 0x00, 0x00, 0x00, 0x00, 0x00, 0x00, 0x00, 0x00, 0x00, 0x00, 0x00, 0x00, 0x00,
    0x00, 0x00, 0x00, 0x00, 0x00, 0x00, 0x00, 0x00, 0x00, 0x00, 0x00, 0x00, 0x00, 0x00, 0x00, 0x00,
    0x00, 0x00, 0x00, 0x00, 0x00, 0x00, 0x00, 0x00, 0x00, 0x00, 0x00, 0x00, 0x00, 0x00, 0x00, 0x00,
    0x00, 0x00, 0x00, 0x00, 0x00, 0x00, 0x00, 0x00, 0x00, 0x00, 0x00, 0x00, 0x00, 0x00, 0x00, 0x00,
    0x00, 0x00, 0x00, 0x00, 0x00, 0x00, 0x00, 0x00, 0x00, 0x00, 0x00, 0x00, 0x00, 0x00, 0x00, 0x00,
    0x00, 0x00, 0x00, 0x00, 0x00, 0x00, 0x00, 0x00, 0x00, 0x00, 0x00, 0x00, 0x00, 0x00, 0x00, 0x00,
    0x00, 0x00, 0x00, 0x00, 0x00, 0x00, 0x00, 0x00, 0x00, 0x00, 0x00, 0x00, 0x00, 0x00, 0x00, 0x00,
    0xff, 0xff, 0x00, 0x01, 0xaa, 0xaa, 0x55, 0x03, 0x00, 0x00, 0x00, 0x00, 0xff, 0xb6, 0x6d, 0x07,
    0xde, 0x95, 0x50, 0x3f, 0xde, 0x93, 0x51, 0x8c, 0xdc, 0x93, 0x50, 0xea, 0xed, 0x9f, 0x58, 0xff,
    0xe0, 0x97, 0x54, 0xff, 0xdb, 0x94, 0x51, 0xf9, 0xda, 0x93, 0x52, 0xfb, 0xdb, 0x94, 0x52, 0xfd,
    0xdb, 0x94, 0x52, 0xff, 0xdb, 0x94, 0x52, 0xff, 0xdb, 0x94, 0x52, 0xff, 0xda, 0x93, 0x51, 0xff,
    0xd9, 0x93, 0x51, 0xff, 0xd9, 0x93, 0x51, 0xff, 0xdb, 0x93, 0x51, 0xff, 0xdc, 0x94, 0x52, 0xff,
    0xdf, 0x96, 0x54, 0xff, 0xe0, 0x96, 0x54, 0xff, 0xe2, 0x97, 0x55, 0xff, 0xe2, 0x97, 0x55, 0xff,
    0xe2, 0x97, 0x55, 0xff, 0xe2, 0x97, 0x55, 0xff, 0xe2, 0x97, 0x55, 0xff, 0xe2, 0x97, 0x55, 0xff,
    0xe2, 0x97, 0x55, 0xff, 0xe2, 0x97, 0x55, 0xff, 0xe2, 0x97, 0x55, 0xff, 0xe2, 0x97, 0x55, 0xff,
    0xe2, 0x97, 0x55, 0xff, 0xe2, 0x97, 0x55, 0xff, 0xe2, 0x97, 0x55, 0xff, 0xe2, 0x97, 0x55, 0xff,
    0xe2, 0x97, 0x55, 0xff, 0xe2, 0x97, 0x55, 0xff, 0xe2, 0x97, 0x55, 0xff, 0xe2, 0x97, 0x55, 0xff,
    0xe2, 0x97, 0x55, 0xff, 0xe2, 0x97, 0x55, 0xff, 0xe2, 0x97, 0x55, 0xff, 0xe2, 0x97, 0x55, 0xff,
    0xe2, 0x97, 0x55, 0xff, 0xe2, 0x97, 0x55, 0xff, 0xe2, 0x97, 0x55, 0xff, 0xe2, 0x97, 0x55, 0xff,
    0xe2, 0x97, 0x55, 0xff, 0xe2, 0x97, 0x55, 0xff, 0xe2, 0x97, 0x55, 0xff, 0xe2, 0x97, 0x55, 0xff,
    0xe2, 0x97, 0x55, 0xff, 0xe2, 0x97, 0x55, 0xff, 0xe2, 0x97, 0x55, 0xff, 0xe2, 0x97, 0x55, 0xff,
    0xe2, 0x97, 0x55, 0xff, 0xe2, 0x97, 0x55, 0xff, 0xe2, 0x97, 0x55, 0xff, 0xe2, 0x97, 0x55, 0xff,
    0xe2, 0x97, 0x55, 0xff, 0xe2, 0x97, 0x55, 0xff, 0xe2, 0x97, 0x55, 0xff, 0xe2, 0x97, 0x55, 0xff,
    0xe2, 0x97, 0x55, 0xff, 0xe2, 0x97, 0x55, 0xff, 0xe2, 0x97, 0x55, 0xff, 0xe2, 0x97, 0x55, 0xff,
    0xe2, 0x97, 0x55, 0xff, 0xe2, 0x97, 0x55, 0xff, 0xe2, 0x97, 0x55, 0xff, 0xe2, 0x97, 0x55, 0xff,
    0xe0, 0x96, 0x54, 0xff, 0xdf, 0x96, 0x54, 0xff, 0xdc, 0x94, 0x52, 0xff, 0xdb, 0x93, 0x51, 0xff,
    0xd9, 0x93, 0x51, 0xff, 0xd9, 0x93, 0x51, 0xff, 0xda, 0x93, 0x51, 0xff, 0xdb, 0x94, 0x52, 0xff,
    0xdb, 0x94, 0x52, 0xff, 0xdb, 0x94, 0x52, 0xff, 0xdb, 0x94, 0x52, 0xfd, 0xda, 0x93, 0x52, 0xfb,
    0xdb, 0x94, 0x51, 0xf9, 0xe0, 0x97, 0x54, 0xff, 0xed, 0x9f, 0x58, 0xff, 0xdc, 0x93, 0x50, 0xea,
    0xde, 0x93, 0x51, 0x8c, 0xde, 0x95, 0x50, 0x3f, 0xff, 0xb6, 0x6d, 0x07, 0x00, 0x00, 0x00, 0x00,
    0xaa, 0xaa, 0x55, 0x03, 0xff, 0xff, 0x00, 0x01, 0x00, 0x00, 0x00, 0x00, 0x00, 0x00, 0x00, 0x00,
    0x00, 0x00, 0x00, 0x00, 0x00, 0x00, 0x00, 0x00, 0x00, 0x00, 0x00, 0x00, 0x00, 0x00, 0x00, 0x00,
    0x00, 0x00, 0x00, 0x00, 0x00, 0x00, 0x00, 0x00, 0x00, 0x00, 0x00, 0x00, 0x00, 0x00, 0x00, 0x00,
    0x00, 0x00, 0x00, 0x00, 0x00, 0x00, 0x00, 0x00, 0x00, 0x00, 0x00, 0x00, 0x00, 0x00, 0x00, 0x00,
    0x00, 0x00, 0x00, 0x00, 0x00, 0x00, 0x00, 0x00, 0x00, 0x00, 0x00, 0x00, 0x00, 0x00, 0x00, 0x00,
    0x00, 0x00, 0x00, 0x00, 0x00, 0x00, 0x00, 0x00, 0x00, 0x00, 0x00, 0x00, 0x00, 0x00, 0x00, 0x00,
    0x00, 0x00, 0x00, 0x00, 0x00, 0x00, 0x00, 0x00, 0x00, 0x00, 0x00, 0x00, 0x00, 0x00, 0x00, 0x00,
    0x00, 0x00, 0x00, 0x00, 0x00, 0x00, 0x00, 0x00, 0x00, 0x00, 0x00, 0x00, 0x00, 0x00, 0x00, 0x00,
    0x00, 0x00, 0x00, 0x00, 0x00, 0x00, 0x00, 0x00, 0x00, 0x00, 0x00, 0x00, 0x00, 0x00, 0x00, 0x00,
    0xbf, 0x7f, 0x3f, 0x04, 0x00, 0x00, 0x00, 0x00, 0x00, 0x00, 0x00, 0x00, 0xff, 0xa2, 0x5c, 0x0b,
    0xde, 0x94, 0x50, 0x56, 0xdb, 0x93, 0x50, 0x95, 0xdb, 0x93, 0x51, 0xe0, 0xed, 0x9f, 0x58, 0xff,
    0xe6, 0x9c, 0x56, 0xff, 0xdd, 0x95, 0x53, 0xff, 0xda, 0x93, 0x51, 0xfa, 0xda, 0x93, 0x52, 0xfb,
    0xdb, 0x94, 0x51, 0xfd, 0xdb, 0x94, 0x52, 0xfe, 0xdb, 0x94, 0x52, 0xff, 0xdc, 0x94, 0x52, 0xff,
    0xdb, 0x94, 0x52, 0xff, 0xdb, 0x94, 0x52, 0xff, 0xda, 0x93, 0x51, 0xff, 0xd9, 0x93, 0x51, 0xff,
    0xd9, 0x93, 0x51, 0xff, 0xd9, 0x93, 0x51, 0xff, 0xd9, 0x93, 0x51, 0xff, 0xd9, 0x93, 0x51, 0xff,
    0xd9, 0x93, 0x51, 0xff, 0xd9, 0x93, 0x51, 0xff, 0xd9, 0x93, 0x51, 0xff, 0xd9, 0x93, 0x51, 0xff,
    0xd9, 0x93, 0x51, 0xff, 0xd9, 0x93, 0x51, 0xff, 0xd9, 0x93, 0x51, 0xff, 0xd9, 0x93, 0x51, 0xff,
    0xd9, 0x93, 0x51, 0xff, 0xd9, 0x93, 0x51, 0xff, 0xd9, 0x93, 0x51, 0xff, 0xd9, 0x93, 0x51, 0xff,
    0xd9, 0x93, 0x51, 0xff, 0xd9, 0x93, 0x51, 0xff, 0xd9, 0x93, 0x51, 0xff, 0xd9, 0x93, 0x51, 0xff,
    0xd9, 0x93, 0x51, 0xff, 0xd9, 0x93, 0x51, 0xff, 0xd9, 0x93, 0x51, 0xff, 0xd9, 0x93, 0x51, 0xff,
    0xd9, 0x93, 0x51, 0xff, 0xd9, 0x93, 0x51, 0xff, 0xd9, 0x93, 0x51, 0xff, 0xd9, 0x93, 0x51, 0xff,
    0xd9, 0x93, 0x51, 0xff, 0xd9, 0x93, 0x51, 0xff, 0xd9, 0x93, 0x51, 0xff, 0xd9, 0x93, 0x51, 0xff,
    0xd9, 0x93, 0x51, 0xff, 0xd9, 0x93, 0x51, 0xff, 0xd9, 0x93, 0x51, 0xff, 0xd9, 0x93, 0x51, 0xff,
    0xd9, 0x93, 0x51, 0xff, 0xd9, 0x93, 0x51, 0xff, 0xd9, 0x93, 0x51, 0xff, 0xd9, 0x93, 0x51, 0xff,
    0xd9, 0x93, 0x51, 0xff, 0xd9, 0x93, 0x51, 0xff, 0xd9, 0x93, 0x51, 0xff, 0xd9, 0x93, 0x51, 0xff,
    0xd9, 0x93, 0x51, 0xff, 0xd9, 0x93, 0x51, 0xff, 0xd9, 0x93, 0x51, 0xff, 0xd9, 0x93, 0x51, 0xff,
    0xd9, 0x93, 0x51, 0xff, 0xd9, 0x93, 0x51, 0xff, 0xd9, 0x93, 0x51, 0xff, 0xda, 0x93, 0x51, 0xff,
    0xdb, 0x94, 0x52, 0xff, 0xdb, 0x94, 0x52, 0xff, 0xdc, 0x94, 0x52, 0xff, 0xdb, 0x94, 0x52, 0xff,
    0xdb, 0x94, 0x52, 0xfe, 0xdb, 0x94, 0x51, 0xfd, 0xda, 0x93, 0x52, 0xfb, 0xda, 0x93, 0x51, 0xfa,
    0xdd, 0x95, 0x53, 0xff, 0xe6, 0x9c, 0x56, 0xff, 0xed, 0x9f, 0x58, 0xff, 0xdb, 0x93, 0x51, 0xe0,
    0xdb, 0x93, 0x50, 0x95, 0xde, 0x94, 0x50, 0x56, 0xff, 0xa2, 0x5c, 0x0b, 0x00, 0x00, 0x00, 0x00,
    0x00, 0x00, 0x00, 0x00, 0xbf, 0x7f, 0x3f, 0x04, 0x00, 0x00, 0x00, 0x00, 0x00, 0x00, 0x00, 0x00,
    0x00, 0x00, 0x00, 0x00, 0x00, 0x00, 0x00, 0x00, 0x00, 0x00, 0x00, 0x00, 0x00, 0x00, 0x00, 0x00,
    0x00, 0x00, 0x00, 0x00, 0x00, 0x00, 0x00, 0x00, 0x00, 0x00, 0x00, 0x00, 0x00, 0x00, 0x00, 0x00,
    0x00, 0x00, 0x00, 0x00, 0x00, 0x00, 0x00, 0x00, 0x00, 0x00, 0x00, 0x00, 0x00, 0x00, 0x00, 0x00,
    0x00, 0x00, 0x00, 0x00, 0x00, 0x00, 0x00, 0x00, 0x00, 0x00, 0x00, 0x00, 0x00, 0x00, 0x00, 0x00,
    0x00, 0x00, 0x00, 0x00, 0x00, 0x00, 0x00, 0x00, 0x00, 0x00, 0x00, 0x00, 0x00, 0x00, 0x00, 0x00,
    0x00, 0x00, 0x00, 0x00, 0x00, 0x00, 0x00, 0x00, 0x00, 0x00, 0x00, 0x00, 0x00, 0x00, 0x00, 0x00,
    0x00, 0x00, 0x00, 0x00, 0x00, 0x00, 0x00, 0x00, 0x00, 0x00, 0x00, 0x00, 0x00, 0x00, 0x00, 0x00,
    0x00, 0x00, 0x00, 0x00, 0x00, 0x00, 0x00, 0x00, 0x00, 0x00, 0x00, 0x00, 0x00, 0x00, 0x00, 0x00,
    0x00, 0x00, 0x00, 0x00, 0x00, 0x00, 0x00, 0x00, 0x00, 0x00, 0x00, 0x00, 0xff, 0xff, 0x00, 0x01,
    0xd4, 0x7f, 0x55, 0x06, 0xff, 0xff, 0x00, 0x01, 0x00, 0x00, 0x00, 0x00, 0x00, 0x00, 0x00, 0x01,
    0xdd, 0x96, 0x52, 0x5a, 0xdc, 0x93, 0x51, 0x9d, 0xdb, 0x95, 0x52, 0xd2, 0xdc, 0x94, 0x52, 0xfa,
    0xed, 0xa0, 0x59, 0xff, 0xe8, 0x9d, 0x57, 0xff, 0xdf, 0x96, 0x54, 0xff, 0xda, 0x93, 0x52, 0xfe,
    0xdb, 0x94, 0x52, 0xfb, 0xdb, 0x93, 0x51, 0xfc, 0xdb, 0x94, 0x51, 0xfd, 0xda, 0x93, 0x52, 0xfe,
    0xdb, 0x94, 0x52, 0xfe, 0xdb, 0x94, 0x52, 0xff, 0xdc, 0x94, 0x52, 0xff, 0xdc, 0x94, 0x52, 0xff,
    0xdc, 0x94, 0x52, 0xff, 0xdc, 0x94, 0x52, 0xff, 0xdc, 0x94, 0x52, 0xff, 0xdc, 0x94, 0x52, 0xff,
    0xdc, 0x94, 0x52, 0xff, 0xdc, 0x94, 0x52, 0xff, 0xdc, 0x94, 0x52, 0xff, 0xdc, 0x94, 0x52, 0xff,
    0xdc, 0x94, 0x52, 0xff, 0xdc, 0x94, 0x52, 0xff, 0xdc, 0x94, 0x52, 0xff, 0xdc, 0x94, 0x52, 0xff,
    0xdc, 0x94, 0x52, 0xff, 0xdc, 0x94, 0x52, 0xff, 0xdc, 0x94, 0x52, 0xff, 0xdc, 0x94, 0x52, 0xff,
    0xdc, 0x94, 0x52, 0xff, 0xdc, 0x94, 0x52, 0xff, 0xdc, 0x94, 0x52, 0xff, 0xdc, 0x94, 0x52, 0xff,
    0xdc, 0x94, 0x52, 0xff, 0xdc, 0x94, 0x52, 0xff, 0xdc, 0x94, 0x52, 0xff, 0xdc, 0x94, 0x52, 0xff,
    0xdc, 0x94, 0x52, 0xff, 0xdc, 0x94, 0x52, 0xff, 0xdc, 0x94, 0x52, 0xff, 0xdc, 0x94, 0x52, 0xff,
    0xdc, 0x94, 0x52, 0xff, 0xdc, 0x94, 0x52, 0xff, 0xdc, 0x94, 0x52, 0xff, 0xdc, 0x94, 0x52, 0xff,
    0xdc, 0x94, 0x52, 0xff, 0xdc, 0x94, 0x52, 0xff, 0xdc, 0x94, 0x52, 0xff, 0xdc, 0x94, 0x52, 0xff,
    0xdc, 0x94, 0x52, 0xff, 0xdc, 0x94, 0x52, 0xff, 0xdc, 0x94, 0x52, 0xff, 0xdc, 0x94, 0x52, 0xff,
    0xdc, 0x94, 0x52, 0xff, 0xdc, 0x94, 0x52, 0xff, 0xdc, 0x94, 0x52, 0xff, 0xdc, 0x94, 0x52, 0xff,
    0xdc, 0x94, 0x52, 0xff, 0xdc, 0x94, 0x52, 0xff, 0xdc, 0x94, 0x52, 0xff, 0xdc, 0x94, 0x52, 0xff,
    0xdb, 0x94, 0x52, 0xff, 0xdb, 0x94, 0x52, 0xfe, 0xda, 0x93, 0x52, 0xfe, 0xdb, 0x94, 0x51, 0xfd,
    0xdb, 0x93, 0x51, 0xfc, 0xdb, 0x94, 0x52, 0xfb, 0xda, 0x93, 0x52, 0xfe, 0xdf, 0x96, 0x54, 0xff,
    0xe8, 0x9d, 0x57, 0xff, 0xed, 0xa0, 0x59, 0xff, 0xdc, 0x94, 0x52, 0xfa, 0xdb, 0x95, 0x52, 0xd2,
    0xdc, 0x93, 0x51, 0x9d, 0xdd, 0x96, 0x52, 0x5a, 0x00, 0x00, 0x00, 0x01, 0x00, 0x00, 0x00, 0x00,
    0xff, 0xff, 0x00, 0x01, 0xd4, 0x7f, 0x55, 0x06, 0xff, 0xff, 0x00, 0x01, 0x00, 0x00, 0x00, 0x00,
    0x00, 0x00, 0x00, 0x00, 0x00, 0x00, 0x00, 0x00, 0x00, 0x00, 0x00, 0x00, 0x00, 0x00, 0x00, 0x00,
    0x00, 0x00, 0x00, 0x00, 0x00, 0x00, 0x00, 0x00, 0x00, 0x00, 0x00, 0x00, 0x00, 0x00, 0x00, 0x00,
    0x00, 0x00, 0x00, 0x00, 0x00, 0x00, 0x00, 0x00, 0x00, 0x00, 0x00, 0x00, 0x00, 0x00, 0x00, 0x00,
    0x00, 0x00, 0x00, 0x00, 0x00, 0x00, 0x00, 0x00, 0x00, 0x00, 0x00, 0x00, 0x00, 0x00, 0x00, 0x00,
    0x00, 0x00, 0x00, 0x00, 0x00, 0x00, 0x00, 0x00, 0x00, 0x00, 0x00, 0x00, 0x00, 0x00, 0x00, 0x00,
    0x00, 0x00, 0x00, 0x00, 0x00, 0x00, 0x00, 0x00, 0x00, 0x00, 0x00, 0x00, 0x00, 0x00, 0x00, 0x00,
    0x00, 0x00, 0x00, 0x00, 0x00, 0x00, 0x00, 0x00, 0x00, 0x00, 0x00, 0x00, 0x00, 0x00, 0x00, 0x00,
    0x00, 0x00, 0x00, 0x00, 0x00, 0x00, 0x00, 0x00, 0x00, 0x00, 0x00, 0x00, 0x00, 0x00, 0x00, 0x00,
    0x00, 0x00, 0x00, 0x00, 0x00, 0x00, 0x00, 0x00, 0x00, 0x00, 0x00, 0x00, 0x00, 0x00, 0x00, 0x00,
    0x00, 0x00, 0x00, 0x00, 0x00, 0x00, 0x00, 0x00, 0x00, 0x00, 0x00, 0x00, 0x7f, 0x7f, 0x00, 0x02,
    0xd4, 0x7f, 0x55, 0x06, 0xbf, 0x7f, 0x7f, 0x04, 0x00, 0x00, 0x00, 0x00, 0x00, 0x00, 0x00, 0x00,
    0xe3, 0x99, 0x56, 0x41, 0xde, 0x97, 0x53, 0x8c, 0xdb, 0x94, 0x51, 0xc4, 0xdc, 0x95, 0x53, 0xe0,
    0xdc, 0x94, 0x52, 0xf8, 0xe4, 0x9a, 0x56, 0xff, 0xea, 0x9e, 0x58, 0xff, 0xe6, 0x9c, 0x56, 0xff,
    0xe2, 0x99, 0x55, 0xff, 0xe0, 0x98, 0x54, 0xff, 0xde, 0x96, 0x53, 0xff, 0xdc, 0x95, 0x53, 0xff,
    0xdb, 0x94, 0x52, 0xff, 0xdb, 0x94, 0x52, 0xff, 0xdb, 0x94, 0x52, 0xff, 0xdb, 0x94, 0x52, 0xff,
    0xdb, 0x94, 0x52, 0xff, 0xdb, 0x94, 0x52, 0xff, 0xdb, 0x94, 0x52, 0xff, 0xdb, 0x94, 0x52, 0xff,
    0xdb, 0x94, 0x52, 0xff, 0xdb, 0x94, 0x52, 0xff, 0xdb, 0x94, 0x52, 0xff, 0xdb, 0x94, 0x52, 0xff,
    0xdb, 0x94, 0x52, 0xff, 0xdb, 0x94, 0x52, 0xff, 0xdb, 0x94, 0x52, 0xff, 0xdb, 0x94, 0x52, 0xff,
    0xdb, 0x94, 0x52, 0xff, 0xdb, 0x94, 0x52, 0xff, 0xdb, 0x94, 0x52, 0xff, 0xdb, 0x94, 0x52, 0xff,
    0xdb, 0x94, 0x52, 0xff, 0xdb, 0x94, 0x52, 0xff, 0xdb, 0x94, 0x52, 0xff, 0xdb, 0x94, 0x52, 0xff,
    0xdb, 0x94, 0x52, 0xff, 0xdb, 0x94, 0x52, 0xff, 0xdb, 0x94, 0x52, 0xff, 0xdb, 0x94, 0x52, 0xff,
    0xdb, 0x94, 0x52, 0xff, 0xdb, 0x94, 0x52, 0xff, 0xdb, 0x94, 0x52, 0xff, 0xdb, 0x94, 0x52, 0xff,
    0xdb, 0x94, 0x52, 0xff, 0xdb, 0x94, 0x52, 0xff, 0xdb, 0x94, 0x52, 0xff, 0xdb, 0x94, 0x52, 0xff,
    0xdb, 0x94, 0x52, 0xff, 0xdb, 0x94, 0x52, 0xff, 0xdb, 0x94, 0x52, 0xff, 0xdb, 0x94, 0x52, 0xff,
    0xdb, 0x94, 0x52, 0xff, 0xdb, 0x94, 0x52, 0xff, 0xdb, 0x94, 0x52, 0xff, 0xdb, 0x94, 0x52, 0xff,
    0xdb, 0x94, 0x52, 0xff, 0xdb, 0x94, 0x52, 0xff, 0xdb, 0x94, 0x52, 0xff, 0xdb, 0x94, 0x52, 0xff,
    0xdb, 0x94, 0x52, 0xff, 0xdb, 0x94, 0x52, 0xff, 0xdc, 0x95, 0x53, 0xff, 0xde, 0x96, 0x53, 0xff,
    0xe0, 0x98, 0x54, 0xff, 0xe2, 0x99, 0x55, 0xff, 0xe6, 0x9c, 0x56, 0xff, 0xea, 0x9e, 0x58, 0xff,
    0xe4, 0x9a, 0x56, 0xff, 0xdc, 0x94, 0x52, 0xf8, 0xdc, 0x95, 0x53, 0xe0, 0xdb, 0x94, 0x51, 0xc4,
    0xde, 0x97, 0x53, 0x8c, 0xe3, 0x99, 0x56, 0x41, 0x00, 0x00, 0x00, 0x00, 0x00, 0x00, 0x00, 0x00,
    0xbf, 0x7f, 0x7f, 0x04, 0xd4, 0x7f, 0x55, 0x06, 0x7f, 0x7f, 0x00, 0x02, 0x00, 0x00, 0x00, 0x00,
    0x00, 0x00, 0x00, 0x00, 0x00, 0x00, 0x00, 0x00, 0x00, 0x00, 0x00, 0x00, 0x00, 0x00, 0x00, 0x00,
    0x00, 0x00, 0x00, 0x00, 0x00, 0x00, 0x00, 0x00, 0x00, 0x00, 0x00, 0x00, 0x00, 0x00, 0x00, 0x00,
    0x00, 0x00, 0x00, 0x00, 0x00, 0x00, 0x00, 0x00, 0x00, 0x00, 0x00, 0x00, 0x00, 0x00, 0x00, 0x00,
    0x00, 0x00, 0x00, 0x00, 0x00, 0x00, 0x00, 0x00, 0x00, 0x00, 0x00, 0x00, 0x00, 0x00, 0x00, 0x00,
    0x00, 0x00, 0x00, 0x00, 0x00, 0x00, 0x00, 0x00, 0x00, 0x00, 0x00, 0x00, 0x00, 0x00, 0x00, 0x00,
    0x00, 0x00, 0x00, 0x00, 0x00, 0x00, 0x00, 0x00, 0x00, 0x00, 0x00, 0x00, 0x00, 0x00, 0x00, 0x00,
    0x00, 0x00, 0x00, 0x00, 0x00, 0x00, 0x00, 0x00, 0x00, 0x00, 0x00, 0x00, 0x00, 0x00, 0x00, 0x00,
    0x00, 0x00, 0x00, 0x00, 0x00, 0x00, 0x00, 0x00, 0x00, 0x00, 0x00, 0x00, 0x00, 0x00, 0x00, 0x00,
    0x00, 0x00, 0x00, 0x00, 0x00, 0x00, 0x00, 0x00, 0x00, 0x00, 0x00, 0x00, 0x00, 0x00, 0x00, 0x00,
    0x00, 0x00, 0x00, 0x00, 0x00, 0x00, 0x00, 0x00, 0x00, 0x00, 0x00, 0x00, 0x00, 0x00, 0x00, 0x00,
    0x00, 0x00, 0x00, 0x00, 0x00, 0x00, 0x00, 0x00, 0x00, 0x00, 0x00, 0x00, 0xff, 0x00, 0x00, 0x01,
    0xbf, 0x7f, 0x3f, 0x04, 0xcc, 0x99, 0x66, 0x05, 0x00, 0x00, 0x00, 0x00, 0x00, 0x00, 0x00, 0x00,
    0x00, 0x00, 0x00, 0x00, 0xde, 0x91, 0x50, 0x3f, 0xe1, 0x94, 0x53, 0x89, 0xdc, 0x94, 0x53, 0xbb,
    0xdb, 0x93, 0x52, 0xd6, 0xdc, 0x94, 0x52, 0xe3, 0xdb, 0x93, 0x51, 0xed, 0xdc, 0x94, 0x51, 0xf1,
    0xdb, 0x93, 0x51, 0xf7, 0xdb, 0x94, 0x52, 0xfb, 0xdb, 0x94, 0x52, 0xfe, 0xdb, 0x94, 0x52, 0xff,
    0xdb, 0x94, 0x52, 0xff, 0xdb, 0x94, 0x52, 0xff, 0xdb, 0x94, 0x52, 0xff, 0xdb, 0x94, 0x52, 0xff,
    0xdb, 0x94, 0x52, 0xff, 0xdb, 0x94, 0x52, 0xff, 0xdb, 0x94, 0x52, 0xff, 0xdb, 0x94, 0x52, 0xff,
    0xdb, 0x94, 0x52, 0xff, 0xdb, 0x94, 0x52, 0xff, 0xdb, 0x94, 0x52, 0xff, 0xdb, 0x94, 0x52, 0xff,
    0xdb, 0x94, 0x52, 0xff, 0xdb, 0x94, 0x52, 0xff, 0xdb, 0x94, 0x52, 0xff, 0xdb, 0x94, 0x52, 0xff,
    0xdb, 0x94, 0x52, 0xff, 0xdb, 0x94, 0x52, 0xff, 0xdb, 0x94, 0x52, 0xff, 0xdb, 0x94, 0x52, 0xff,
    0xdb, 0x94, 0x52, 0xff, 0xdb, 0x94, 0x52, 0xff, 0xdb, 0x94, 0x52, 0xff, 0xdb, 0x94, 0x52, 0xff,
    0xdb, 0x94, 0x52, 0xff, 0xdb, 0x94, 0x52, 0xff, 0xdb, 0x94, 0x52, 0xff, 0xdb, 0x94, 0x52, 0xff,
    0xdb, 0x94, 0x52, 0xff, 0xdb, 0x94, 0x52, 0xff, 0xdb, 0x94, 0x52, 0xff, 0xdb, 0x94, 0x52, 0xff,
    0xdb, 0x94, 0x52, 0xff, 0xdb, 0x94, 0x52, 0xff, 0xdb, 0x94, 0x52, 0xff, 0xdb, 0x94, 0x52, 0xff,
    0xdb, 0x94, 0x52, 0xff, 0xdb, 0x94, 0x52, 0xff, 0xdb, 0x94, 0x52, 0xff, 0xdb, 0x94, 0x52, 0xff,
    0xdb, 0x94, 0x52, 0xff, 0xdb, 0x94, 0x52, 0xff, 0xdb, 0x94, 0x52, 0xff, 0xdb, 0x94, 0x52, 0xff,
    0xdb, 0x94, 0x52, 0xff, 0xdb, 0x94, 0x52, 0xff, 0xdb, 0x94, 0x52, 0xff, 0xdb, 0x94, 0x52, 0xfe,
    0xdb, 0x94, 0x52, 0xfb, 0xdb, 0x93, 0x51, 0xf7, 0xdc, 0x94, 0x51, 0xf1, 0xdb, 0x93, 0x51, 0xed,
    0xdc, 0x94, 0x52, 0xe3, 0xdb, 0x93, 0x52, 0xd6, 0xdc, 0x94, 0x53, 0xbb, 0xe1, 0x94, 0x53, 0x89,
    0xde, 0x91, 0x50, 0x3f, 0x00, 0x00, 0x00, 0x00, 0x00, 0x00, 0x00, 0x00, 0x00, 0x00, 0x00, 0x00,
    0xcc, 0x99, 0x66, 0x05, 0xbf, 0x7f, 0x3f, 0x04, 0xff, 0x00, 0x00, 0x01, 0x00, 0x00, 0x00, 0x00,
    0x00, 0x00, 0x00, 0x00, 0x00, 0x00, 0x00, 0x00, 0x00, 0x00, 0x00, 0x00, 0x00, 0x00, 0x00, 0x00,
    0x00, 0x00, 0x00, 0x00, 0x00, 0x00, 0x00, 0x00, 0x00, 0x00, 0x00, 0x00, 0x00, 0x00, 0x00, 0x00,
    0x00, 0x00, 0x00, 0x00, 0x00, 0x00, 0x00, 0x00, 0x00, 0x00, 0x00, 0x00, 0x00, 0x00, 0x00, 0x00,
    0x00, 0x00, 0x00, 0x00, 0x00, 0x00, 0x00, 0x00, 0x00, 0x00, 0x00, 0x00, 0x00, 0x00, 0x00, 0x00,
    0x00, 0x00, 0x00, 0x00, 0x00, 0x00, 0x00, 0x00, 0x00, 0x00, 0x00, 0x00, 0x00, 0x00, 0x00, 0x00,
    0x00, 0x00, 0x00, 0x00, 0x00, 0x00, 0x00, 0x00, 0x00, 0x00, 0x00, 0x00, 0x00, 0x00, 0x00, 0x00,
    0x00, 0x00, 0x00, 0x00, 0x00, 0x00, 0x00, 0x00, 0x00, 0x00, 0x00, 0x00, 0x00, 0x00, 0x00, 0x00,
    0x00, 0x00, 0x00, 0x00, 0x00, 0x00, 0x00, 0x00, 0x00, 0x00, 0x00, 0x00, 0x00, 0x00, 0x00, 0x00,
    0x00, 0x00, 0x00, 0x00, 0x00, 0x00, 0x00, 0x00, 0x00, 0x00, 0x00, 0x00, 0x00, 0x00, 0x00, 0x00,
    0x00, 0x00, 0x00, 0x00, 0x00, 0x00, 0x00, 0x00, 0x00, 0x00, 0x00, 0x00, 0x00, 0x00, 0x00, 0x00,
    0x00, 0x00, 0x00, 0x00, 0x00, 0x00, 0x00, 0x00, 0x00, 0x00, 0x00, 0x00, 0x00, 0x00, 0x00, 0x00,
    0x00, 0x00, 0x00, 0x00, 0x00, 0x00, 0x00, 0x00, 0x00, 0x00, 0x00, 0x00, 0x00, 0x00, 0x00, 0x00,
    0xff, 0xff, 0x00, 0x01, 0xff, 0x7f, 0x7f, 0x02, 0xff, 0x7f, 0x7f, 0x02, 0x00, 0x00, 0x00, 0x00,
    0x00, 0x00, 0x00, 0x00, 0x00, 0x00, 0x00, 0x00, 0xe2, 0xaa, 0x71, 0x09, 0xe1, 0x99, 0x55, 0x4e,
    0xe1, 0x96, 0x53, 0x89, 0xe0, 0x95, 0x51, 0xa6, 0xdf, 0x94, 0x50, 0xcd, 0xdc, 0x94, 0x52, 0xe6,
    0xdb, 0x94, 0x52, 0xfb, 0xdc, 0x95, 0x53, 0xff, 0xdb, 0x94, 0x52, 0xfe, 0xdb, 0x94, 0x52, 0xff,
    0xdb, 0x94, 0x52, 0xff, 0xdb, 0x94, 0x52, 0xff, 0xdb, 0x94, 0x52, 0xff, 0xdb, 0x94, 0x52, 0xff,
    0xdb, 0x94, 0x52, 0xff, 0xdb, 0x94, 0x52, 0xff, 0xdb, 0x94, 0x52, 0xff, 0xdb, 0x94, 0x52, 0xff,
    0xdb, 0x94, 0x52, 0xff, 0xdb, 0x94, 0x52, 0xff, 0xdb, 0x94, 0x52, 0xff, 0xdb, 0x94, 0x52, 0xff,
    0xdb, 0x94, 0x52, 0xff, 0xdb, 0x94, 0x52, 0xff, 0xdb, 0x94, 0x52, 0xff, 0xdb, 0x94, 0x52, 0xff,
    0xdb, 0x94, 0x52, 0xff, 0xdb, 0x94, 0x52, 0xff, 0xdb, 0x94, 0x52, 0xff, 0xdb, 0x94, 0x52, 0xff,
    0xdb, 0x94, 0x52, 0xff, 0xdb, 0x94, 0x52, 0xff, 0xdb, 0x94, 0x52, 0xff, 0xdb, 0x94, 0x52, 0xff,
    0xdb, 0x94, 0x52, 0xff, 0xdb, 0x94, 0x52, 0xff, 0xdb, 0x94, 0x52, 0xff, 0xdb, 0x94, 0x52, 0xff,
    0xdb, 0x94, 0x52, 0xff, 0xdb, 0x94, 0x52, 0xff, 0xdb, 0x94, 0x52, 0xff, 0xdb, 0x94, 0x52, 0xff,
    0xdb, 0x94, 0x52, 0xff, 0xdb, 0x94, 0x52, 0xff, 0xdb, 0x94, 0x52, 0xff, 0xdb, 0x94, 0x52, 0xff,
    0xdb, 0x94, 0x52, 0xff, 0xdb, 0x94, 0x52, 0xff, 0xdb, 0x94, 0x52, 0xff, 0xdb, 0x94, 0x52, 0xff,
    0xdb, 0x94, 0x52, 0xff, 0xdb, 0x94, 0x52, 0xff, 0xdb, 0x94, 0x52, 0xff, 0xdb, 0x94, 0x52, 0xfe,
    0xdc, 0x95, 0x53, 0xff, 0xdb, 0x94, 0x52, 0xfb, 0xdc, 0x94, 0x52, 0xe6, 0xdf, 0x94, 0x50, 0xcd,
    0xe0, 0x95, 0x51, 0xa6, 0xe1, 0x96, 0x53, 0x89, 0xe1, 0x99, 0x55, 0x4e, 0xe2, 0xaa, 0x71, 0x09,
    0x00, 0x00, 0x00, 0x00, 0x00, 0x00, 0x00, 0x00, 0x00, 0x00, 0x00, 0x00, 0xff, 0x7f, 0x7f, 0x02,
    0xff, 0x7f, 0x7f, 0x02, 0xff, 0xff, 0x00, 0x01, 0x00, 0x00, 0x00, 0x00, 0x00, 0x00, 0x00, 0x00,
    0x00, 0x00, 0x00, 0x00, 0x00, 0x00, 0x00, 0x00, 0x00, 0x00, 0x00, 0x00, 0x00, 0x00, 0x00, 0x00,
    0x00, 0x00, 0x00, 0x00, 0x00, 0x00, 0x00, 0x00, 0x00, 0x00, 0x00, 0x00, 0x00, 0x00, 0x00, 0x00,
    0x00, 0x00, 0x00, 0x00, 0x00, 0x00, 0x00, 0x00, 0x00, 0x00, 0x00, 0x00, 0x00, 0x00, 0x00, 0x00,
    0x00, 0x00, 0x00, 0x00, 0x00, 0x00, 0x00, 0x00, 0x00, 0x00, 0x00, 0x00, 0x00, 0x00, 0x00, 0x00,
    0x00, 0x00, 0x00, 0x00, 0x00, 0x00, 0x00, 0x00, 0x00, 0x00, 0x00, 0x00, 0x00, 0x00, 0x00, 0x00,
    0x00, 0x00, 0x00, 0x00, 0x00, 0x00, 0x00, 0x00, 0x00, 0x00, 0x00, 0x00, 0x00, 0x00, 0x00, 0x00,
};

const lv_image_dsc_t img_app_setting = {
    .header.cf = LV_COLOR_FORMAT_ARGB8888,
    .header.magic = LV_IMAGE_HEADER_MAGIC,
    .header.w = 126,
    .header.h = 126,
    .data_size = 63504,
    .data = img_app_setting_map,
};
